report_date,total_assets,current_assets,current_liabilities,total_liabilities,total_equity,long_term_debt,short_term_debt,cash,shares_outstanding,revenue,operating_income,net_income,interest_expense,income_tax,eps_diluted,shares_diluted,operating_cash_flow,capex,depreciation,fcf,total_debt,bf_current_ratio,bf_pe,bf_ps,eps,ebitda,roe,roa,net_margin,operating_margin,roi,roic,fcf_margin,ebitda_margin,debt_equity,current_ratio,revenue_ttm,net_income_ttm,operating_income_ttm,fcf_ttm,ebitda_ttm,interest_expense_ttm,eps_diluted_ttm,eps_ttm,debt_to_ebitda,interest_coverage,bf_beta,bf_52w_high,bf_52w_low,bf_10d_avg_vol,bf_market_cap,bf_pe_ttm,bf_pb_annual,bf_ps_ttm
2010-06-30,5107000000.0,1739200000.0,1440700000.0,5107000000.0,939900000.0,1570000000.0,154300000.0,108100000.0,,1806300000.0,135900000.0,63900000.0,51900000.0,40300000.0,1.74,36.631,333600000.0,111800000.0,114200000.0,221800000.0,1724300000.0,,9.1556,0.4442,1.74,250100000.0,0.06798595595276093,0.012512238104562366,0.03537618335824614,0.0752366716492277,0.026610534560407285,0.05100968395766084,0.12279244865194043,0.1384598350218679,1.8345568677518884,1.2071909488443118,,,,,,,,,,,1.3051703,65.88,33.03,4.8736,4279.5483,42.7955,1.4168,0.3006
2010-09-30,5120100000.0,1768300000.0,1472000000.0,5120100000.0,1073500000.0,1390100000.0,233800000.0,129200000.0,,2873800000.0,352300000.0,186300000.0,81400000.0,116100000.0,5.08,36706000.0,506400000.0,153900000.0,172000000.0,352500000.0,1623900000.0,,8.687,0.4913,5.08,524300000.0,0.1735444806707033,0.036386008085779575,0.06482705825040017,0.12259029855939871,0.0688072498584012,0.13060725142730037,0.12265989282483124,0.1824413668313731,1.512715416860736,1.2012907608695653,,,,,,,,,,,1.3051703,65.88,33.03,4.8736,4279.5483,42.7955,1.4168,0.3006
2010-12-31,5016600000.0,1662000000.0,1424700000.0,,1105400000.0,1313000000.0,221200000.0,89500000.0,,3832300000.0,471600000.0,251100000.0,108300000.0,154800000.0,6.83,36786000.0,553700000.0,183000000.0,230500000.0,370700000.0,1534200000.0,1.1663,8.3131,0.5447,6.83,702100000.0,0.2271575900126651,0.05005382131324004,0.06552201028103227,0.12305925945254807,0.09400789379260854,0.1786634338536142,0.09673042298358688,0.18320590767946143,1.3879138773294735,1.1665613813434408,,,,,,,,,,,1.3051703,65.88,33.03,4.8736,4279.5483,42.7955,1.4168,0.3006
2011-03-31,5111400000.0,1596000000.0,1484400000.0,,1170100000.0,1275200000.0,169800000.0,60200000.0,,965200000.0,133800000.0,74200000.0,23400000.0,46500000.0,2.01,36841000.0,118800000.0,149100000.0,60300000.0,-30300000.0,1445000000.0,,7.1409,0.5759,2.01,194100000.0,0.06341338347149816,0.014516570802519857,0.07687525901367592,0.13862411935350186,0.026176781312360606,0.051164391419066195,-0.03139245752175715,0.20109821798590966,1.2349371848559951,1.0751818916734035,9477600000.0,575500000.0,1093600000.0,914700000.0,1670600000.0,265000000.0,15.66,15.66,0.8649586974739615,4.1267924528301885,1.3051703,65.88,33.03,4.8736,4279.5483,42.7955,1.4168,0.3006
2011-06-30,5233800000.0,1675700000.0,1628000000.0,,1206500000.0,1154900000.0,253900000.0,67000000.0,,2075400000.0,191600000.0,103000000.0,43400000.0,64700000.0,2.8,36775000.0,368700000.0,241100000.0,122000000.0,127600000.0,1408800000.0,,8.4522,0.598,2.8,313600000.0,0.08537090758392044,0.019679773778134433,0.0496289871831936,0.09231955285728052,0.03660820054262677,0.0732611937445035,0.06148212392791751,0.15110340175387876,1.1676750932449234,1.0292997542997544,9746700000.0,614600000.0,1149300000.0,820500000.0,1734100000.0,256500000.0,16.72,16.72,0.8124098956230897,4.480701754385965,1.3051703,65.88,33.03,4.8736,4279.5483,42.7955,1.4168,0.3006
2011-09-30,5260200000.0,1726300000.0,1518300000.0,5260200000.0,1264300000.0,1178800000.0,213600000.0,67500000.0,,3273500000.0,334800000.0,180500000.0,69100000.0,112500000.0,4.91,36725000.0,608800000.0,294500000.0,184200000.0,314300000.0,1392400000.0,,8.2625,0.4789,4.91,519000000.0,0.14276674839832318,0.03431428462796091,0.05513975866809226,0.10227585153505422,0.06364777004676628,0.12602100350058343,0.09601344127081106,0.1585458988849855,1.1013208890295025,1.1369953237173154,10146400000.0,608800000.0,1131800000.0,782300000.0,1728800000.0,244200000.0,16.55,16.55,0.8054141601110597,4.634725634725635,1.3051703,65.88,33.03,4.8736,4279.5483,42.7955,1.4168,0.3006
2011-12-31,5195000000.0,1595500000.0,1509600000.0,5195000000.0,1173200000.0,1099000000.0,207900000.0,102200000.0,,-1996300000.0,-211300000.0,-113200000.0,-48600000.0,-74500000.0,-3.0599999999999987,-73631000.0,-400300000.0,-297300000.0,-119600000.0,-697600000.0,1306900000.0,1.057,10.7453,0.6085,-3.0599999999999987,-330900000.0,-0.09648823729969315,-0.021790182868142445,0.05670490407253419,0.10584581475730101,-0.04067372473532242,-0.08519817749284303,0.34944647598056405,0.16575664980213395,1.113961813842482,1.05690249072602,4317800000.0,244500000.0,448900000.0,-286000000.0,695800000.0,87300000.0,6.660000000000001,6.660000000000001,1.8782696177062375,5.142038946162658,1.3051703,65.88,33.03,4.8736,4279.5483,42.7955,1.4168,0.3006
2012-03-31,5382000000.0,1656900000.0,1673200000.0,5382000000.0,1218000000.0,1036900000.0,210100000.0,48200000.0,,1039300000.0,72400000.0,40800000.0,16600000.0,25800000.0,0.56,72659000.0,183300000.0,98100000.0,63700000.0,85200000.0,1247000000.0,,12.0431,0.5794,0.56,136100000.0,0.033497536945812804,0.00758082497212932,0.039257192340998746,0.069662272683537,0.01345224823485693,0.029371196754563896,0.08197825459443857,0.13095352641200808,1.0238095238095237,0.9902581879034186,4391900000.0,211100000.0,387500000.0,-170500000.0,637800000.0,80500000.0,5.210000000000001,5.210000000000001,1.9551583568516777,4.813664596273292,1.3051703,65.88,33.03,4.8736,4279.5483,42.7955,1.4168,0.3006
2012-06-30,5423600000.0,1698400000.0,1664300000.0,5423600000.0,1283000000.0,957100000.0,183400000.0,35400000.0,,2252500000.0,188200000.0,108300000.0,33800000.0,67400000.0,1.5,72325000.0,455700000.0,254800000.0,129500000.0,200900000.0,1140500000.0,,10.3384,0.575,1.5,317700000.0,0.08441153546375682,0.019968286746810237,0.04807991120976693,0.08355160932297448,0.03470019912972933,0.0776562822364349,0.08918978912319644,0.14104328523862375,0.8889321901792674,1.0204890945142102,4569000000.0,216400000.0,384100000.0,-97200000.0,641900000.0,70900000.0,3.9100000000000015,3.9100000000000015,1.7767565041283688,5.417489421720734,1.3051703,65.88,33.03,4.8736,4279.5483,42.7955,1.4168,0.3006
2012-09-30,5436100000.0,,,,,898900000.0,167200000.0,27500000.0,,3524700000.0,457700000.0,271700000.0,48900000.0,169600000.0,3.77,72059000.0,637300000.0,339700000.0,195400000.0,297600000.0,1066100000.0,,7.3655,0.5415,3.77,653100000.0,,0.04998068468203307,0.07708457457372259,0.12985502312253525,0.08419639079487132,0.429321827220711,0.08443271767810026,0.18529236530768575,,,4820200000.0,307600000.0,507000000.0,-113900000.0,776000000.0,50700000.0,2.7700000000000014,2.7700000000000014,1.373840206185567,10.0,1.3051703,65.88,33.03,4.8736,4279.5483,42.7955,1.4168,0.3006
2012-12-31,5505000000.0,1737000000.0,1501000000.0,5505000000.0,1421000000.0,871000000.0,161000000.0,122000000.0,,-2159500000.0,-186300000.0,-104800000.0,-35300000.0,-64800000.0,-1.4299999999999997,-145259000.0,-523300000.0,-174600000.0,-124600000.0,-697900000.0,1032000000.0,1.1572,9.5906,0.6512,-1.4299999999999997,-310900000.0,-0.07375087966220971,-0.019037238873751135,0.04852975225746701,0.08626996990043992,-0.033841961852861036,-0.07594781899714635,0.32317666126418154,0.14396851122945126,0.7262491203377903,1.1572285143237842,4657000000.0,316000000.0,532000000.0,-114200000.0,796000000.0,64000000.0,4.4,4.4,1.2964824120603016,8.3125,1.3051703,65.88,33.03,4.8736,4279.5483,42.7955,1.4168,0.3006
2013-03-31,5644000000.0,1839000000.0,1598000000.0,5644000000.0,1462000000.0,840000000.0,106000000.0,95000000.0,,1133000000.0,64000000.0,37000000.0,16000000.0,22000000.0,0.51,71414000.0,212000000.0,103000000.0,69000000.0,109000000.0,946000000.0,,14.3856,0.9454,0.51,133000000.0,0.0253077975376197,0.006555634301913536,0.03265666372462489,0.05648720211827008,0.011339475549255847,0.026578073089700997,0.09620476610767872,0.11738746690203,0.6470588235294118,1.1508135168961202,4750700000.0,312200000.0,523600000.0,-90400000.0,792900000.0,63400000.0,4.3500000000000005,4.3500000000000005,1.193088661874133,8.258675078864353,1.3051703,65.88,33.03,4.8736,4279.5483,42.7955,1.4168,0.3006
2013-06-30,5852000000.0,1986000000.0,1756000000.0,,1543000000.0,814000000.0,110000000.0,57000000.0,,1256000000.0,174000000.0,104000000.0,14000000.0,65000000.0,1.0,71159000.0,,,,,924000000.0,,10.6569,0.7752,1.0,174000000.0,0.06740116655865197,0.0177717019822283,0.08280254777070063,0.13853503184713375,0.029733424470266577,0.07053100932306446,,0.13853503184713375,0.5988334413480233,1.1309794988610478,3754200000.0,307900000.0,509400000.0,,649200000.0,43600000.0,3.8500000000000005,3.8500000000000005,1.423290203327172,11.68348623853211,1.3051703,65.88,33.03,4.8736,4279.5483,42.7955,1.4168,0.3006
2013-09-30,5862000000.0,1935000000.0,1650000000.0,,1802000000.0,782000000.0,111000000.0,41000000.0,,1557000000.0,470000000.0,289000000.0,13000000.0,174000000.0,4.0,70692000.0,,,,,893000000.0,,9.1958,0.8589,4.0,470000000.0,0.16037735849056603,0.04930058000682361,0.18561335902376364,0.3018625561978163,0.08017741385192767,0.17439703153988867,,0.3018625561978163,0.4955604883462819,1.1727272727272726,1786500000.0,325200000.0,521700000.0,,466100000.0,7700000.0,4.08,4.08,1.9158978759922762,67.75324675324676,1.3051703,65.88,33.03,4.8736,4279.5483,42.7955,1.4168,0.3006
2013-12-31,5838000000.0,1762000000.0,1580000000.0,5838000000.0,2029000000.0,754000000.0,117000000.0,80000000.0,,1210000000.0,130000000.0,78000000.0,13000000.0,47000000.0,1.6500000000000004,-142326000.0,769000000.0,463000000.0,201000000.0,306000000.0,871000000.0,1.1152,9.9289,0.9783,1.6500000000000004,331000000.0,0.03844258255298177,0.013360739979445015,0.06446280991735537,0.10743801652892562,0.022267899965741692,0.04482758620689655,0.2528925619834711,0.2735537190082645,0.42927550517496305,1.1151898734177215,5156000000.0,508000000.0,838000000.0,,1108000000.0,56000000.0,7.16,7.16,0.7861010830324909,14.964285714285714,1.3051703,65.88,33.03,4.8736,4279.5483,42.7955,1.4168,0.3006
2014-03-31,6061000000.0,1934000000.0,1755000000.0,,2095000000.0,721000000.0,113000000.0,90000000.0,,1222000000.0,141000000.0,94000000.0,12000000.0,58000000.0,1.0,69410618.0,242000000.0,93000000.0,70000000.0,149000000.0,834000000.0,,11.3605,1.2238,1.0,211000000.0,0.04486873508353222,0.01550899191552549,0.07692307692307693,0.11538461538461539,0.023263487873288236,0.04813929668828952,0.12193126022913257,0.17266775777414076,0.39809069212410503,1.101994301994302,5245000000.0,565000000.0,915000000.0,,1186000000.0,52000000.0,7.65,7.65,0.7032040472175379,17.596153846153847,1.3051703,65.88,33.03,4.8736,4279.5483,42.7955,1.4168,0.3006
2014-06-30,6314000000.0,2020000000.0,1864000000.0,,2200000000.0,745000000.0,114000000.0,22000000.0,,2597000000.0,405000000.0,259000000.0,25000000.0,158000000.0,1.0,138775985.0,635000000.0,350000000.0,143000000.0,285000000.0,859000000.0,,10.4131,1.2153,1.0,548000000.0,0.11772727272727272,0.041019955654102,0.09973045822102426,0.15594917212167886,0.06414317389927146,0.13239620791108206,0.10974201001155179,0.21101270696958027,0.39045454545454544,1.0836909871244635,6586000000.0,720000000.0,1146000000.0,,1560000000.0,63000000.0,7.65,7.65,0.5506410256410257,18.19047619047619,1.3051703,65.88,33.03,4.8736,4279.5483,42.7955,1.4168,0.3006
2014-09-30,6236000000.0,1799000000.0,1767000000.0,,2229000000.0,710000000.0,115000000.0,34000000.0,,4062000000.0,720000000.0,457000000.0,36000000.0,276000000.0,3.0,137824776.0,892000000.0,559000000.0,218000000.0,333000000.0,825000000.0,,10.9245,1.1086,3.0,938000000.0,0.20502467474203678,0.0732841565105837,0.11250615460364352,0.17725258493353027,0.11545862732520847,0.2357563850687623,0.08197932053175776,0.23092072870507138,0.37012113055181695,1.018109790605546,9091000000.0,888000000.0,1396000000.0,1073000000.0,2028000000.0,86000000.0,6.65,6.65,0.4068047337278107,16.232558139534884,1.3051703,65.88,33.03,4.8736,4279.5483,42.7955,1.4168,0.3006
2014-12-31,6181000000.0,1756000000.0,1671000000.0,,2127000000.0,686000000.0,117000000.0,107000000.0,,-2513000000.0,-304000000.0,-205000000.0,-25000000.0,-122000000.0,-1.0,-209210379.0,-739000000.0,-308000000.0,-137000000.0,-1047000000.0,803000000.0,0.9808,12.9873,1.4637,-1.0,-441000000.0,-0.09637987776210626,-0.03316615434395729,0.0815758058097891,0.12097095105451651,-0.049182980100307395,-0.1037542662116041,0.416633505769996,0.17548746518105848,0.37752703338034793,1.0508677438659486,5368000000.0,605000000.0,962000000.0,-280000000.0,1256000000.0,48000000.0,4.0,4.0,0.6393312101910829,20.041666666666668,1.3051703,65.88,33.03,4.8736,4279.5483,42.7955,1.4168,0.3006
2015-03-31,6410000000.0,1776000000.0,1880000000.0,,2166000000.0,650000000.0,118000000.0,51000000.0,,1269000000.0,238000000.0,149000000.0,11000000.0,91000000.0,1.0,132230000.0,514000000.0,279000000.0,76000000.0,235000000.0,768000000.0,,13.08,1.5942,1.0,314000000.0,0.06879039704524469,0.023244929797191886,0.11741528762805359,0.1875492513790386,0.03712948517940717,0.08111792774369461,0.18518518518518517,0.24743892828999212,0.3545706371191136,0.9446808510638298,5415000000.0,660000000.0,1059000000.0,-194000000.0,1359000000.0,47000000.0,4.0,4.0,0.565121412803532,22.53191489361702,1.3051703,65.88,33.03,4.8736,4279.5483,42.7955,1.4168,0.3006
2015-06-30,6480000000.0,1654000000.0,1927000000.0,,2219000000.0,629000000.0,116000000.0,45000000.0,,2706000000.0,610000000.0,383000000.0,22000000.0,233000000.0,2.0,131271000.0,889000000.0,559000000.0,155000000.0,330000000.0,745000000.0,,11.397,1.517,2.0,765000000.0,0.1726002703920685,0.059104938271604936,0.14153732446415374,0.2254249815225425,0.0941358024691358,0.2058029689608637,0.12195121951219512,0.2827050997782705,0.33573681838666064,0.8583290088220031,5524000000.0,784000000.0,1264000000.0,-149000000.0,1576000000.0,44000000.0,5.0,5.0,0.4727157360406091,28.727272727272727,1.3051703,65.88,33.03,4.8736,4279.5483,42.7955,1.4168,0.3006
2015-09-30,6564000000.0,1715000000.0,1854000000.0,,2365000000.0,593000000.0,117000000.0,88000000.0,,4221000000.0,1043000000.0,657000000.0,32000000.0,396000000.0,5.0,130200000.0,1229000000.0,668000000.0,236000000.0,561000000.0,710000000.0,,12.5128,1.8225,5.0,1279000000.0,0.27780126849894293,0.10009140767824497,0.15565031982942432,0.2470978441127695,0.158897014015844,0.3391869918699187,0.13290689410092396,0.30300876569533286,0.30021141649048627,0.9250269687162891,5683000000.0,984000000.0,1587000000.0,79000000.0,1917000000.0,40000000.0,7.0,7.0,0.37037037037037035,39.675,1.3051703,65.88,33.03,4.8736,4279.5483,42.7955,1.4168,0.3006
2015-12-31,6533000000.0,1663000000.0,1806000000.0,,2411000000.0,571000000.0,115000000.0,73000000.0,,-2598000000.0,-593000000.0,-341000000.0,-23000000.0,-256000000.0,-2.0,-264329000.0,-1048000000.0,-675000000.0,-147000000.0,-1723000000.0,686000000.0,0.9208,11.9748,1.814,-2.0,-740000000.0,-0.14143508917461634,-0.052196540639828565,0.13125481139337952,0.22825250192455734,-0.090769937241696,-0.19147562156926057,0.6632024634334103,0.2848344880677444,0.28452924097884696,0.9208194905869325,5598000000.0,848000000.0,1298000000.0,-597000000.0,1618000000.0,42000000.0,6.0,6.0,0.42398022249690975,30.904761904761905,1.3051703,65.88,33.03,4.8736,4279.5483,42.7955,1.4168,0.3006
2016-03-31,6829000000.0,1923000000.0,2069000000.0,,2455000000.0,531000000.0,116000000.0,78000000.0,,1347000000.0,290000000.0,184000000.0,13000000.0,108000000.0,1.0,125328000.0,525000000.0,119000000.0,88000000.0,406000000.0,647000000.0,,11.5388,1.7951,1.0,378000000.0,0.07494908350305499,0.026943915653829257,0.13659985152190052,0.21529324424647364,0.0424659540196222,0.09348807221147647,0.3014105419450631,0.2806236080178174,0.26354378818737273,0.929434509424843,5676000000.0,883000000.0,1350000000.0,-426000000.0,1682000000.0,44000000.0,6.0,6.0,0.38466111771700356,30.681818181818183,1.3051703,65.88,33.03,4.8736,4279.5483,42.7955,1.4168,0.3006
2016-06-30,7035000000.0,2003000000.0,2061000000.0,,2627000000.0,509000000.0,117000000.0,81000000.0,,2841000000.0,708000000.0,444000000.0,22000000.0,268000000.0,3.0,124715000.0,899000000.0,340000000.0,180000000.0,559000000.0,626000000.0,,7.9036,1.2532,3.0,888000000.0,0.16901408450704225,0.06311300639658848,0.1562829989440338,0.249208025343189,0.10063965884861407,0.21764525053796496,0.19676170362548398,0.3125659978880676,0.23829463266082984,0.9718583212032994,5811000000.0,944000000.0,1448000000.0,-197000000.0,1805000000.0,44000000.0,7.0,7.0,0.34681440443213296,32.90909090909091,1.3051703,65.88,33.03,4.8736,4279.5483,42.7955,1.4168,0.3006
2016-09-30,8699000000.0,3600000000.0,2123000000.0,,2864000000.0,1861000000.0,275000000.0,1818000000.0,,4407000000.0,1108000000.0,700000000.0,33000000.0,414000000.0,5.0,124393000.0,1206000000.0,509000000.0,281000000.0,697000000.0,2136000000.0,,9.0984,1.4016,5.0,1389000000.0,0.24441340782122906,0.08046901942752041,0.15883821193555706,0.2514181983208532,0.12737096217956087,0.2216,0.15815747674154754,0.3151803948264125,0.7458100558659218,1.6957136128120585,5997000000.0,987000000.0,1513000000.0,-61000000.0,1915000000.0,45000000.0,7.0,7.0,1.1154046997389033,33.62222222222222,1.3051703,65.88,33.03,4.8736,4279.5483,42.7955,1.4168,0.3006
2016-12-31,9962000000.0,2050000000.0,2535000000.0,,2931000000.0,2645000000.0,319000000.0,328000000.0,,-2664000000.0,-757000000.0,-514000000.0,-13000000.0,-259000000.0,-3.0,-250047000.0,-1244000000.0,-290000000.0,-186000000.0,-1534000000.0,2964000000.0,0.8087,13.6109,1.8309,-3.0,-943000000.0,-0.175366769020812,-0.05159606504717928,0.19294294294294295,0.2841591591591592,-0.07598875727765508,-0.12841391009329942,0.5758258258258259,0.35397897897897895,1.0112589559877174,0.8086785009861933,5931000000.0,814000000.0,1349000000.0,128000000.0,1712000000.0,55000000.0,6.0,6.0,1.7313084112149533,24.527272727272727,1.3051703,65.88,33.03,4.8736,4279.5483,42.7955,1.4168,0.3006
2017-03-31,10302000000.0,2213000000.0,2835000000.0,,3014000000.0,2531000000.0,332000000.0,183000000.0,,1749000000.0,166000000.0,99000000.0,25000000.0,53000000.0,0.0,124299000.0,470000000.0,216000000.0,90000000.0,254000000.0,2863000000.0,,16.1576,1.8055,0.0,256000000.0,0.032846715328467155,0.00960978450786255,0.05660377358490566,0.09491137793024586,0.016113376043486703,0.028245703590267145,0.1452258433390509,0.14636935391652373,0.9499004644990047,0.7805996472663139,6333000000.0,729000000.0,1225000000.0,-24000000.0,1590000000.0,67000000.0,5.0,5.0,1.80062893081761,18.28358208955224,1.3051703,65.88,33.03,4.8736,4279.5483,42.7955,1.4168,0.3006
2017-06-30,10720000000.0,2425000000.0,2974000000.0,,3264000000.0,2469000000.0,337000000.0,198000000.0,,3851000000.0,659000000.0,395000000.0,51000000.0,236000000.0,3.0,124374000.0,1084000000.0,512000000.0,180000000.0,572000000.0,2806000000.0,,15.0131,1.6019,3.0,839000000.0,0.1210171568627451,0.03684701492537314,0.10257076084133991,0.17112438327707089,0.061473880597014925,0.1085667215815486,0.14853284861075045,0.2178654894832511,0.8596813725490197,0.8154001344989913,7343000000.0,680000000.0,1176000000.0,-11000000.0,1541000000.0,96000000.0,5.0,5.0,1.8208955223880596,12.25,1.3051703,65.88,33.03,4.8736,4279.5483,42.7955,1.4168,0.3006
2017-09-30,10739000000.0,2214000000.0,2765000000.0,,3491000000.0,2367000000.0,334000000.0,144000000.0,,5971000000.0,1098000000.0,661000000.0,77000000.0,397000000.0,5.0,124341000.0,1357000000.0,841000000.0,275000000.0,516000000.0,2701000000.0,,12.8237,1.2738,5.0,1373000000.0,0.18934402749928386,0.06155135487475556,0.1107017250041869,0.18388879584659187,0.10224415681162119,0.17732558139534885,0.08641768547981912,0.22994473287556524,0.7737038097966199,0.8007233273056058,8907000000.0,641000000.0,1166000000.0,-192000000.0,1525000000.0,140000000.0,5.0,5.0,1.7711475409836066,8.32857142857143,1.3051703,65.88,33.03,4.8736,4279.5483,42.7955,1.4168,0.3006
2017-12-31,10740000000.0,2146000000.0,2700000000.0,,3721000000.0,2262000000.0,307000000.0,194000000.0,,-3638000000.0,-663000000.0,-121000000.0,-50000000.0,-513000000.0,0.0,-249160000.0,-1321000000.0,-543000000.0,-173000000.0,-1864000000.0,2569000000.0,0.8012,9.6142,1.1692,0.0,-836000000.0,-0.03251814028486966,-0.011266294227188082,0.03326003298515668,0.1822429906542056,-0.06173184357541899,-0.10540540540540541,0.5123694337548104,0.2297965915338098,0.6904058048911583,0.7948148148148149,7933000000.0,1034000000.0,1260000000.0,-522000000.0,1632000000.0,103000000.0,8.0,8.0,1.5741421568627452,12.233009708737864,1.3051703,65.88,33.03,4.8736,4279.5483,42.7955,1.4168,0.3006
2018-03-31,10848000000.0,2114000000.0,2992000000.0,,3439000000.0,2062000000.0,387000000.0,177000000.0,,1832000000.0,29000000.0,4000000.0,24000000.0,2000000.0,0.0,123630000.0,306000000.0,235000000.0,94000000.0,71000000.0,2449000000.0,,8.1814,0.8923,0.0,123000000.0,0.0011631288165164292,0.0003687315634218289,0.002183406113537118,0.015829694323144104,0.0026733038348082595,0.004925271739130435,0.03875545851528384,0.06713973799126638,0.7121256179121838,0.7065508021390374,8016000000.0,939000000.0,1123000000.0,-705000000.0,1499000000.0,102000000.0,8.0,8.0,1.6337558372248167,11.009803921568627,1.3051703,65.88,33.03,4.8736,4279.5483,42.7955,1.4168,0.3006
2018-06-30,11055000000.0,2216000000.0,3036000000.0,,3593000000.0,1998000000.0,314000000.0,102000000.0,,3988000000.0,300000000.0,197000000.0,49000000.0,68000000.0,1.0,123953000.0,726000000.0,423000000.0,191000000.0,303000000.0,2312000000.0,,9.7808,0.9379,1.0,491000000.0,0.05482883384358475,0.017819990954319312,0.049398194583751255,0.07522567703109329,0.027137042062415198,0.05080440304826418,0.07597793380140422,0.12311935807422267,0.6434734205399387,0.7299077733860343,8153000000.0,741000000.0,764000000.0,-974000000.0,1151000000.0,100000000.0,6.0,6.0,2.0086880973066896,7.64,1.3051703,65.88,33.03,4.8736,4279.5483,42.7955,1.4168,0.3006
2018-09-30,10893000000.0,2056000000.0,2888000000.0,,3791000000.0,1684000000.0,345000000.0,174000000.0,,6200000000.0,597000000.0,414000000.0,71000000.0,135000000.0,3.0,123804000.0,986000000.0,554000000.0,290000000.0,432000000.0,2029000000.0,,11.4462,1.0248,3.0,887000000.0,0.10920601424426273,0.03800605893693197,0.0667741935483871,0.09629032258064515,0.05480583861195263,0.10257731958762886,0.0696774193548387,0.14306451612903226,0.5352149828541282,0.7119113573407202,8382000000.0,494000000.0,263000000.0,-1058000000.0,665000000.0,94000000.0,4.0,4.0,3.051127819548872,2.797872340425532,1.3051703,65.88,33.03,4.8736,4279.5483,42.7955,1.4168,0.3006
2018-12-31,10912000000.0,1787000000.0,2942000000.0,,3751000000.0,1617000000.0,486000000.0,105000000.0,,-3756000000.0,-283000000.0,-178000000.0,-53000000.0,-57000000.0,-1.0,-247412000.0,-823000000.0,-252000000.0,-177000000.0,-1075000000.0,2103000000.0,0.6074,17.1689,0.9079,-1.0,-460000000.0,-0.047454012263396426,-0.01631231671554252,0.04739084132055378,0.07534611288604899,-0.02593475073313783,-0.04834301332422276,0.2862087326943557,0.12247071352502663,0.5606504932018128,0.6074099252209382,8264000000.0,437000000.0,643000000.0,-269000000.0,1041000000.0,91000000.0,3.0,3.0,2.0201729106628243,7.065934065934066,1.3051703,65.88,33.03,4.8736,4279.5483,42.7955,1.4168,0.3006
2019-03-31,12640000000.0,2001000000.0,3386000000.0,12640000000.0,3746000000.0,1664000000.0,300000000.0,215000000.0,,1876000000.0,25000000.0,4000000.0,22000000.0,2000000.0,0.03,123915000.0,468000000.0,115000000.0,106000000.0,353000000.0,1964000000.0,,16.2139,0.8529,0.03,131000000.0,0.0010678056593699946,0.00031645569620253165,0.0021321961620469083,0.013326226012793176,0.001977848101265823,0.0043782837127845885,0.18816631130063965,0.06982942430703624,0.5242925787506674,0.5909627879503839,8308000000.0,437000000.0,639000000.0,13000000.0,1049000000.0,89000000.0,3.03,3.03,1.8722592945662535,7.179775280898877,1.3051703,65.88,33.03,4.8736,4279.5483,42.7955,1.4168,0.3006
2019-06-30,12951000000.0,2218000000.0,3534000000.0,,3973000000.0,1538000000.0,288000000.0,244000000.0,,4164000000.0,389000000.0,266000000.0,42000000.0,91000000.0,2.0,124179000.0,1033000000.0,333000000.0,211000000.0,700000000.0,1826000000.0,,15.5407,0.9317,2.0,600000000.0,0.06695192549710546,0.02053895452088642,0.06388088376560999,0.09341978866474544,0.030036290633927883,0.06708053112605622,0.16810758885686838,0.1440922190201729,0.4596023156305059,0.6276174306734579,8484000000.0,506000000.0,728000000.0,410000000.0,1158000000.0,82000000.0,4.029999999999999,4.029999999999999,1.5768566493955094,8.878048780487806,1.3051703,65.88,33.03,4.8736,4279.5483,42.7955,1.4168,0.3006
2019-09-30,12983000000.0,2202000000.0,3346000000.0,,4252000000.0,1444000000.0,265000000.0,237000000.0,,6553000000.0,811000000.0,588000000.0,60000000.0,185000000.0,4.0,124051000.0,1381000000.0,527000000.0,317000000.0,854000000.0,1709000000.0,,13.0959,0.9286,4.0,1128000000.0,0.13828786453433678,0.045289994608333974,0.0897298947047154,0.12376010987334045,0.06246630208734499,0.13605099815467203,0.13032198992827712,0.17213490004578055,0.40192850423330195,0.6580992229527795,8837000000.0,680000000.0,942000000.0,832000000.0,1399000000.0,71000000.0,5.029999999999999,5.029999999999999,1.2215868477483918,13.267605633802816,1.3051703,65.88,33.03,4.8736,4279.5483,42.7955,1.4168,0.3006
2019-12-31,12993000000.0,2037000000.0,3201000000.0,,4331000000.0,1264000000.0,235000000.0,221000000.0,,-3812000000.0,-162000000.0,-89000000.0,-46000000.0,-31000000.0,-0.02999999999999936,-247856000.0,-1160000000.0,-279000000.0,-211000000.0,-1439000000.0,1499000000.0,0.6364,10.8518,0.9503,-0.02999999999999936,-373000000.0,-0.020549526668205958,-0.006849842222735319,0.02334732423924449,0.04249737670514166,-0.012468252135765412,-0.027787307032590053,0.377492130115425,0.0978488982161595,0.34610944354652506,0.6363636363636364,8781000000.0,769000000.0,1063000000.0,468000000.0,1486000000.0,78000000.0,6.0,6.0,1.0087483176312249,13.628205128205128,1.3051703,65.88,33.03,4.8736,4279.5483,42.7955,1.4168,0.3006
2020-03-31,13363000000.0,2572000000.0,3730000000.0,,4015000000.0,,,811000000.0,,1636000000.0,-321000000.0,-232000000.0,,-85000000.0,-1.0,124123000.0,33000000.0,119000000.0,108000000.0,-86000000.0,0.0,,6.5478,0.4086,-1.0,-213000000.0,-0.057783312577833125,-0.017361370949637057,-0.14180929095354522,-0.19621026894865526,-0.0240215520466961,-0.07995018679950187,-0.05256723716381418,-0.1301955990220049,0.0,0.689544235924933,8541000000.0,533000000.0,717000000.0,29000000.0,1142000000.0,,4.97,4.97,0.0,,1.3051703,65.88,33.03,4.8736,4279.5483,42.7955,1.4168,0.3006
2020-06-30,13998000000.0,3244000000.0,4120000000.0,,3861000000.0,,,1509000000.0,,2057000000.0,-609000000.0,-446000000.0,,-162000000.0,-3.0,123685000.0,321000000.0,168000000.0,215000000.0,153000000.0,0.0,,77.9816,0.666,-3.0,-394000000.0,-0.11551411551411551,-0.03186169452778968,-0.21682061254253768,-0.29606222654350994,-0.04350621517359623,-0.15773115773115773,0.0743801652892562,-0.191541079241614,0.0,0.7873786407766991,6434000000.0,-179000000.0,-281000000.0,-518000000.0,148000000.0,,-0.03000000000000025,-0.03000000000000025,0.0,,1.3051703,65.88,33.03,4.8736,4279.5483,42.7955,1.4168,0.3006
2020-09-30,14749000000.0,4465000000.0,4207000000.0,,3454000000.0,,,1855000000.0,,2758000000.0,-1180000000.0,-877000000.0,,-320000000.0,-7.0,123255000.0,116000000.0,204000000.0,320000000.0,-88000000.0,0.0,,,0.9083,-7.0,-860000000.0,-0.2539085118702953,-0.05946165841751983,-0.31798404641044237,-0.4278462654097172,-0.08000542409654891,-0.34163288940359005,-0.03190717911530094,-0.3118201595358956,0.0,1.0613263608271928,2639000000.0,-1644000000.0,-2272000000.0,-1460000000.0,-1840000000.0,,-11.030000000000001,-11.030000000000001,-0.0,,1.3051703,65.88,33.03,4.8736,4279.5483,42.7955,1.4168,0.3006
2020-12-31,14046000000.0,4006000000.0,4293000000.0,14046000000.0,2988000000.0,2357000000.0,1138000000.0,1370000000.0,,-2885000000.0,335000000.0,231000000.0,98000000.0,51000000.0,0.27999999999999936,-247613000.0,-704000000.0,-285000000.0,-223000000.0,-989000000.0,3495000000.0,0.9331,,1.8033,0.27999999999999936,112000000.0,0.07730923694779117,0.01644596326356258,-0.08006932409012131,-0.11611785095320624,0.02385020646447387,0.05167360789757828,0.34280762564991335,-0.038821490467937605,1.1696787148594376,0.9331469834614489,3566000000.0,-1324000000.0,-1775000000.0,-1010000000.0,-1355000000.0,,-10.720000000000002,-10.720000000000002,-2.5793357933579335,,1.3051703,65.88,33.03,4.8736,4279.5483,42.7955,1.4168,0.3006
2021-03-31,14262000000.0,4284000000.0,4762000000.0,14262000000.0,2875000000.0,2325000000.0,1246000000.0,1076000000.0,,797000000.0,-161000000.0,-131000000.0,,-42000000.0,-1.05,124299000.0,167000000.0,27000000.0,97000000.0,140000000.0,3571000000.0,,,3.1569,-1.05,-64000000.0,-0.04556521739130435,-0.009185247510868041,-0.164366373902133,-0.20200752823086573,-0.011288739307250035,-0.02497672975488675,0.17565872020075282,-0.08030112923462986,1.2420869565217392,0.8996220075598488,2727000000.0,-1223000000.0,-1615000000.0,-784000000.0,-1206000000.0,,-10.770000000000001,-10.770000000000001,-2.961028192371476,,1.3051703,65.88,33.03,4.8736,4279.5483,42.7955,1.4168,0.3006
2021-06-30,14656000000.0,4771000000.0,4846000000.0,,3324000000.0,2319000000.0,869000000.0,1025000000.0,,2324000000.0,388000000.0,266000000.0,,89000000.0,2.1,126388000.0,1007000000.0,102000000.0,195000000.0,905000000.0,3188000000.0,,,2.1175,2.1,583000000.0,0.08002406738868832,0.018149563318777293,0.1144578313253012,0.16695352839931152,0.026473799126637554,0.05958230958230958,0.38941480206540446,0.2508605851979346,0.9590854392298436,0.9845233182005778,2994000000.0,-511000000.0,-618000000.0,-32000000.0,-229000000.0,,-5.670000000000002,-5.670000000000002,-13.921397379912664,,1.3051703,65.88,33.03,4.8736,4279.5483,42.7955,1.4168,0.3006
2021-09-30,13882000000.0,4001000000.0,4024000000.0,,3531000000.0,2225000000.0,425000000.0,495000000.0,,4277000000.0,646000000.0,460000000.0,,140000000.0,3.64,126325000.0,901000000.0,190000000.0,294000000.0,711000000.0,2650000000.0,,564.8377,1.444,3.64,940000000.0,0.13027470971396204,0.03313643567209336,0.10755202244563947,0.15104044891278934,0.04653508140037459,0.10451383271315322,0.1662380173018471,0.21978021978021978,0.7504956103086944,0.9942842942345924,4513000000.0,826000000.0,1208000000.0,767000000.0,1571000000.0,,4.969999999999999,4.969999999999999,1.6868236791852322,,1.3051703,65.88,33.03,4.8736,4279.5483,42.7955,1.4168,0.3006
2021-12-31,13951000000.0,3920000000.0,3991000000.0,,3801000000.0,2173000000.0,366000000.0,470000000.0,,-1222000000.0,-188000000.0,-117000000.0,128000000.0,-36000000.0,-0.9200000000000004,-250237000.0,-1045000000.0,-27000000.0,-192000000.0,-1072000000.0,2539000000.0,0.9822,13.6583,1.0571,-0.9200000000000004,-380000000.0,-0.030781373322809787,-0.008386495591713856,0.09574468085106383,0.15384615384615385,-0.01347573650634363,-0.02965299684542587,0.8772504091653028,0.3109656301145663,0.6679821099710602,0.9822099724379855,6176000000.0,478000000.0,685000000.0,684000000.0,1079000000.0,,3.7699999999999987,3.7699999999999987,2.3531047265987026,,1.3051703,65.88,33.03,4.8736,4279.5483,42.7955,1.4168,0.3006
2022-03-31,14210000000.0,3974000000.0,4570000000.0,,3637000000.0,2078000000.0,292000000.0,628000000.0,,1681000000.0,-202000000.0,-143000000.0,,-63000000.0,-1.14,125984000.0,287000000.0,288000000.0,102000000.0,-1000000.0,2370000000.0,,15.6742,1.0346,-1.14,-100000000.0,-0.039318119329117406,-0.010063335679099226,-0.08506841165972635,-0.12016656751933373,-0.014215341308937368,-0.03362743465956384,-0.000594883997620464,-0.0594883997620464,0.6516359637063514,0.8695842450765864,7060000000.0,466000000.0,644000000.0,543000000.0,1043000000.0,,3.679999999999999,3.679999999999999,2.2722914669223395,,1.3051703,65.88,33.03,4.8736,4279.5483,42.7955,1.4168,0.3006
2022-06-30,14800000000.0,4232000000.0,4902000000.0,,3799000000.0,1961000000.0,342000000.0,778000000.0,,4339000000.0,-15000000.0,-4000000.0,,-17000000.0,-0.03,126265000.0,1235000000.0,632000000.0,206000000.0,603000000.0,2303000000.0,,24.4073,0.6198,-0.03,191000000.0,-0.0010529086601737299,-0.0002702702702702703,-0.0009218713989398478,-0.0034570177460244295,-0.0010135135135135136,-0.0024582104228121925,0.13897211339018206,0.04401935929937774,0.606212161095025,0.8633210934312525,9075000000.0,196000000.0,241000000.0,241000000.0,651000000.0,,1.549999999999999,1.549999999999999,3.5376344086021505,,1.3051703,65.88,33.03,4.8736,4279.5483,42.7955,1.4168,0.3006
2022-09-30,14531000000.0,3810000000.0,4709000000.0,,3826000000.0,1889000000.0,321000000.0,688000000.0,,7167000000.0,47000000.0,36000000.0,,8000000.0,0.0,128087000.0,1409000000.0,947000000.0,310000000.0,462000000.0,2210000000.0,,91.9547,0.5477,0.0,357000000.0,0.009409304756926294,0.002477461977840479,0.0050230221850146506,0.0065578345193246824,0.003234464248847292,0.007786613651424784,0.06446211804102135,0.04981163666806195,0.5776267642446419,0.8090889785517095,11965000000.0,-228000000.0,-358000000.0,-8000000.0,68000000.0,,-2.090000000000001,-2.090000000000001,32.5,,1.3051703,65.88,33.03,4.8736,4279.5483,42.7955,1.4168,0.3006
2022-12-31,14186000000.0,3040000000.0,4493000000.0,,3816000000.0,1883000000.0,276000000.0,338000000.0,,-3541000000.0,240000000.0,169000000.0,108000000.0,93000000.0,1.17,-252437000.0,-1513000000.0,-196000000.0,-203000000.0,-1709000000.0,2159000000.0,0.6766,93.9038,0.5646,1.17,37000000.0,0.04428721174004193,0.01191315381361906,-0.047726630895227336,-0.06777746399322225,0.01691808825602707,0.0401673640167364,0.4826320248517368,-0.010449025698955098,0.5657756813417191,0.6766080569775206,9646000000.0,58000000.0,70000000.0,-645000000.0,485000000.0,,-8.881784197001252e-16,-8.881784197001252e-16,4.4515463917525775,,1.3051703,65.88,33.03,4.8736,4279.5483,42.7955,1.4168,0.3006
2023-06-30,14829000000.0,3244000000.0,5176000000.0,,3951000000.0,1889000000.0,572000000.0,536000000.0,,5034000000.0,151000000.0,98000000.0,,28000000.0,0.0,128860000.0,832000000.0,634000000.0,217000000.0,198000000.0,2461000000.0,,42.3274,0.6549,0.0,368000000.0,0.024803847127309542,0.006608672196371974,0.019467620182757252,0.029996027016289232,0.010182750016858857,0.0235495945102932,0.03933253873659118,0.07310290027810885,0.6228802834725385,0.6267387944358578,12999000000.0,299000000.0,423000000.0,-446000000.0,953000000.0,,1.139999999999999,1.139999999999999,2.582371458551941,,1.3051703,65.88,33.03,4.8736,4279.5483,42.7955,1.4168,0.3006
2023-09-30,15165000000.0,3644000000.0,5074000000.0,,4093000000.0,2128000000.0,736000000.0,647000000.0,,7873000000.0,362000000.0,237000000.0,,82000000.0,1.0,129085000.0,1103000000.0,991000000.0,330000000.0,112000000.0,2864000000.0,,18.0766,0.4523,1.0,692000000.0,0.05790373808942096,0.01562809099901088,0.03010288327194208,0.04597993141115204,0.02387075502802506,0.05203392266781659,0.014225835132732123,0.08789533849866633,0.6997312484730027,0.7181710681907765,16533000000.0,540000000.0,800000000.0,-937000000.0,1454000000.0,,2.169999999999999,2.169999999999999,1.969738651994498,,1.3051703,65.88,33.03,4.8736,4279.5483,42.7955,1.4168,0.3006
2023-12-31,14613000000.0,2705000000.0,4459000000.0,,4113000000.0,2182000000.0,353000000.0,281000000.0,126090353.0,10426000000.0,394000000.0,235000000.0,121000000.0,88000000.0,1.83,128708000.0,1050000000.0,1494000000.0,451000000.0,-444000000.0,2535000000.0,0.6066,21.2895,0.4799,1.83,845000000.0,0.05713591052759543,0.01608157120372271,0.022539804335315557,0.03779014003452906,0.026962293847943613,0.059265944645006015,-0.0425858430845962,0.08104738154613467,0.6163384390955506,0.6066382596994842,19792000000.0,739000000.0,1147000000.0,-1843000000.0,1942000000.0,,3.999999999999999,3.999999999999999,1.3053553038105046,,1.3051703,65.88,33.03,4.8736,4279.5483,42.7955,1.4168,0.3006
2024-03-31,14813000000.0,3129000000.0,4829000000.0,,3977000000.0,2264000000.0,301000000.0,885000000.0,,2232000000.0,-166000000.0,-132000000.0,,-46000000.0,-1.05,125970000.0,292000000.0,57000000.0,126000000.0,235000000.0,2565000000.0,,22.0986,0.5175,-1.05,-40000000.0,-0.03319084737239125,-0.008911091608722069,-0.05913978494623656,-0.07437275985663082,-0.011206372780665632,-0.025374503210027516,0.10528673835125447,-0.017921146953405017,0.6449585114407845,0.6479602402153655,25565000000.0,438000000.0,741000000.0,101000000.0,1865000000.0,,1.7799999999999991,1.7799999999999991,1.3753351206434317,,1.3051703,65.88,33.03,4.8736,4279.5483,42.7955,1.4168,0.3006
2024-06-30,15342000000.0,3376000000.0,4968000000.0,,4226000000.0,2313000000.0,359000000.0,1115000000.0,,5129000000.0,156000000.0,88000000.0,,50000000.0,0.69,127857000.0,872000000.0,,254000000.0,,2672000000.0,,22.6093,0.4835,0.69,410000000.0,0.02082347373402745,0.005735888410898188,0.01715734061220511,0.030415285630727238,0.010168165819319515,0.02261525079733256,,0.07993760967050108,0.6322763842877426,0.679549114331723,25660000000.0,428000000.0,746000000.0,,1907000000.0,,2.469999999999999,2.469999999999999,1.4011536444677504,,1.3051703,65.88,33.03,4.8736,4279.5483,42.7955,1.4168,0.3006
2024-09-30,19559000000.0,3737000000.0,6248000000.0,,4479000000.0,4159000000.0,523000000.0,1015000000.0,,8201000000.0,497000000.0,324000000.0,,142000000.0,2.52,128347000.0,1190000000.0,,393000000.0,,4682000000.0,,17.7085,0.5302,2.52,890000000.0,0.072337575351641,0.01656526407280536,0.03950737714912816,0.06060236556517498,0.02541029704995143,0.05425171924462395,,0.10852335081087672,1.0453226166555034,0.5981113956466069,25988000000.0,515000000.0,881000000.0,,2105000000.0,,3.9899999999999993,3.9899999999999993,2.224228028503563,,1.3051703,65.88,33.03,4.8736,4279.5483,42.7955,1.4168,0.3006
2024-12-31,19768000000.0,3760000000.0,6145000000.0,,4372000000.0,4491000000.0,,1201000000.0,,-3827000000.0,83000000.0,115000000.0,,4000000.0,0.9199999999999999,-253802000.0,-890000000.0,,-190000000.0,,4491000000.0,0.6119,20.8093,0.7004,0.9199999999999999,-107000000.0,0.026303751143641353,0.005817482800485633,-0.030049647243271492,-0.021688006271230728,0.004198704977741805,0.009364774906916394,,0.027959237000261303,1.0272186642268983,0.611879576891782,11735000000.0,395000000.0,570000000.0,,1153000000.0,,3.079999999999999,3.079999999999999,3.8950563746747613,,1.3051703,65.88,33.03,4.8736,4279.5483,42.7955,1.4168,0.3006
2025-03-31,19818000000.0,3721000000.0,6700000000.0,,4137000000.0,4290000000.0,,1044000000.0,,3137000000.0,-197000000.0,-166000000.0,,-67000000.0,-1.35,123134000.0,459000000.0,,194000000.0,,4290000000.0,,16.7545,0.4785,-1.35,-3000000.0,-0.04012569494802997,-0.00837622363507922,-0.05291679948995856,-0.06279885240675805,-0.009940458169341002,-0.023377239824374035,,-0.000956327701625757,1.0369833212472805,0.5553731343283582,12640000000.0,361000000.0,539000000.0,,1190000000.0,,2.779999999999999,2.779999999999999,3.6050420168067228,,1.3051703,65.88,33.03,4.8736,4279.5483,42.7955,1.4168,0.3006
2025-06-30,19885000000.0,3507000000.0,6709000000.0,,3942000000.0,4448000000.0,,750000000.0,,6841000000.0,80000000.0,6000000.0,,-1000000.0,0.05,123183000.0,835000000.0,,393000000.0,,4448000000.0,,18.2232,0.4242,0.05,473000000.0,0.0015220700152207,0.00030173497611264775,0.00087706475661453,0.0116941967548604,0.004023133014835303,0.009535160905840286,,0.06914193831311212,1.128361237950279,0.5227306603070502,14352000000.0,279000000.0,463000000.0,,1253000000.0,,2.139999999999999,2.139999999999999,3.549880287310455,,1.3051703,65.88,33.03,4.8736,4279.5483,42.7955,1.4168,0.3006
2025-09-30,20012000000.0,3466000000.0,6659000000.0,,4029000000.0,4490000000.0,,778000000.0,,10607000000.0,228000000.0,79000000.0,,37000000.0,0.65,121193000.0,1064000000.0,,596000000.0,,4490000000.0,,38.2418,0.4056,0.65,824000000.0,0.0196078431372549,0.0039476314211473115,0.007447911756387291,0.02149523899311775,0.011393164101539077,0.026763704660171382,,0.0776845479400396,1.1144204517249938,0.5204985733593632,16758000000.0,34000000.0,194000000.0,,1187000000.0,,0.26999999999999946,0.26999999999999946,3.7826453243470937,,1.3051703,65.88,33.03,4.8736,4279.5483,42.7955,1.4168,0.3006
2025-12-31,20361000000.0,3266000000.0,6589000000.0,,4118000000.0,,,627000000.0,,-6346000000.0,192000000.0,181000000.0,,77000000.0,1.48,-247584000.0,-1109000000.0,,-388000000.0,,0.0,0.4957,58.3423,0.4097,1.48,-196000000.0,0.043953375424963574,0.00888954373557291,-0.028521903561298457,-0.030255278915852505,0.009429792249889494,0.04662457503642545,,0.030885597226599434,0.0,0.4956746091971468,14239000000.0,100000000.0,303000000.0,,1098000000.0,,0.8299999999999995,0.8299999999999995,0.0,,1.3051703,65.88,33.03,4.8736,4279.5483,42.7955,1.4168,0.3006
