report_date,total_assets,current_assets,current_liabilities,total_liabilities,total_equity,long_term_debt,short_term_debt,cash,revenue,gross_profit,operating_income,net_income,interest_expense,income_tax,eps_diluted,shares_diluted,operating_cash_flow,capex,depreciation,fcf,total_debt,bf_current_ratio,bf_pe,bf_ps,eps,ebitda,roe,roa,net_margin,gross_margin,operating_margin,roi,roic,fcf_margin,ebitda_margin,debt_equity,current_ratio,revenue_ttm,net_income_ttm,operating_income_ttm,gross_profit_ttm,fcf_ttm,ebitda_ttm,eps_diluted_ttm,eps_ttm,debt_to_ebitda,bf_beta,bf_52w_high,bf_52w_low,bf_10d_avg_vol,bf_market_cap,bf_pe_ttm,bf_pb_annual,bf_ps_ttm
2010-03-31,18690178000.0,8277438000.0,3587011000.0,4565069000.0,14125109000.0,,,3593003000.0,,1589502000.0,488609000.0,397653000.0,,97002000.0,0.0,1326021000.0,418262000.0,152256000.0,188022000.0,266006000.0,0.0,,14.4888,3.9541,0.0,676631000.0,0.02815220753340735,0.021276041351773106,,,,0.026142554661598195,0.034591520674282936,,,0.0,2.307614334051387,,,,,,,,,,1.4124563,101.15,58.71,4.64922,41112.96,20.2427,8.5307,3.7039
2010-06-30,18747584000.0,8675313000.0,3564261000.0,4578293000.0,14169291000.0,,,4037442000.0,,,,809845000.0,,,,,1144641000.0,359457000.0,375839000.0,785184000.0,0.0,,10.1928,2.8414,,,0.057154941626931084,0.04319729944935838,,,,,,,,0.0,2.4339724279450916,,,,,,,,,,1.4124563,101.15,58.71,4.64922,41112.96,20.2427,8.5307,3.7039
2010-09-30,19948062000.0,9454528000.0,3808909000.0,4914110000.0,15033952000.0,,,4180907000.0,6660924000.0,4798730000.0,1463350000.0,1241774000.0,,269268000.0,0.0,1324509000.0,1891755000.0,526445000.0,570177000.0,1365310000.0,0.0,,12.3298,3.5449,0.0,2033527000.0,0.08259797556889899,0.062250357954572226,0.18642668794899928,0.7204300784695937,0.21969174246696105,0.07335800339902693,0.0973363490850576,0.20497306379715488,0.3052920285533959,0.0,2.4822141983439354,,,,,,,,,,1.4124563,101.15,58.71,4.64922,41112.96,20.2427,8.5307,3.7039
2010-12-31,22003762000.0,11065338000.0,4516514000.0,6701583000.0,15302179000.0,1494227000.0,300000000.0,5577411000.0,2495350000.0,203375000.0,101612000.0,-648311000.0,,-68784000.0,1.0,-1323113000.0,-708898000.0,-314246000.0,-371573000.0,-1023144000.0,1794227000.0,2.45,20.1465,3.9626,1.0,-269961000.0,-0.042367234104371675,-0.02946364353513731,-0.259807642214519,0.08150159296291101,0.04072054020478089,0.00461793760539675,0.005943471393929227,-0.4100202376420142,-0.10818562526298917,0.11725303958344756,2.449973143003653,,1800961000.0,,,1393356000.0,,,,,1.4124563,101.15,58.71,4.64922,41112.96,20.2427,8.5307,3.7039
2011-03-31,23004860000.0,11514828000.0,4763549000.0,7060447000.0,15944413000.0,1494482000.0,300000000.0,5464582000.0,2545609000.0,1816631000.0,564654000.0,475865000.0,,92481000.0,0.0,1320151000.0,699610000.0,148568000.0,193089000.0,551042000.0,1794482000.0,,21.4331,4.237,0.0,757743000.0,0.029845250496208297,0.020685411691268713,0.18693562129926472,0.7136331620449173,0.2218148977317412,0.024544987450477857,0.03183140776243391,0.2164676507664767,0.29766668801060964,0.11254613136275383,2.4172792176589346,,1879173000.0,,,1678392000.0,,,,,1.4124563,101.15,58.71,4.64922,41112.96,20.2427,8.5307,3.7039
2011-06-30,24833954000.0,9861092000.0,6143272000.0,8624072000.0,16209882000.0,1530211000.0,1015484000.0,3265826000.0,5305883000.0,3803443000.0,1083553000.0,759272000.0,,100048000.0,0.0,1317318000.0,1482346000.0,388351000.0,400684000.0,1093995000.0,2545695000.0,,23.9317,4.1671,0.0,1484237000.0,0.046840069532893575,0.0305739472659086,0.14310002689467521,0.7168350677917323,0.20421728108214976,0.04363191620633589,0.05777230953758447,0.20618528527673904,0.2797342120058056,0.15704586868676773,1.6051856404860472,17007766000.0,1828600000.0,3213169000.0,10622179000.0,1987203000.0,4005546000.0,1.0,1.0,0.6355425702263812,1.4124563,101.15,58.71,4.64922,41112.96,20.2427,8.5307,3.7039
2011-09-30,24900537000.0,9762345000.0,6145152000.0,8735211000.0,16165326000.0,1528158000.0,1015830000.0,2998950000.0,8271644000.0,5845892000.0,1620374000.0,1249775000.0,,225070000.0,0.0,1311173000.0,2291414000.0,671851000.0,667400000.0,1619563000.0,2543988000.0,,21.0127,3.5298,0.0,2287774000.0,0.07731208142662882,0.05019068464266453,0.15109148797989855,0.7067388296691686,0.1958950361016504,0.06507385764411426,0.08660787883510855,0.19579699029600403,0.2765803267161885,0.15737313308744902,1.5886254725676436,18618486000.0,1836601000.0,3370193000.0,11669341000.0,2241456000.0,4259793000.0,1.0,1.0,0.597209301015331,1.4124563,101.15,58.71,4.64922,41112.96,20.2427,8.5307,3.7039
2011-12-31,27320218000.0,12661454000.0,6734204000.0,9390339000.0,17929879000.0,1525047000.0,564601000.0,4691101000.0,-4471482000.0,-3274496000.0,-895092000.0,744475000.0,,263060000.0,2.0,-2635692000.0,-1199696000.0,-245272000.0,-321220000.0,-1444968000.0,2089648000.0,1.8802,12.5291,3.4723,2.0,-1216312000.0,0.041521473736660465,0.027249965574945266,-0.16649401697244895,0.7323066491154386,0.20017792758642436,-0.03276298893369006,-0.04471094646741654,0.3231519214434946,0.27201540786701145,0.11654557177993226,1.8801708412753757,11651654000.0,3229387000.0,2373489000.0,8191470000.0,1819632000.0,3313442000.0,2.0,2.0,0.6306577872798136,1.4124563,101.15,58.71,4.64922,41112.96,20.2427,8.5307,3.7039
2012-03-31,28207000000.0,13089000000.0,6965000000.0,9498000000.0,18709000000.0,,564000000.0,4164000000.0,3277000000.0,2294000000.0,653000000.0,570000000.0,,114000000.0,0.0,1308000000.0,531000000.0,242000000.0,281000000.0,289000000.0,564000000.0,,14.2044,3.812,0.0,934000000.0,0.030466620343150355,0.02020774984932818,0.1739395788831248,0.7000305157155935,0.19926762282575528,0.02315028184493211,0.03388159601515073,0.08819041806530363,0.28501678364357647,0.03014591907638035,1.8792534099066762,12383045000.0,3323522000.0,2461835000.0,8668839000.0,1557590000.0,3489699000.0,2.0,2.0,0.16161852354601355,1.4124563,101.15,58.71,4.64922,41112.96,20.2427,8.5307,3.7039
2012-06-30,28258000000.0,13278000000.0,6800000000.0,9346000000.0,18912000000.0,,564000000.0,4038000000.0,6675000000.0,4705000000.0,1348000000.0,1262000000.0,,273000000.0,0.0,1309000000.0,1299000000.0,599000000.0,571000000.0,700000000.0,564000000.0,,14.2629,4.0882,0.0,1919000000.0,0.06673011844331642,0.04465991931488428,0.18906367041198502,0.7048689138576779,0.20194756554307117,0.04770330525868781,0.06921339084000822,0.10486891385767791,0.28749063670411984,0.02982233502538071,1.9526470588235294,13752162000.0,3826250000.0,2726282000.0,9570396000.0,1163595000.0,3924462000.0,2.0,2.0,0.14371396639845155,1.4124563,101.15,58.71,4.64922,41112.96,20.2427,8.5307,3.7039
2012-09-30,32502000000.0,17410000000.0,7061000000.0,12589000000.0,19913000000.0,,12000000.0,7331000000.0,10079000000.0,7087000000.0,2015000000.0,1859000000.0,,348000000.0,1.0,1311000000.0,2453000000.0,961000000.0,882000000.0,1492000000.0,12000000.0,,16.1914,4.6179,1.0,2897000000.0,0.09335609903078392,0.05719648021660206,0.1844429010814565,0.7031451532890167,0.19992062704633395,0.06199618485016307,0.10112923462986198,0.14803055858716144,0.2874293084631412,0.0006026214031035002,2.465656422603031,15559518000.0,4435475000.0,3120908000.0,10811504000.0,1036032000.0,4533688000.0,3.0,3.0,0.0026468517463045537,1.4124563,101.15,58.71,4.64922,41112.96,20.2427,8.5307,3.7039
2012-12-31,37074000000.0,21398000000.0,10924000000.0,16209000000.0,20865000000.0,4106000000.0,413000000.0,6817000000.0,-5959000000.0,-4230000000.0,-1128000000.0,-1082000000.0,,-260000000.0,0.0,-2615000000.0,-445000000.0,-545000000.0,-534000000.0,-990000000.0,4519000000.0,1.9588,25.2933,4.6898,0.0,-1662000000.0,-0.05185717709082195,-0.029184873496250742,0.18157408961235105,0.7098506460815573,0.18929350562174863,-0.03042563521605438,-0.04443744090765837,0.16613525759355596,0.2789058566873637,0.21658279415288761,1.9588062980593188,14072000000.0,2609000000.0,2888000000.0,9856000000.0,1491000000.0,4088000000.0,1.0,1.0,1.1054305283757337,1.4124563,101.15,58.71,4.64922,41112.96,20.2427,8.5307,3.7039
2013-03-31,38000000000.0,22336000000.0,11720000000.0,16888000000.0,21112000000.0,,411000000.0,6530000000.0,3748000000.0,2596000000.0,800000000.0,677000000.0,,132000000.0,0.0,1319000000.0,937000000.0,299000000.0,329000000.0,638000000.0,411000000.0,,26.5664,4.9618,0.0,1129000000.0,0.03206707086017431,0.017815789473684212,0.18062966915688367,0.6926360725720384,0.21344717182497333,0.021052631578947368,0.03716953956232867,0.17022411953041622,0.3012273212379936,0.019467601364153087,1.90580204778157,14543000000.0,2716000000.0,3035000000.0,10158000000.0,1840000000.0,4283000000.0,1.0,1.0,0.0959607751575998,1.4124563,101.15,58.71,4.64922,41112.96,20.2427,8.5307,3.7039
2013-06-30,38550000000.0,23446000000.0,11670000000.0,16899000000.0,21651000000.0,,410000000.0,6855000000.0,7625000000.0,5262000000.0,1550000000.0,1317000000.0,,248000000.0,1.0,1316000000.0,1948000000.0,652000000.0,676000000.0,1296000000.0,410000000.0,,25.7731,4.5709,1.0,2226000000.0,0.06082859914091728,0.03416342412451362,0.17272131147540984,0.6900983606557377,0.20327868852459016,0.040207522697795074,0.07025973437287521,0.1699672131147541,0.2919344262295082,0.01893676966421874,2.009083119108826,15493000000.0,2771000000.0,3237000000.0,10715000000.0,2436000000.0,4590000000.0,2.0,2.0,0.08932461873638345,1.4124563,101.15,58.71,4.64922,41112.96,20.2427,8.5307,3.7039
2013-09-30,40067000000.0,23476000000.0,12028000000.0,17300000000.0,22767000000.0,,408000000.0,5280000000.0,11517000000.0,7930000000.0,2349000000.0,2006000000.0,,432000000.0,1.0,1314000000.0,3282000000.0,969000000.0,1033000000.0,2313000000.0,408000000.0,,26.2077,4.6572,1.0,3382000000.0,0.08810998374840778,0.05006613921681184,0.1741773031171312,0.6885473647651298,0.20395936441781715,0.05862680010981606,0.10135922330097087,0.20083355040375098,0.29365286098810456,0.01792067466069311,1.9517791819088792,16931000000.0,2918000000.0,3571000000.0,11558000000.0,3257000000.0,5075000000.0,2.0,2.0,0.08039408866995074,1.4124563,101.15,58.71,4.64922,41112.96,20.2427,8.5307,3.7039
2013-12-31,41488000000.0,23283000000.0,12639000000.0,17841000000.0,23647000000.0,4117000000.0,6000000.0,4494000000.0,-6843000000.0,-4777000000.0,-1328000000.0,-1144000000.0,,-202000000.0,0.0,-2636000000.0,-1172000000.0,-670000000.0,-638000000.0,-1842000000.0,4123000000.0,1.8422,24.8698,8.6022,0.0,-1966000000.0,-0.04837822979659153,-0.02757423833397609,0.16717813824346048,0.6980856349554289,0.19406692970919187,-0.03200925568839182,-0.04782138998919697,0.26918018412976763,0.28730089142189097,0.17435615511481373,1.8421552338001423,16047000000.0,2856000000.0,3371000000.0,11011000000.0,2405000000.0,4771000000.0,2.0,2.0,0.8641794173129324,1.4124563,101.15,58.71,4.64922,41112.96,20.2427,8.5307,3.7039
2014-03-31,40545000000.0,22359000000.0,15741000000.0,20936000000.0,19609000000.0,,4000000.0,4415000000.0,4262000000.0,2911000000.0,878000000.0,-2326000000.0,,3199000000.0,-1.0,1276000000.0,1174000000.0,206000000.0,382000000.0,968000000.0,4000000.0,,,8.4078,-1.0,1260000000.0,-0.11861900147891274,-0.057368356147490446,-0.5457531675269827,0.6830126701079305,0.2060065696855936,0.021654951288691576,0.04476622648243512,0.22712341623650867,0.29563585171281087,0.0002039879647100821,1.4204307223175148,16561000000.0,-147000000.0,3449000000.0,11326000000.0,2735000000.0,4902000000.0,1.0,1.0,0.0008159934720522236,1.4124563,101.15,58.71,4.64922,41112.96,20.2427,8.5307,3.7039
2014-06-30,41640000000.0,22378000000.0,17538000000.0,22670000000.0,18970000000.0,,1203000000.0,3834000000.0,8628000000.0,5885000000.0,1672000000.0,-1650000000.0,,3326000000.0,-1.0,1267000000.0,2668000000.0,475000000.0,755000000.0,2193000000.0,1203000000.0,,,12.8194,-1.0,2427000000.0,-0.08697944122298366,-0.03962536023054755,-0.19123783031988872,0.6820815948076031,0.19378766805748726,0.04015369836695485,0.08288306151787042,0.2541724617524339,0.28129346314325454,0.06341591987348445,1.275972174706352,17564000000.0,-3114000000.0,3571000000.0,11949000000.0,3632000000.0,5103000000.0,-1.0,-1.0,0.23574368018812464,1.4124563,101.15,58.71,4.64922,41112.96,20.2427,8.5307,3.7039
2014-09-30,44476000000.0,25654000000.0,16491000000.0,24666000000.0,19810000000.0,,250000000.0,4790000000.0,12981000000.0,8849000000.0,2453000000.0,-977000000.0,,3454000000.0,0.0,1258000000.0,4036000000.0,902000000.0,1120000000.0,3134000000.0,250000000.0,,,21.9176,0.0,3573000000.0,-0.04931852599697123,-0.021966903498516054,-0.07526384716123566,0.6816886218319081,0.18896849241198674,0.055153341127799266,0.12228315054835494,0.24142978198906093,0.27524844002773285,0.012619888944977285,1.5556364077375537,19028000000.0,-6097000000.0,3675000000.0,12868000000.0,4453000000.0,5294000000.0,-2.0,-2.0,0.04722327162825841,1.4124563,101.15,58.71,4.64922,41112.96,20.2427,8.5307,3.7039
2014-12-31,45132000000.0,26531000000.0,17531000000.0,25226000000.0,19906000000.0,6777000000.0,850000000.0,6328000000.0,-7969000000.0,-5475000000.0,-1489000000.0,4999000000.0,,-6494000000.0,2.0,-2539000000.0,-2201000000.0,-312000000.0,-767000000.0,-2513000000.0,7627000000.0,1.5134,1515.687,7.9319,2.0,-2256000000.0,0.25113031246860246,0.11076398121067092,-0.6273058100138035,0.6870372694189987,0.1868490400301167,-0.03299211202694319,-0.05408055787600334,0.315346969506839,0.28309700087840384,0.3831508088013664,1.5133763048314415,17902000000.0,46000000.0,3514000000.0,12170000000.0,3782000000.0,5004000000.0,0.0,0.0,1.5241806554756194,1.4124563,101.15,58.71,4.64922,41112.96,20.2427,8.5307,3.7039
2015-03-31,44841000000.0,26514000000.0,17611000000.0,25303000000.0,19538000000.0,6795000000.0,868000000.0,5473000000.0,4448000000.0,2998000000.0,732000000.0,626000000.0,,114000000.0,0.0,1229000000.0,1151000000.0,322000000.0,381000000.0,829000000.0,7663000000.0,,23.3308,10.2051,0.0,1113000000.0,0.032040126932132255,0.013960437992016236,0.14073741007194246,0.6740107913669064,0.164568345323741,0.016324346022613234,0.02691077533914194,0.18637589928057555,0.2502248201438849,0.3922100522059576,1.5055363125319403,18088000000.0,2998000000.0,3368000000.0,12257000000.0,3643000000.0,4857000000.0,1.0,1.0,1.5777228742021825,1.4124563,101.15,58.71,4.64922,41112.96,20.2427,8.5307,3.7039
2015-06-30,45658000000.0,28549000000.0,17060000000.0,25853000000.0,19805000000.0,6757000000.0,865000000.0,4971000000.0,8549000000.0,5964000000.0,1541000000.0,709000000.0,,323000000.0,0.0,1227000000.0,2307000000.0,720000000.0,634000000.0,1587000000.0,7622000000.0,,30.4286,8.4661,0.0,2175000000.0,0.03579904064630144,0.015528494458802401,0.08293367645338635,0.6976254532693882,0.18025500058486374,0.033750930833588856,0.05618551062821307,0.18563574687097906,0.2544157211369751,0.3848523100227215,1.6734466588511137,18009000000.0,5357000000.0,3237000000.0,12336000000.0,3037000000.0,4605000000.0,2.0,2.0,1.655157437567861,1.4124563,101.15,58.71,4.64922,41112.96,20.2427,8.5307,3.7039
2015-09-30,18338000000.0,8280000000.0,4436000000.0,11846000000.0,6492000000.0,6814000000.0,625000000.0,2387000000.0,6270000000.0,4992000000.0,1535000000.0,1248000000.0,,332000000.0,1.0,1226000000.0,2993000000.0,539000000.0,516000000.0,2454000000.0,7439000000.0,,13.1103,3.4649,1.0,2051000000.0,0.1922365988909427,0.06805540407896171,0.19904306220095694,0.7961722488038278,0.24481658692185007,0.08370596575417166,0.11018591630177302,0.39138755980861245,0.3271132376395534,1.1458718422674061,1.866546438232642,11298000000.0,7582000000.0,2319000000.0,8479000000.0,2357000000.0,3083000000.0,3.0,3.0,2.412909503730133,1.4124563,101.15,58.71,4.64922,41112.96,20.2427,8.5307,3.7039
2015-12-31,17785000000.0,7904000000.0,2263000000.0,11209000000.0,6576000000.0,6779000000.0,0.0,1832000000.0,-10675000000.0,-7133000000.0,-1611000000.0,-858000000.0,,-310000000.0,0.0,-2462000000.0,-2418000000.0,-913000000.0,-844000000.0,-3331000000.0,6779000000.0,3.4927,19.127,3.8401,0.0,-2455000000.0,-0.13047445255474452,-0.048242901321338204,0.08037470725995316,0.6681967213114755,0.15091334894613584,-0.09058195108237278,-0.1206289779108948,0.3120374707259953,0.22997658079625294,1.0308698296836982,3.4927087936367656,8592000000.0,1725000000.0,2197000000.0,6821000000.0,1539000000.0,2884000000.0,1.0,1.0,2.3505547850208046,1.4124563,101.15,58.71,4.64922,41112.96,20.2427,8.5307,3.7039
2016-03-31,19608000000.0,9703000000.0,2107000000.0,13291000000.0,6317000000.0,9030000000.0,6000000.0,2686000000.0,2137000000.0,1660000000.0,614000000.0,482000000.0,,109000000.0,0.0,1170000000.0,641000000.0,158000000.0,167000000.0,483000000.0,9036000000.0,,17.2443,3.1453,0.0,781000000.0,0.07630204210859586,0.024581803345573236,0.2255498362189986,0.7767898923724847,0.28731867103416003,0.03131374949000408,0.03999218393799257,0.22601778193729527,0.3654656059897052,1.4304258350482824,4.605125771238728,6281000000.0,1581000000.0,2079000000.0,5483000000.0,1193000000.0,2552000000.0,1.0,1.0,3.540752351097179,1.4124563,101.15,58.71,4.64922,41112.96,20.2427,8.5307,3.7039
2016-06-30,19993000000.0,9914000000.0,2206000000.0,13540000000.0,6453000000.0,9054000000.0,,2001000000.0,4367000000.0,3397000000.0,1145000000.0,917000000.0,,195000000.0,0.0,1159000000.0,1404000000.0,305000000.0,334000000.0,1099000000.0,9054000000.0,,13.914,3.0605,0.0,1479000000.0,0.1421044475437781,0.04586605311859151,0.20998397068926036,0.7778795511792993,0.2621937256697962,0.05727004451558045,0.07383762171922358,0.25166017861231965,0.33867643691321275,1.403068340306834,4.494106980961015,2099000000.0,1789000000.0,1683000000.0,2916000000.0,705000000.0,1856000000.0,1.0,1.0,4.8782327586206895,1.4124563,101.15,58.71,4.64922,41112.96,20.2427,8.5307,3.7039
2016-09-30,20502000000.0,9783000000.0,3763000000.0,13683000000.0,6819000000.0,7582000000.0,1449000000.0,1753000000.0,6584000000.0,5116000000.0,1687000000.0,1330000000.0,,310000000.0,1.0,1153000000.0,2206000000.0,490000000.0,506000000.0,1716000000.0,9031000000.0,,20.556,4.1708,1.0,2193000000.0,0.19504326147528964,0.06487171983221149,0.2020048602673147,0.7770352369380316,0.2562272174969623,0.08228465515559458,0.10643533123028391,0.2606318347509113,0.3330801944106926,1.32438774013785,2.599787403667287,2413000000.0,1871000000.0,1835000000.0,3040000000.0,-33000000.0,1998000000.0,1.0,1.0,4.52002002002002,1.4124563,101.15,58.71,4.64922,41112.96,20.2427,8.5307,3.7039
2016-12-31,23847000000.0,8875000000.0,3847000000.0,13308000000.0,10539000000.0,7509000000.0,1451000000.0,1816000000.0,-4109000000.0,-3201000000.0,-1121000000.0,4537000000.0,,-4248000000.0,5.0,-2338000000.0,-1425000000.0,-327000000.0,-325000000.0,-1752000000.0,8960000000.0,2.307,4.5911,3.5878,5.0,-1446000000.0,0.43049625201632036,0.19025453935505515,-1.1041615964954976,0.7790216597712338,0.272815770260404,-0.04700800939321508,-0.05749012769885635,0.4263811146264298,0.3519104404964712,0.8501755384761362,2.306992461658435,8979000000.0,7266000000.0,2325000000.0,6972000000.0,1546000000.0,3007000000.0,6.0,6.0,2.9797140006651146,1.4124563,101.15,58.71,4.64922,41112.96,20.2427,8.5307,3.7039
2017-03-31,24808000000.0,8493000000.0,4433000000.0,13213000000.0,11595000000.0,6756000000.0,2210000000.0,1979000000.0,2217000000.0,1702000000.0,546000000.0,1035000000.0,,-477000000.0,0.0,1102000000.0,582000000.0,135000000.0,163000000.0,447000000.0,8966000000.0,,4.6338,3.8284,0.0,709000000.0,0.08926261319534282,0.04172041277007417,0.4668470906630582,0.7677041046459179,0.2462787550744249,0.02200902934537246,0.026555128641603035,0.20162381596752368,0.31980153360396935,0.7732643380767572,1.915858335213174,9059000000.0,7819000000.0,2257000000.0,7014000000.0,1510000000.0,2935000000.0,6.0,6.0,3.054855195911414,1.4124563,101.15,58.71,4.64922,41112.96,20.2427,8.5307,3.7039
2017-06-30,27483000000.0,10906000000.0,4596000000.0,16009000000.0,11474000000.0,9251000000.0,2215000000.0,2636000000.0,4545000000.0,3469000000.0,1024000000.0,1062000000.0,,-44000000.0,0.0,1097000000.0,1281000000.0,317000000.0,331000000.0,964000000.0,11466000000.0,,5.0985,3.9154,0.0,1355000000.0,0.09255708558480041,0.03864206964305207,0.23366336633663368,0.7632563256325633,0.2253025302530253,0.037259396717971106,0.04463818657367045,0.2121012101210121,0.29812981298129815,0.9993027714833537,2.3729329852045256,9237000000.0,7964000000.0,2136000000.0,7086000000.0,1375000000.0,2811000000.0,6.0,6.0,4.07897545357524,1.4124563,101.15,58.71,4.64922,41112.96,20.2427,8.5307,3.7039
2017-09-30,25943000000.0,7858000000.0,3190000000.0,14660000000.0,11283000000.0,9249000000.0,749000000.0,1760000000.0,6954000000.0,5322000000.0,1602000000.0,1585000000.0,,130000000.0,1.0,1091000000.0,2158000000.0,474000000.0,504000000.0,1684000000.0,9998000000.0,,5.5124,4.1729,1.0,2106000000.0,0.1404768235398387,0.06109547854912693,0.227926373310325,0.7653149266609146,0.23037100949094047,0.06175076128435416,0.0752784173676049,0.24216278400920332,0.3028472821397757,0.8861118496853674,2.4633228840125394,9607000000.0,8219000000.0,2051000000.0,7292000000.0,1343000000.0,2724000000.0,6.0,6.0,3.670337738619677,1.4124563,101.15,58.71,4.64922,41112.96,20.2427,8.5307,3.7039
2017-12-31,25981000000.0,7743000000.0,3539000000.0,17918000000.0,8063000000.0,9234000000.0,781000000.0,2120000000.0,-4149000000.0,-3148000000.0,-907000000.0,-4698000000.0,,3679000000.0,-1.95,-2226000000.0,-875000000.0,-260000000.0,-322000000.0,-1135000000.0,10015000000.0,2.1759,,4.0049,-1.95,-1229000000.0,-0.5826615403695895,-0.18082444863554137,1.1323210412147506,0.7587370450711015,0.2186068932272837,-0.03491012663099958,-0.05017147914592322,0.27355989395034946,0.29621595565196435,1.242093513580553,2.187906188188754,9567000000.0,-1016000000.0,2265000000.0,7345000000.0,1960000000.0,2941000000.0,-0.95,-0.95,3.4053043182590956,1.4124563,101.15,58.71,4.64922,41112.96,20.2427,8.5307,3.7039
2018-03-31,24555000000.0,6763000000.0,2568000000.0,16959000000.0,7596000000.0,9208000000.0,20000000.0,2527000000.0,2580000000.0,2021000000.0,579000000.0,407000000.0,,140000000.0,0.0,1029000000.0,495000000.0,158000000.0,179000000.0,337000000.0,9228000000.0,,,3.9039,0.0,758000000.0,0.053580832016850974,0.01657503563429037,0.15775193798449613,0.7833333333333333,0.22441860465116278,0.023579718998167378,0.0344151212553495,0.13062015503875968,0.2937984496124031,1.2148499210110584,2.6335669781931466,9930000000.0,-1644000000.0,2298000000.0,7664000000.0,1850000000.0,2990000000.0,-0.95,-0.95,3.08628762541806,1.4124563,101.15,58.71,4.64922,41112.96,20.2427,8.5307,3.7039
2018-06-30,23988000000.0,6184000000.0,2608000000.0,16842000000.0,7146000000.0,9201000000.0,3000000.0,1619000000.0,5220000000.0,4064000000.0,985000000.0,1049000000.0,,209000000.0,1.03,1016000000.0,867000000.0,342000000.0,349000000.0,525000000.0,9204000000.0,,,3.4963,1.03,1334000000.0,0.14679541001959137,0.043730198432549605,0.20095785440613026,0.778544061302682,0.18869731800766285,0.04106219776554944,0.06024464831804281,0.10057471264367816,0.25555555555555554,1.2879932829554996,2.371165644171779,10605000000.0,-1657000000.0,2259000000.0,8259000000.0,1411000000.0,2969000000.0,0.08000000000000007,0.08000000000000007,3.1000336813742,1.4124563,101.15,58.71,4.64922,41112.96,20.2427,8.5307,3.7039
2018-09-30,23652000000.0,6963000000.0,4006000000.0,16723000000.0,6929000000.0,7661000000.0,1546000000.0,2086000000.0,7869000000.0,6105000000.0,1541000000.0,1770000000.0,,437000000.0,1.76,1005000000.0,1425000000.0,521000000.0,524000000.0,904000000.0,9207000000.0,,,3.0418,1.76,2065000000.0,0.25544811661134365,0.07483510908168442,0.2249332825009531,0.77582920320244,0.19583174482145127,0.06515305259597497,0.09550074367873079,0.11488117931122124,0.26242216291777865,1.3287631692884976,1.7381427858212681,11520000000.0,-1472000000.0,2198000000.0,9042000000.0,631000000.0,2928000000.0,0.8400000000000001,0.8400000000000001,3.144467213114754,1.4124563,101.15,58.71,4.64922,41112.96,20.2427,8.5307,3.7039
2018-12-31,22819000000.0,7126000000.0,4454000000.0,16538000000.0,6281000000.0,7685000000.0,1546000000.0,2202000000.0,-4923000000.0,-3826000000.0,-883000000.0,-696000000.0,,-596000000.0,-0.2400000000000002,-2059000000.0,-129000000.0,-370000000.0,-356000000.0,-499000000.0,9231000000.0,1.5999,10.6825,2.515,-0.2400000000000002,-1239000000.0,-0.11081038051265722,-0.030500898374161884,0.14137720901889092,0.7771683932561446,0.17936217753402398,-0.03869582365572549,-0.05692367199587416,0.1013609587649807,0.25167580743449114,1.469670434644165,1.5999101930848676,10746000000.0,2530000000.0,2222000000.0,8364000000.0,1267000000.0,2918000000.0,2.55,2.55,3.1634681288553805,1.4124563,101.15,58.71,4.64922,41112.96,20.2427,8.5307,3.7039
2019-03-31,22329000000.0,6665000000.0,4500000000.0,17126000000.0,5203000000.0,7700000000.0,1550000000.0,1695000000.0,2643000000.0,2042000000.0,609000000.0,518000000.0,,152000000.0,0.57,908000000.0,550000000.0,182000000.0,169000000.0,368000000.0,9250000000.0,,13.0529,3.2586,0.57,778000000.0,0.09955794733807419,0.023198531058265037,0.19598940597805525,0.7726068861142641,0.2304199772985244,0.027273948676608893,0.04213658064069743,0.1392357169882709,0.2943624668936814,1.7778204881798962,1.481111111111111,10809000000.0,2641000000.0,2252000000.0,8385000000.0,1298000000.0,2938000000.0,3.1199999999999997,3.1199999999999997,3.1484002722940776,1.4124563,101.15,58.71,4.64922,41112.96,20.2427,8.5307,3.7039
2019-06-30,21169000000.0,6844000000.0,5209000000.0,17063000000.0,4106000000.0,7243000000.0,2063000000.0,1508000000.0,5330000000.0,4099000000.0,1170000000.0,920000000.0,,259000000.0,1.04,887000000.0,1294000000.0,319000000.0,344000000.0,975000000.0,9306000000.0,,14.4795,3.532,1.04,1514000000.0,0.22406234778373113,0.04345977608767537,0.1726078799249531,0.7690431519699812,0.21951219512195122,0.055269497850630636,0.08723531166119892,0.18292682926829268,0.2840525328330206,2.26643935703848,1.313879823382607,10919000000.0,2512000000.0,2437000000.0,8420000000.0,1748000000.0,3118000000.0,3.13,3.13,2.984605516356639,1.4124563,101.15,58.71,4.64922,41112.96,20.2427,8.5307,3.7039
2019-09-30,18714000000.0,5209000000.0,3685000000.0,15444000000.0,3270000000.0,7235000000.0,518000000.0,897000000.0,7979000000.0,6121000000.0,1702000000.0,1230000000.0,,339000000.0,1.42,870000000.0,2303000000.0,415000000.0,514000000.0,1888000000.0,7753000000.0,,16.4296,3.5243,1.42,2216000000.0,0.3761467889908257,0.06572619429304265,0.15415465597192632,0.7671387391903748,0.2133099385887956,0.09094795340386876,0.15440442710695818,0.23662113046747713,0.2777290387266575,2.370948012232416,1.4135685210312077,11029000000.0,1972000000.0,2598000000.0,8436000000.0,2732000000.0,3269000000.0,2.7899999999999996,2.7899999999999996,2.3716732945855004,1.4124563,101.15,58.71,4.64922,41112.96,20.2427,8.5307,3.7039
2019-12-31,18174000000.0,4706000000.0,4066000000.0,15304000000.0,2870000000.0,6738000000.0,1022000000.0,975000000.0,-5152000000.0,-3970000000.0,-1160000000.0,-882000000.0,,-335000000.0,-0.94,-1809000000.0,-1033000000.0,-362000000.0,-346000000.0,-1395000000.0,7760000000.0,1.1574,16.4482,3.4016,-0.94,-1506000000.0,-0.3073170731707317,-0.04853086827335754,0.17119565217391305,0.7705745341614907,0.2251552795031056,-0.06382744580169473,-0.10912511759172154,0.27076863354037267,0.2923136645962733,2.7038327526132404,1.1574028529267093,10800000000.0,1786000000.0,2321000000.0,8292000000.0,1836000000.0,3002000000.0,2.09,2.09,2.584943371085943,1.4124563,101.15,58.71,4.64922,41112.96,20.2427,8.5307,3.7039
2020-03-31,18929000000.0,6248000000.0,4673000000.0,16814000000.0,2115000000.0,7724000000.0,1015000000.0,880000000.0,2374000000.0,1848000000.0,629000000.0,3412000000.0,,146000000.0,4.51,757000000.0,592000000.0,98000000.0,147000000.0,494000000.0,8739000000.0,,5.1133,2.9749,4.51,776000000.0,1.6132387706855793,0.1802525225843943,1.4372367312552654,0.7784330244313395,0.2649536647009267,0.03322943631464948,0.05795098581168233,0.2080876158382477,0.32687447346251053,4.131914893617021,1.3370425850631287,10531000000.0,4680000000.0,2341000000.0,8098000000.0,1962000000.0,3000000000.0,6.029999999999999,6.029999999999999,2.913,1.4124563,101.15,58.71,4.64922,41112.96,20.2427,8.5307,3.7039
2020-06-30,20014000000.0,7394000000.0,4692000000.0,17112000000.0,2902000000.0,,516000000.0,1006000000.0,5239000000.0,4115000000.0,1450000000.0,4158000000.0,,409000000.0,5.67,734000000.0,1556000000.0,196000000.0,319000000.0,1360000000.0,516000000.0,,7.3359,4.3477,5.67,1769000000.0,1.4328049620951069,0.2077545717997402,0.7936629127696125,0.7854552395495323,0.27677037602595916,0.0724492855001499,0.42422469280280867,0.25959152510020994,0.33765985875167015,0.17780840799448655,1.5758738277919864,10440000000.0,7918000000.0,2621000000.0,8114000000.0,2347000000.0,3255000000.0,10.66,10.66,0.1585253456221198,1.4124563,101.15,58.71,4.64922,41112.96,20.2427,8.5307,3.7039
2020-09-30,18421000000.0,6739000000.0,3840000000.0,15501000000.0,2920000000.0,,17000000.0,963000000.0,7403000000.0,5672000000.0,2034000000.0,4822000000.0,,550000000.0,6.65,725000000.0,1661000000.0,326000000.0,471000000.0,1335000000.0,17000000.0,,6.7802,4.2145,6.65,2505000000.0,1.6513698630136986,0.26176646218989197,0.6513575577468593,0.766175874645414,0.2747534783196002,0.11041745833559524,0.6925434116445353,0.1803322977171417,0.3383763339186816,0.0058219178082191785,1.7549479166666666,9864000000.0,11510000000.0,2953000000.0,7665000000.0,1794000000.0,3544000000.0,15.89,15.89,0.004796839729119639,1.4124563,101.15,58.71,4.64922,41112.96,20.2427,8.5307,3.7039
2020-12-31,19310000000.0,7190000000.0,4002000000.0,15749000000.0,3561000000.0,7745000000.0,18000000.0,1428000000.0,-4745000000.0,-3837000000.0,-1402000000.0,-6725000000.0,,-227000000.0,-8.939999999999998,-1498000000.0,-1390000000.0,-126000000.0,-328000000.0,-1516000000.0,7763000000.0,1.7966,6.1125,3.8947,-8.939999999999998,-1730000000.0,-1.8885144622297108,-0.3482651475919213,1.4172813487881981,0.808640674394099,0.2954689146469968,-0.07260486794407044,-0.12380784175203108,0.31949420442571125,0.36459430979978924,2.1800056163998875,1.7966016991504248,10271000000.0,5667000000.0,2711000000.0,7798000000.0,1673000000.0,3320000000.0,7.890000000000004,7.890000000000004,2.3382530120481926,1.4124563,101.15,58.71,4.64922,41112.96,20.2427,8.5307,3.7039
2021-03-31,18731000000.0,6691000000.0,5130000000.0,14961000000.0,3770000000.0,,1172000000.0,1667000000.0,3023000000.0,2200000000.0,842000000.0,641000000.0,,156000000.0,0.92,693000000.0,1042000000.0,83000000.0,140000000.0,959000000.0,1172000000.0,,14.389,4.2911,0.92,982000000.0,0.170026525198939,0.034221344295552826,0.2120410188554416,0.7277538868673503,0.27853126033741316,0.044952218247824464,0.17037636584378793,0.3172345352299041,0.32484287131988093,0.31087533156498676,1.3042884990253412,10920000000.0,2896000000.0,2924000000.0,8150000000.0,2138000000.0,3526000000.0,4.3000000000000025,4.3000000000000025,0.33238797504254114,1.4124563,101.15,58.71,4.64922,41112.96,20.2427,8.5307,3.7039
2021-06-30,31823000000.0,20061000000.0,5063000000.0,18807000000.0,13016000000.0,,761000000.0,2128000000.0,5306000000.0,4028000000.0,1573000000.0,11375000000.0,,263000000.0,16.52,689000000.0,2109000000.0,182000000.0,261000000.0,1927000000.0,761000000.0,,3.7125,4.7631,16.52,1834000000.0,0.8739244007375537,0.35744587248216697,2.1437994722955147,0.759140595552205,0.29645684131172256,0.049429657794676805,0.11417580024678813,0.3631737655484357,0.34564643799472294,0.058466502765826676,3.9622753308315226,10987000000.0,10113000000.0,3047000000.0,8063000000.0,2705000000.0,3591000000.0,15.150000000000002,15.150000000000002,0.21191868560289612,1.4124563,101.15,58.71,4.64922,41112.96,20.2427,8.5307,3.7039
2021-09-30,29257000000.0,17756000000.0,5296000000.0,18312000000.0,10945000000.0,,1355000000.0,1244000000.0,7807000000.0,5851000000.0,2235000000.0,11639000000.0,,414000000.0,17.16,678000000.0,2364000000.0,341000000.0,380000000.0,2023000000.0,1355000000.0,,3.6278,4.4034,17.16,2615000000.0,1.0634079488350845,0.3978193252896743,1.4908415524529268,0.7494556167541949,0.28628154220571284,0.07639197457018833,0.18170731707317073,0.25912642500320227,0.3349558088894582,0.12380082229328461,3.352719033232628,11391000000.0,16930000000.0,3248000000.0,8242000000.0,3393000000.0,3701000000.0,25.660000000000004,25.660000000000004,0.36611726560389085,1.4124563,101.15,58.71,4.64922,41112.96,20.2427,8.5307,3.7039
2021-12-31,26626000000.0,9111000000.0,4622000000.0,16848000000.0,9778000000.0,7727000000.0,1355000000.0,1379000000.0,-5716000000.0,-4309000000.0,-1727000000.0,-10047000000.0,,-687000000.0,-14.060000000000002,-1397000000.0,-2858000000.0,-162000000.0,-279000000.0,-3020000000.0,9082000000.0,1.9712,3.0592,3.9951,-14.060000000000002,-2006000000.0,-1.0275107383923092,-0.37733794035904755,1.7576976906927921,0.7538488453463961,0.30213435969209235,-0.06486141365582514,-0.0915694591728526,0.5283414975507348,0.3509447165850245,0.9288197995500103,1.9712245781047166,10420000000.0,13608000000.0,2923000000.0,7770000000.0,1889000000.0,3425000000.0,20.539999999999996,20.539999999999996,2.6516788321167883,1.4124563,101.15,58.71,4.64922,41112.96,20.2427,8.5307,3.7039
2022-03-31,22980000000.0,7349000000.0,4982000000.0,15926000000.0,7054000000.0,,1755000000.0,1798000000.0,2483000000.0,1794000000.0,692000000.0,-1341000000.0,,-310000000.0,-2.28,587000000.0,613000000.0,83000000.0,118000000.0,530000000.0,1755000000.0,,2.8937,3.2773,-2.28,810000000.0,-0.19010490501842925,-0.05835509138381201,-0.5400724929520742,0.7225130890052356,0.2786951268626661,0.03011314186248912,0.07855602224997162,0.21345146999597261,0.32621828433346756,0.2487950099234477,1.4751103974307507,9880000000.0,11626000000.0,2773000000.0,7364000000.0,1460000000.0,3253000000.0,17.339999999999993,17.339999999999993,0.5395019981555488,1.4124563,101.15,58.71,4.64922,41112.96,20.2427,8.5307,3.7039
2022-06-30,19653000000.0,5067000000.0,3972000000.0,14410000000.0,5243000000.0,,1149000000.0,1742000000.0,4905000000.0,3553000000.0,1217000000.0,-1872000000.0,,-501000000.0,-3.27,571000000.0,841000000.0,194000000.0,231000000.0,647000000.0,1149000000.0,,64.6222,2.3284,-3.27,1448000000.0,-0.35704749189395385,-0.09525263318577316,-0.381651376146789,0.7243628950050969,0.24811416921508664,0.0619243881341271,0.1903942428035044,0.13190621814475026,0.2952089704383282,0.21914934197978256,1.2756797583081572,9479000000.0,-1621000000.0,2417000000.0,6889000000.0,180000000.0,2867000000.0,-2.4500000000000055,-2.4500000000000055,0.40076735263341473,1.4124563,101.15,58.71,4.64922,41112.96,20.2427,8.5307,3.7039
2022-09-30,19097000000.0,5289000000.0,3974000000.0,14244000000.0,4853000000.0,,1150000000.0,2037000000.0,7285000000.0,5286000000.0,1785000000.0,-1941000000.0,,-485000000.0,-3.44,563000000.0,1570000000.0,296000000.0,335000000.0,1274000000.0,1150000000.0,,722.2225,2.0431,-3.44,2120000000.0,-0.39995878837832266,-0.10163900089019218,-0.2664378860672615,0.7256005490734386,0.24502402196293754,0.09347017856207782,0.29735132433783107,0.17487989018531228,0.2910089224433768,0.23696682464454977,1.3309008555611475,8957000000.0,-15201000000.0,1967000000.0,6324000000.0,-569000000.0,2372000000.0,-23.050000000000008,-23.050000000000008,0.484822934232715,1.4124563,101.15,58.71,4.64922,41112.96,20.2427,8.5307,3.7039
2022-12-31,20850000000.0,9290000000.0,4271000000.0,15697000000.0,5153000000.0,7721000000.0,1150000000.0,2154000000.0,-4878000000.0,-3518000000.0,-1344000000.0,3885000000.0,,969000000.0,6.720000000000001,-1163000000.0,-770000000.0,-124000000.0,-242000000.0,-894000000.0,8871000000.0,2.1751,,2.2975,6.720000000000001,-1586000000.0,0.7539297496603921,0.18633093525179856,-0.7964329643296433,0.7211972119721197,0.27552275522755226,-0.06446043165467626,-0.09583571021106674,0.18327183271832717,0.3251332513325133,1.7215214438191344,2.175134628892531,9795000000.0,-1269000000.0,2350000000.0,7115000000.0,1557000000.0,2792000000.0,-2.270000000000003,-2.270000000000003,3.1772922636103154,1.4124563,101.15,58.71,4.64922,41112.96,20.2427,8.5307,3.7039
2023-03-31,20004000000.0,8598000000.0,3206000000.0,14617000000.0,5387000000.0,,0.0,2082000000.0,2510000000.0,1810000000.0,558000000.0,567000000.0,,161000000.0,1.05,541000000.0,841000000.0,132000000.0,107000000.0,709000000.0,0.0,,37.2792,2.4253,1.05,665000000.0,0.10525338778540932,0.028344331133773246,0.22589641434262947,0.7211155378486056,0.22231075697211156,0.027894421115776846,0.10358269909040282,0.28247011952191237,0.2649402390438247,0.0,2.6818465377417344,9822000000.0,639000000.0,2216000000.0,7131000000.0,1736000000.0,2647000000.0,1.0599999999999967,1.0599999999999967,0.0,1.4124563,101.15,58.71,4.64922,41112.96,20.2427,8.5307,3.7039
2023-06-30,19956000000.0,8717000000.0,3555000000.0,14688000000.0,5268000000.0,,0.0,2268000000.0,5050000000.0,3632000000.0,1076000000.0,738000000.0,,274000000.0,1.36,539000000.0,1442000000.0,245000000.0,208000000.0,1197000000.0,0.0,,17.8206,2.4042,1.36,1284000000.0,0.14009111617312073,0.03698135898977751,0.14613861386138613,0.7192079207920792,0.21306930693069306,0.05391862096612548,0.20425208807896736,0.23702970297029702,0.25425742574257426,0.0,2.452039381153305,9967000000.0,3249000000.0,2075000000.0,7210000000.0,2286000000.0,2483000000.0,5.689999999999997,5.689999999999997,0.0,1.4124563,101.15,58.71,4.64922,41112.96,20.2427,8.5307,3.7039
2023-09-30,21184000000.0,10314000000.0,4782000000.0,15285000000.0,5899000000.0,,750000000.0,2550000000.0,7550000000.0,5427000000.0,1531000000.0,2043000000.0,,629000000.0,3.8,537000000.0,2304000000.0,330000000.0,305000000.0,1974000000.0,750000000.0,,8.5361,2.3037,3.8,1836000000.0,0.34632988642142737,0.09644070996978851,0.2705960264900662,0.7188079470198675,0.20278145695364239,0.07227152567975831,0.23026018950218077,0.2614569536423841,0.24317880794701988,0.12714019325309375,2.1568381430363863,10232000000.0,7233000000.0,1821000000.0,7351000000.0,2986000000.0,2199000000.0,12.929999999999996,12.929999999999996,0.34106412005457026,1.4124563,101.15,58.71,4.64922,41112.96,20.2427,8.5307,3.7039
2023-12-31,21620000000.0,11016000000.0,4520000000.0,15224000000.0,6396000000.0,,750000000.0,1985000000.0,-4998000000.0,-3590000000.0,-1224000000.0,-581000000.0,263000000.0,-132000000.0,-1.0199999999999996,-1084000000.0,-2161000000.0,-251000000.0,-217000000.0,-2412000000.0,750000000.0,2.4372,8.1817,2.2388,-1.0199999999999996,-1441000000.0,-0.09083802376485303,-0.02687326549491212,0.11624649859943978,0.7182873149259704,0.24489795918367346,-0.05661424606845514,-0.1712846347607053,0.48259303721488594,0.2883153261304522,0.11726078799249531,2.4371681415929203,10112000000.0,2767000000.0,1941000000.0,7279000000.0,1468000000.0,2344000000.0,5.189999999999997,5.189999999999997,0.3199658703071672,1.4124563,101.15,58.71,4.64922,41112.96,20.2427,8.5307,3.7039
2024-03-31,21418000000.0,10406000000.0,5233000000.0,15145000000.0,6273000000.0,,1551000000.0,2130000000.0,2556000000.0,1856000000.0,631000000.0,438000000.0,66000000.0,97000000.0,0.85,519000000.0,615000000.0,143000000.0,76000000.0,472000000.0,1551000000.0,,10.2638,2.6655,0.85,707000000.0,0.06982305117168819,0.02045008871043048,0.17136150234741784,0.7261345852895149,0.2468701095461659,0.029461200859090486,0.08064928425357873,0.18466353677621283,0.27660406885759,0.24725011956001913,1.9885343015478694,10158000000.0,2638000000.0,2014000000.0,7325000000.0,1231000000.0,2386000000.0,4.989999999999997,4.989999999999997,0.6500419111483655,1.4124563,101.15,58.71,4.64922,41112.96,20.2427,8.5307,3.7039
2024-06-30,20378000000.0,7269000000.0,5799000000.0,14853000000.0,5525000000.0,,1551000000.0,1963000000.0,5128000000.0,3693000000.0,1180000000.0,662000000.0,,199000000.0,1.29,513000000.0,982000000.0,232000000.0,153000000.0,750000000.0,1551000000.0,,9.8273,2.5952,1.29,1333000000.0,0.11981900452488688,0.032486014329178525,0.12909516380655225,0.7201638065522621,0.23010920436817472,0.05790558445382275,0.16676088185415489,0.14625585023400936,0.25994539781591264,0.2807239819004525,1.2534919813760994,10236000000.0,2562000000.0,2118000000.0,7386000000.0,784000000.0,2435000000.0,4.919999999999996,4.919999999999996,0.6369609856262833,1.4124563,101.15,58.71,4.64922,41112.96,20.2427,8.5307,3.7039
2024-09-30,19915000000.0,7061000000.0,5639000000.0,14495000000.0,5420000000.0,,1243000000.0,1589000000.0,7704000000.0,5542000000.0,1775000000.0,1296000000.0,,360000000.0,2.56,507000000.0,1737000000.0,341000000.0,245000000.0,1396000000.0,1243000000.0,,15.7618,3.1014,2.56,2020000000.0,0.23911439114391145,0.06507657544564399,0.16822429906542055,0.7193665628245067,0.23039979231568017,0.08912879738890284,0.26639651808494674,0.18120456905503635,0.26220145379023885,0.22933579335793358,1.2521723709877637,10390000000.0,1815000000.0,2362000000.0,7501000000.0,206000000.0,2619000000.0,3.679999999999997,3.679999999999997,0.4746086292478045,1.4124563,101.15,58.71,4.64922,41112.96,20.2427,8.5307,3.7039
2024-12-31,19365000000.0,7567000000.0,6098000000.0,14207000000.0,5158000000.0,,1673000000.0,2433000000.0,-5105000000.0,-3688000000.0,-1268000000.0,-421000000.0,,-359000000.0,-0.7600000000000002,-1038000000.0,-920000000.0,-258000000.0,-150000000.0,-1178000000.0,1673000000.0,1.2409,15.0248,2.8857,-0.7600000000000002,-1418000000.0,-0.08162078324932144,-0.02174025303382391,0.08246816846229187,0.7224289911851126,0.24838393731635652,-0.06547895688097083,-0.18562435953740303,0.2307541625857003,0.27776689520078357,0.3243505234587049,1.2408986552968186,10283000000.0,1975000000.0,2318000000.0,7403000000.0,1440000000.0,2642000000.0,3.9399999999999964,3.9399999999999964,0.6332323996971991,1.4124563,101.15,58.71,4.64922,41112.96,20.2427,8.5307,3.7039
2025-03-31,18954000000.0,6872000000.0,5880000000.0,14004000000.0,4950000000.0,,994000000.0,3031000000.0,2585000000.0,1862000000.0,616000000.0,503000000.0,,129000000.0,1.06,475000000.0,,143000000.0,79000000.0,,994000000.0,,15.4717,3.0607,1.06,695000000.0,0.10161616161616162,0.026537933945341353,0.19458413926499032,0.7203094777562863,0.23829787234042554,0.032499736203439905,0.10363391655450875,,0.2688588007736944,0.2008080808080808,1.1687074829931974,10312000000.0,2040000000.0,2303000000.0,7409000000.0,,2630000000.0,4.149999999999997,4.149999999999997,0.3779467680608365,1.4124563,101.15,58.71,4.64922,41112.96,20.2427,8.5307,3.7039
2025-06-30,17961000000.0,5919000000.0,5940000000.0,13212000000.0,4749000000.0,,1746000000.0,2070000000.0,5315000000.0,3816000000.0,1100000000.0,871000000.0,,237000000.0,1.84,473000000.0,,277000000.0,186000000.0,,1746000000.0,,15.7171,3.2785,1.84,1286000000.0,0.1834070330595915,0.04849395913367852,0.1638758231420508,0.7179680150517403,0.20696142991533395,0.06124380602416347,0.16936104695919937,,0.24195672624647224,0.36765634870499053,0.9964646464646465,10499000000.0,2249000000.0,2223000000.0,7532000000.0,,2583000000.0,4.699999999999997,4.699999999999997,0.6759581881533101,1.4124563,101.15,58.71,4.64922,41112.96,20.2427,8.5307,3.7039
2025-09-30,17791000000.0,5393000000.0,5831000000.0,13072000000.0,4719000000.0,,1748000000.0,2423000000.0,8135000000.0,5815000000.0,1676000000.0,1503000000.0,,213000000.0,3.2,471000000.0,1376000000.0,408000000.0,292000000.0,968000000.0,1748000000.0,,19.0486,3.8794,3.2,1968000000.0,0.3184996821360458,0.08448091731774493,0.18475722188076213,0.7148125384142594,0.20602335586969883,0.09420493507953459,0.25916189887119223,0.1189920098340504,0.24191763982790412,0.37041746132655223,0.9248842394100497,10930000000.0,2456000000.0,2124000000.0,7805000000.0,,2531000000.0,5.339999999999996,5.339999999999996,0.6906361122086132,1.4124563,101.15,58.71,4.64922,41112.96,20.2427,8.5307,3.7039
2025-12-31,17610000000.0,5086000000.0,4637000000.0,12995000000.0,4615000000.0,,750000000.0,1867000000.0,-4935000000.0,-3562000000.0,-1115000000.0,-846000000.0,,-268000000.0,-1.7600000000000007,-951000000.0,583000000.0,-303000000.0,-150000000.0,280000000.0,750000000.0,1.0968,19.3841,3.5468,-1.7600000000000007,-1265000000.0,-0.18331527627302274,-0.048040885860306644,0.17142857142857143,0.7217831813576494,0.2259371833839919,-0.06331629755820556,-0.20782851817334577,-0.05673758865248227,0.2563323201621074,0.16251354279523295,1.096829846883761,11100000000.0,2031000000.0,2277000000.0,7931000000.0,,2684000000.0,4.339999999999996,4.339999999999996,0.27943368107302535,1.4124563,101.15,58.71,4.64922,41112.96,20.2427,8.5307,3.7039
