report_date,total_assets,current_assets,current_liabilities,total_liabilities,total_equity,long_term_debt,short_term_debt,cash,revenue,operating_income,net_income,interest_expense,income_tax,eps_diluted,shares_diluted,operating_cash_flow,capex,depreciation,fcf,total_debt,bf_current_ratio,bf_pe,bf_ps,eps,ebitda,roe,roa,net_margin,operating_margin,roi,roic,fcf_margin,ebitda_margin,debt_equity,current_ratio,revenue_ttm,net_income_ttm,operating_income_ttm,fcf_ttm,ebitda_ttm,interest_expense_ttm,eps_diluted_ttm,eps_ttm,debt_to_ebitda,interest_coverage,bf_beta,bf_52w_high,bf_52w_low,bf_10d_avg_vol,bf_market_cap,bf_pe_ttm,bf_pb_annual,bf_ps_ttm
2010-03-31,34449000000.0,3386000000.0,3518000000.0,34449000000.0,10552000000.0,9855000000.0,,87000000.0,3462000000.0,492000000.0,229000000.0,149000000.0,122000000.0,0.8,282700000.0,1000000.0,1000000.0,204000000.0,0.0,9855000000.0,,13.5529,1.1546,0.8,696000000.0,0.021702047005307052,0.006647507910244129,0.0661467359907568,0.14211438474870017,0.014281982060437168,0.024109374234331356,0.0,0.20103986135181975,0.9339461713419257,0.9624786810687891,,,,,,,,,,,0.34538245,116.23,94.96,1.96871,41018.69,20.2862,1.4819,2.425
2010-06-30,34389000000.0,3158000000.0,2675000000.0,34389000000.0,10593000000.0,10552000000.0,,178000000.0,6478000000.0,921000000.0,415000000.0,299000000.0,228000000.0,1.44,283200000.0,795000000.0,4000000.0,415000000.0,791000000.0,10552000000.0,,12.6635,1.0954,1.44,1336000000.0,0.039176814877749454,0.012067812381866294,0.06406298240197592,0.14217351034269837,0.026781819767949053,0.04355639631118468,0.12210558814448905,0.2062364927446743,0.9961295194940055,1.1805607476635513,,,,,,,,,,,0.34538245,116.23,94.96,1.96871,41018.69,20.2862,1.4819,2.425
2010-09-30,67348000000.0,6882000000.0,5864000000.0,,20647000000.0,20404000000.0,,233000000.0,18200000000.0,3139000000.0,1485000000.0,869000000.0,837000000.0,2.68,283700000.0,1909000000.0,6000000.0,1212000000.0,1903000000.0,20404000000.0,,14.3757,1.2343,2.68,4351000000.0,0.07192328183271178,0.0220496525509295,0.0815934065934066,0.17247252747252748,0.04660865949991091,0.07646585954057149,0.10456043956043956,0.23906593406593407,0.9882307357001017,1.1736016371077762,,,,,,,,,,,0.34538245,116.23,94.96,1.96871,41018.69,20.2862,1.4819,2.425
2010-12-31,32435000000.0,2565000000.0,1959000000.0,32435000000.0,10136000000.0,9743000000.0,,78000000.0,-17567000000.0,-2630000000.0,-1225000000.0,-768000000.0,-692000000.0,,,-500000000.0,,-1044000000.0,,9743000000.0,1.4502,14.3445,1.2545,,-3674000000.0,-0.12085635359116022,-0.03776784337906582,0.06973302214379234,0.14971252917401948,-0.08108524741791275,-0.1323004175260325,,0.20914214151534127,0.9612273086029992,1.3093415007656968,10573000000.0,904000000.0,1922000000.0,,2709000000.0,549000000.0,,,3.5965300849021777,3.5009107468123863,0.34538245,116.23,94.96,1.96871,41018.69,20.2862,1.4819,2.425
2011-03-31,36186000000.0,3590000000.0,2676000000.0,,11444000000.0,10670000000.0,,516000000.0,3349000000.0,626000000.0,314000000.0,152000000.0,169000000.0,1.06,293600000.0,362000000.0,23000000.0,218000000.0,339000000.0,10670000000.0,,13.6112,1.2934,1.06,844000000.0,0.027437958755679833,0.008677389045487205,0.09375933114362496,0.1869214690952523,0.01729950809705411,0.02830785927466763,0.1012242460435951,0.25201552702299196,0.9323663054875918,1.3415545590433482,10460000000.0,989000000.0,2056000000.0,,2857000000.0,552000000.0,,,3.7346867343367167,3.7246376811594204,0.34538245,116.23,94.96,1.96871,41018.69,20.2862,1.4819,2.425
2011-06-30,36019000000.0,3209000000.0,2473000000.0,36019000000.0,11464000000.0,10669000000.0,,492000000.0,6342000000.0,1024000000.0,483000000.0,304000000.0,252000000.0,1.62,293900000.0,1589000000.0,50000000.0,437000000.0,1539000000.0,10669000000.0,,14.5442,1.3623,1.62,1461000000.0,0.04213189113747383,0.013409589383380993,0.076158940397351,0.16146326080100915,0.0284294400177684,0.046265757014412864,0.24266792809839166,0.2303689687795648,0.9306524773203071,1.2976142337242216,10324000000.0,1057000000.0,2159000000.0,,2982000000.0,557000000.0,,,3.5778001341381622,3.8761220825852782,0.34538245,116.23,94.96,1.96871,41018.69,20.2862,1.4819,2.425
2011-09-30,36535000000.0,3458000000.0,2959000000.0,36535000000.0,11667000000.0,10369000000.0,,398000000.0,9972000000.0,1781000000.0,869000000.0,448000000.0,477000000.0,2.92,294200000.0,2161000000.0,57000000.0,659000000.0,2104000000.0,10369000000.0,,15.1266,1.4576,2.92,2440000000.0,0.0744835861832519,0.023785411249486795,0.08714400320898516,0.17860008022462895,0.048747776105104695,0.08082229079687783,0.21099077416766948,0.24468511833132772,0.8887460358275477,1.1686380533964178,2096000000.0,441000000.0,801000000.0,,1071000000.0,136000000.0,,,9.681605975723622,5.889705882352941,0.34538245,116.23,94.96,1.96871,41018.69,20.2862,1.4819,2.425
2011-12-31,39214000000.0,3638000000.0,2987000000.0,39214000000.0,11649000000.0,10143000000.0,,648000000.0,-6725000000.0,-1192000000.0,-604000000.0,-310000000.0,-298000000.0,-2.03,-587300000.0,-975000000.0,-50000000.0,-430000000.0,-1025000000.0,10143000000.0,1.2179,16.7434,1.5743,-2.03,-1622000000.0,-0.05184994420121899,-0.015402662314479523,0.08981412639405205,0.17724907063197026,-0.03039730708420462,-0.05469897209985316,0.1524163568773234,0.24118959107806692,0.8707185166108679,1.2179444258453298,12938000000.0,1062000000.0,2239000000.0,2957000000.0,3123000000.0,594000000.0,3.5700000000000003,3.5700000000000003,3.2478386167146973,3.7693602693602695,0.34538245,116.23,94.96,1.96871,41018.69,20.2862,1.4819,2.425
2012-03-31,39701000000.0,3904000000.0,3840000000.0,39701000000.0,11545000000.0,10041000000.0,,769000000.0,3078000000.0,561000000.0,280000000.0,150000000.0,134000000.0,0.94,294500000.0,402000000.0,9000000.0,233000000.0,393000000.0,10041000000.0,,16.6973,1.5442,0.94,794000000.0,0.024252923343438718,0.0070527190750862695,0.09096816114359974,0.18226120857699804,0.014130626432583561,0.025989066987862502,0.1276803118908382,0.25795971410006496,0.8697271546123864,1.0166666666666666,12667000000.0,1028000000.0,2174000000.0,3011000000.0,3073000000.0,592000000.0,3.45,3.45,3.26749105109014,3.6722972972972974,0.34538245,116.23,94.96,1.96871,41018.69,20.2862,1.4819,2.425
2012-06-30,40049000000.0,4102000000.0,4380000000.0,40049000000.0,11579000000.0,9840000000.0,,1381000000.0,5849000000.0,1036000000.0,494000000.0,304000000.0,240000000.0,1.67,294400000.0,1247000000.0,43000000.0,469000000.0,1204000000.0,9840000000.0,,17.1197,1.6722,1.67,1505000000.0,0.042663442438898004,0.012334889760043946,0.08445888186014704,0.17712429475123953,0.025868311318634672,0.04836827116111863,0.20584715335954865,0.2573089416994358,0.8498143190258226,0.9365296803652968,12174000000.0,1039000000.0,2186000000.0,2676000000.0,3117000000.0,592000000.0,3.5,3.5,3.1568816169393648,3.6925675675675675,0.34538245,116.23,94.96,1.96871,41018.69,20.2862,1.4819,2.425
2012-09-30,39633000000.0,3240000000.0,3724000000.0,39633000000.0,11842000000.0,9839000000.0,,69000000.0,9287000000.0,1886000000.0,934000000.0,455000000.0,501000000.0,3.16,294600000.0,1638000000.0,68000000.0,709000000.0,1570000000.0,9839000000.0,,15.4574,1.595,3.16,2595000000.0,0.07887181219388617,0.023566220069134308,0.10057069021212448,0.2030795735975019,0.04758660712032902,0.08698860753655274,0.16905351566706148,0.2794228491439647,0.8308562742779936,0.8700322234156821,11489000000.0,1104000000.0,2291000000.0,2142000000.0,3272000000.0,599000000.0,3.74,3.74,3.007029339853301,3.8247078464106843,0.34538245,116.23,94.96,1.96871,41018.69,20.2862,1.4819,2.425
2012-12-31,41209000000.0,3451000000.0,3945000000.0,41209000000.0,11869000000.0,10062000000.0,,394000000.0,-6026000000.0,-1144000000.0,-567000000.0,-305000000.0,-275000000.0,-1.9099999999999997,-589000000.0,-688000000.0,32000000.0,-456000000.0,-720000000.0,10062000000.0,0.8748,14.2564,1.4816,-1.9099999999999997,-1600000000.0,-0.0477715056028309,-0.013759130287073212,0.0940922668436774,0.1898440092930634,-0.02776092601130821,-0.05216360403082395,0.11948224361101892,0.26551609691337535,0.8477546549835706,0.8747782002534854,12188000000.0,1141000000.0,2339000000.0,2447000000.0,3294000000.0,604000000.0,3.86,3.86,3.0546448087431695,3.872516556291391,0.34538245,116.23,94.96,1.96871,41018.69,20.2862,1.4819,2.425
2013-03-31,41736000000.0,3934000000.0,4243000000.0,,,10554000000.0,,132000000.0,3184000000.0,526000000.0,192000000.0,279000000.0,57000000.0,0.0,294200000.0,-84000000.0,91000000.0,251000000.0,-175000000.0,10554000000.0,,16.8857,1.5816,0.0,777000000.0,,0.004600345025876941,0.06030150753768844,0.16520100502512564,0.01260302856047537,0.049838923630850865,-0.05496231155778895,0.2440326633165829,,0.9271741692198916,12294000000.0,1053000000.0,2304000000.0,1879000000.0,3277000000.0,733000000.0,2.9200000000000004,2.9200000000000004,3.2206286237412267,3.1432469304229196,0.34538245,116.23,94.96,1.96871,41018.69,20.2862,1.4819,2.425
2013-06-30,41922000000.0,4103000000.0,4504000000.0,,,10494000000.0,,747000000.0,6003000000.0,912000000.0,364000000.0,429000000.0,122000000.0,1.0,294300000.0,973000000.0,129000000.0,506000000.0,844000000.0,10494000000.0,,16.6611,1.4945,1.0,1418000000.0,,0.0086827918515338,0.06063634849242046,0.1519240379810095,0.0217546872763704,0.08690680388793597,0.14059636848242546,0.2362152257204731,,0.9109680284191829,12448000000.0,923000000.0,2180000000.0,1519000000.0,3190000000.0,858000000.0,2.2500000000000004,2.2500000000000004,3.2896551724137932,2.5407925407925407,0.34538245,116.23,94.96,1.96871,41018.69,20.2862,1.4819,2.425
2013-09-30,41964000000.0,3704000000.0,4373000000.0,,,10493000000.0,,74000000.0,9487000000.0,1767000000.0,828000000.0,575000000.0,373000000.0,2.0,294300000.0,1238000000.0,149000000.0,764000000.0,1089000000.0,10493000000.0,,15.6029,1.4296,2.0,2531000000.0,,0.01973119816985988,0.08727732686834616,0.1862548750922315,0.04210752073205605,0.16839797960545125,0.1147886581638031,0.26678612838621274,,0.8470157786416648,12648000000.0,817000000.0,2061000000.0,1038000000.0,3126000000.0,978000000.0,1.0900000000000003,1.0900000000000003,3.356685860524632,2.107361963190184,0.34538245,116.23,94.96,1.96871,41018.69,20.2862,1.4819,2.425
2013-12-31,40647000000.0,3891000000.0,4730000000.0,,,10489000000.0,,674000000.0,-6320000000.0,-961000000.0,-322000000.0,-564000000.0,-76000000.0,0.0,-588400000.0,425000000.0,-170000000.0,-497000000.0,255000000.0,10489000000.0,0.8226,15.2457,1.4379,0.0,-1458000000.0,,-0.007921863852190814,0.050949367088607596,0.15205696202531646,-0.02364258124830861,-0.09161979216321861,-0.040348101265822785,0.23069620253164558,,0.8226215644820296,12354000000.0,1062000000.0,2244000000.0,2013000000.0,3268000000.0,719000000.0,3.0,3.0,3.209608323133415,3.121001390820584,0.34538245,116.23,94.96,1.96871,41018.69,20.2862,1.4819,2.425
2014-03-31,40481000000.0,3484000000.0,3576000000.0,,,11338000000.0,,102000000.0,3789000000.0,685000000.0,361000000.0,136000000.0,198000000.0,1.0,294100000.0,,61000000.0,261000000.0,,11338000000.0,,12.7654,1.3446,1.0,946000000.0,,0.008917763889231985,0.09527579836368436,0.18078648719978888,0.016921518737185347,0.06041629917092962,,0.24967009765109527,,0.9742729306487695,12959000000.0,1231000000.0,2403000000.0,,3437000000.0,576000000.0,4.0,4.0,3.2988070992144314,4.171875,0.34538245,116.23,94.96,1.96871,41018.69,20.2862,1.4819,2.425
2014-06-30,40311000000.0,3457000000.0,3839000000.0,40311000000.0,12455000000.0,11084000000.0,,774000000.0,6700000000.0,1140000000.0,574000000.0,286000000.0,300000000.0,1.95,294000000.0,1257000000.0,113000000.0,526000000.0,1144000000.0,11084000000.0,,13.3058,1.4317,1.95,1666000000.0,0.046085909273384185,0.014239289523951279,0.08567164179104478,0.1701492537313433,0.028280122051053062,0.048430264667148136,0.1707462686567164,0.24865671641791046,0.8899237254114813,0.9004949205522271,13656000000.0,1441000000.0,2631000000.0,,3685000000.0,433000000.0,4.95,4.95,3.0078697421981,6.076212471131639,0.34538245,116.23,94.96,1.96871,41018.69,20.2862,1.4819,2.425
2014-09-30,40667000000.0,3519000000.0,3873000000.0,,12707000000.0,10985000000.0,,205000000.0,10091000000.0,1959000000.0,1010000000.0,435000000.0,559000000.0,3.0,294000000.0,,152000000.0,796000000.0,,10985000000.0,,13.3507,1.4109,3.0,2755000000.0,0.0794837491146612,0.024835862001131137,0.10008918838569023,0.19413338618571005,0.048171736297243466,0.08268613878102313,,0.27301555841839265,0.8644841425985678,0.9085979860573199,14260000000.0,1623000000.0,2823000000.0,,3909000000.0,293000000.0,5.95,5.95,2.8101816321309796,9.634812286689419,0.34538245,116.23,94.96,1.96871,41018.69,20.2862,1.4819,2.425
2014-12-31,44308000000.0,3854000000.0,3781000000.0,,12576000000.0,11631000000.0,,699000000.0,-7661000000.0,-1575000000.0,-853000000.0,-266000000.0,-489000000.0,-2.95,-588100000.0,,-146000000.0,-512000000.0,,11631000000.0,0.9891,17.6885,1.6561,-2.95,-2087000000.0,-0.06782760814249364,-0.01925160241942764,0.11134316668842188,0.20558673802375668,-0.03554662814841564,-0.06506382451357046,,0.2724187442892573,0.9248568702290076,1.019307061623909,12919000000.0,1092000000.0,2209000000.0,,3280000000.0,591000000.0,3.0,3.0,3.5460365853658535,3.7377326565143822,0.34538245,116.23,94.96,1.96871,41018.69,20.2862,1.4819,2.425
2015-03-31,43977000000.0,3398000000.0,3407000000.0,43977000000.0,12761000000.0,11694000000.0,,117000000.0,3616000000.0,726000000.0,370000000.0,161000000.0,199000000.0,1.26,293900000.0,559000000.0,42000000.0,279000000.0,517000000.0,11694000000.0,,16.2124,1.5595,1.26,1005000000.0,0.02899459290024293,0.008413488869181618,0.10232300884955753,0.20077433628318583,0.01650862951088069,0.029687180535677777,0.14297566371681417,0.27793141592920356,0.916385863176867,0.9973583798062812,12746000000.0,1101000000.0,2250000000.0,,3339000000.0,616000000.0,3.26,3.26,3.5022461814914645,3.6525974025974026,0.34538245,116.23,94.96,1.96871,41018.69,20.2862,1.4819,2.425
2015-06-30,44751000000.0,3679000000.0,3935000000.0,,12788000000.0,11925000000.0,,709000000.0,6404000000.0,1198000000.0,589000000.0,323000000.0,300000000.0,2.0,293900000.0,,178000000.0,555000000.0,,11925000000.0,,15.2856,1.5016,2.0,1753000000.0,0.0460588051298092,0.013161717056602087,0.0919737663960025,0.18707058088694567,0.02677035150052513,0.04847651033868814,,0.27373516552154903,0.9325148576790742,0.9349428208386277,12450000000.0,1116000000.0,2308000000.0,,3426000000.0,653000000.0,3.3099999999999996,3.3099999999999996,3.4807355516637477,3.5344563552833077,0.34538245,116.23,94.96,1.96871,41018.69,20.2862,1.4819,2.425
2015-09-30,44971000000.0,3505000000.0,4429000000.0,44971000000.0,13040000000.0,11521000000.0,,91000000.0,9847000000.0,2028000000.0,1017000000.0,486000000.0,548000000.0,3.46,294200000.0,2199000000.0,366000000.0,840000000.0,1833000000.0,11521000000.0,,17.7825,1.7361,3.46,2868000000.0,0.07799079754601226,0.022614573836472394,0.10328018685894182,0.20595105108154768,0.045095728358275335,0.08256992793453036,0.18614806540062964,0.29125622016857927,0.8835122699386503,0.7913750282230751,12206000000.0,1123000000.0,2377000000.0,,3539000000.0,704000000.0,3.7699999999999996,3.7699999999999996,3.2554393896580955,3.3764204545454546,0.34538245,116.23,94.96,1.96871,41018.69,20.2862,1.4819,2.425
2015-12-31,45642000000.0,3836000000.0,4720000000.0,45642000000.0,13052000000.0,12006000000.0,,944000000.0,-7313000000.0,-1525000000.0,-783000000.0,-317000000.0,-442000000.0,-2.67,-587600000.0,519000000.0,-94000000.0,-544000000.0,425000000.0,12006000000.0,0.8127,15.7951,1.687,-2.67,-2069000000.0,-0.05999080600674226,-0.017155251741816747,0.10706960207849035,0.20853274989744292,-0.033412208053985364,-0.06085880756644584,-0.058115684397648026,0.28292082592643236,0.9198590254367147,0.8127118644067797,12554000000.0,1193000000.0,2427000000.0,,3557000000.0,653000000.0,4.05,4.05,3.3753162777621593,3.7166921898928025,0.34538245,116.23,94.96,1.96871,41018.69,20.2862,1.4819,2.425
2016-03-31,45580000000.0,3185000000.0,4436000000.0,,13193000000.0,12222000000.0,,61000000.0,3156000000.0,642000000.0,310000000.0,169000000.0,164000000.0,1.0,294800000.0,,210000000.0,297000000.0,,12222000000.0,,19.8738,2.0899,1.0,939000000.0,0.023497309179110134,0.006801228609039052,0.0982256020278834,0.20342205323193915,0.014085125054848617,0.02526067283100531,,0.2975285171102662,0.9264003638293035,0.7179891794409378,12094000000.0,1133000000.0,2343000000.0,,3491000000.0,661000000.0,3.79,3.79,3.501002578057863,3.5446293494704992,0.34538245,116.23,94.96,1.96871,41018.69,20.2862,1.4819,2.425
2016-06-30,47270000000.0,3499000000.0,3903000000.0,,13950000000.0,13747000000.0,,862000000.0,5950000000.0,1157000000.0,542000000.0,339000000.0,288000000.0,1.0,298000000.0,,331000000.0,599000000.0,,13747000000.0,,21.257,2.2619,1.0,1756000000.0,0.03885304659498208,0.011466046118045272,0.09109243697478991,0.19445378151260503,0.024476412100698116,0.0417734772719067,,0.29512605042016804,0.9854480286738351,0.8964898795798104,11640000000.0,1086000000.0,2302000000.0,,3494000000.0,677000000.0,2.79,2.79,3.9344590726960504,3.400295420974889,0.34538245,116.23,94.96,1.96871,41018.69,20.2862,1.4819,2.425
2016-09-30,47316000000.0,3154000000.0,3591000000.0,47316000000.0,14267000000.0,13747000000.0,,150000000.0,9368000000.0,2097000000.0,1039000000.0,517000000.0,602000000.0,3.46,300500000.0,2336000000.0,436000000.0,905000000.0,1900000000.0,13747000000.0,,18.8662,2.1264,3.46,3002000000.0,0.07282540127567112,0.02195874545608251,0.11090947907771136,0.2238471391972673,0.04431904641136191,0.07485542942814308,0.20281810418445773,0.3204526046114432,0.9635522534520221,0.8783068783068783,11161000000.0,1108000000.0,2371000000.0,,3628000000.0,708000000.0,2.79,2.79,3.7891400220507165,3.348870056497175,0.34538245,116.23,94.96,1.96871,41018.69,20.2862,1.4819,2.425
2016-12-31,48255000000.0,3406000000.0,3843000000.0,,14298000000.0,14735000000.0,,776000000.0,-6399000000.0,-1321000000.0,-646000000.0,-329000000.0,-356000000.0,-1.46,-591400000.0,1123000000.0,-132000000.0,-585000000.0,991000000.0,14735000000.0,0.8863,18.0218,2.0427,-1.46,-1906000000.0,-0.04518114421597426,-0.0133872137602321,0.10095327394905454,0.20643850601656508,-0.0273754015127966,-0.04549994833465367,-0.15486794811689328,0.2978590404750742,1.0305637152049238,0.8862867551392142,12075000000.0,1245000000.0,2575000000.0,,3791000000.0,696000000.0,4.0,4.0,3.8868372461092062,3.699712643678161,0.34538245,116.23,94.96,1.96871,41018.69,20.2862,1.4819,2.425
2017-03-31,48365000000.0,3017000000.0,3441000000.0,,14498000000.0,14829000000.0,,67000000.0,3228000000.0,771000000.0,388000000.0,181000000.0,227000000.0,1.0,306300000.0,448000000.0,113000000.0,329000000.0,335000000.0,14829000000.0,,17.9196,2.1107,1.0,1100000000.0,0.02676231204304042,0.008022330197456838,0.12019826517967781,0.23884758364312267,0.015941279851132018,0.026289767108807583,0.10377942998760843,0.34076827757125155,1.0228307352738308,0.8767800058122639,12147000000.0,1323000000.0,2704000000.0,,3952000000.0,708000000.0,4.0,4.0,3.752277327935223,3.8192090395480225,0.34538245,116.23,94.96,1.96871,41018.69,20.2862,1.4819,2.425
2017-06-30,49099000000.0,3280000000.0,4329000000.0,,14490000000.0,14703000000.0,,816000000.0,5861000000.0,1193000000.0,563000000.0,360000000.0,330000000.0,1.0,306700000.0,1574000000.0,225000000.0,662000000.0,1349000000.0,14703000000.0,,19.4951,2.1911,1.0,1855000000.0,0.038854382332643204,0.011466628648241309,0.09605869305579252,0.20354888244326907,0.024297847206664086,0.040865961018052274,0.23016550076778708,0.3164988909742365,1.0146997929606625,0.7576807576807577,12058000000.0,1344000000.0,2740000000.0,4575000000.0,4051000000.0,729000000.0,4.0,4.0,3.6294742039002714,3.758573388203018,0.34538245,116.23,94.96,1.96871,41018.69,20.2862,1.4819,2.425
2017-09-30,49246000000.0,3096000000.0,3915000000.0,49246000000.0,15102000000.0,14651000000.0,,69000000.0,9072000000.0,2066000000.0,1020000000.0,545000000.0,599000000.0,3.31,307700000.0,2227000000.0,288000000.0,998000000.0,1939000000.0,14651000000.0,,20.4972,2.2377,3.31,3064000000.0,0.06754072308303535,0.020712342119156887,0.11243386243386243,0.2277336860670194,0.04195264590017463,0.06943837596208785,0.21373456790123457,0.3377425044091711,0.9701364057740697,0.7908045977011494,11762000000.0,1325000000.0,2709000000.0,4614000000.0,4113000000.0,757000000.0,3.85,3.85,3.562120106977875,3.5785997357992074,0.34538245,116.23,94.96,1.96871,41018.69,20.2862,1.4819,2.425
2017-12-31,48111000000.0,3537000000.0,4902000000.0,48111000000.0,15418000000.0,14731000000.0,,797000000.0,-6128000000.0,-1420000000.0,-446000000.0,-357000000.0,-684000000.0,-0.3700000000000001,-611900000.0,-882000000.0,-211000000.0,-648000000.0,-1093000000.0,14731000000.0,0.7215,16.9938,2.2851,-0.3700000000000001,-2068000000.0,-0.028927227915423532,-0.009270229261499448,0.07278067885117494,0.23172323759791122,-0.02951507971150049,-0.04709940628213208,0.17836161879895562,0.337467362924282,0.9554416915293812,0.7215422276621787,12033000000.0,1525000000.0,2610000000.0,2530000000.0,3951000000.0,729000000.0,4.94,4.94,3.7284231840040496,3.580246913580247,0.34538245,116.23,94.96,1.96871,41018.69,20.2862,1.4819,2.425
2018-03-31,48900000000.0,3773000000.0,5651000000.0,,15654000000.0,14730000000.0,,651000000.0,3364000000.0,755000000.0,428000000.0,195000000.0,117000000.0,1.0,311600000.0,143000000.0,35000000.0,348000000.0,108000000.0,14730000000.0,,15.2968,2.1042,1.0,1103000000.0,0.027341254631404115,0.008752556237218814,0.1272294887039239,0.22443519619500593,0.015439672801635992,0.024848604528699317,0.03210463733650416,0.3278834720570749,0.9409735530854734,0.6676694390373386,12169000000.0,1565000000.0,2594000000.0,2303000000.0,3954000000.0,743000000.0,4.9399999999999995,4.9399999999999995,3.725341426403642,3.4912516823687754,0.34538245,116.23,94.96,1.96871,41018.69,20.2862,1.4819,2.425
2018-06-30,49064000000.0,3436000000.0,5456000000.0,49064000000.0,15648000000.0,15225000000.0,,866000000.0,6060000000.0,1180000000.0,616000000.0,391000000.0,156000000.0,1.98,311700000.0,1040000000.0,109000000.0,702000000.0,931000000.0,15225000000.0,,15.4262,2.1306,1.98,1882000000.0,0.03936605316973415,0.012555030164682863,0.10165016501650165,0.19471947194719472,0.02405022012065873,0.03822109934246753,0.15363036303630362,0.3105610561056106,0.972967791411043,0.6297653958944281,12368000000.0,1618000000.0,2581000000.0,1885000000.0,3981000000.0,774000000.0,5.92,5.92,3.824415975885456,3.334625322997416,0.34538245,116.23,94.96,1.96871,41018.69,20.2862,1.4819,2.425
2018-09-30,49544000000.0,3356000000.0,5401000000.0,49544000000.0,15887000000.0,15480000000.0,,199000000.0,9388000000.0,2007000000.0,1051000000.0,597000000.0,330000000.0,3.37,311900000.0,1600000000.0,193000000.0,1061000000.0,1407000000.0,15480000000.0,,15.1493,2.0432,3.37,3068000000.0,0.06615471769371184,0.021213466817374457,0.11195142735406903,0.2137835534725181,0.04050944614887776,0.06398444224822265,0.14987217724755006,0.3268001704303366,0.9743815698369737,0.6213664136271061,12684000000.0,1649000000.0,2522000000.0,1353000000.0,3985000000.0,826000000.0,5.98,5.98,3.8845671267252198,3.053268765133172,0.34538245,116.23,94.96,1.96871,41018.69,20.2862,1.4819,2.425
2018-12-31,53920000000.0,3864000000.0,6207000000.0,53920000000.0,16726000000.0,17495000000.0,825000000.0,895000000.0,-6475000000.0,-1278000000.0,-713000000.0,-364000000.0,-202000000.0,-1.9299999999999997,-622300000.0,-88000000.0,,-673000000.0,,18320000000.0,0.6225,17.2326,2.0584,-1.9299999999999997,-1951000000.0,-0.04262824345330623,-0.013223293768545995,0.11011583011583012,0.19737451737451736,-0.02370178041543027,-0.036466358500256806,,0.30131274131274133,1.0953007294033241,0.6225229579507008,12337000000.0,1382000000.0,2664000000.0,,4102000000.0,819000000.0,4.42,4.42,4.466114090687469,3.2527472527472527,0.34538245,116.23,94.96,1.96871,41018.69,20.2862,1.4819,2.425
2019-03-31,55066000000.0,3781000000.0,6348000000.0,55066000000.0,17369000000.0,16933000000.0,0.0,406000000.0,3514000000.0,786000000.0,424000000.0,247000000.0,108000000.0,1.31,323400000.0,464000000.0,48000000.0,413000000.0,416000000.0,16933000000.0,,20.0059,2.349,1.31,1199000000.0,0.02441130750187115,0.007699851087785567,0.12066021627774616,0.2236767216846898,0.014273780554243998,0.022914115794997376,0.11838360842344905,0.3412066021627775,0.9748978064367552,0.5956206679269062,12487000000.0,1378000000.0,2695000000.0,,4198000000.0,871000000.0,4.73,4.73,4.033587422582182,3.0941446613088406,0.34538245,116.23,94.96,1.96871,41018.69,20.2862,1.4819,2.425
2019-06-30,55602000000.0,3707000000.0,5969000000.0,,17709000000.0,17496000000.0,0.0,831000000.0,6258000000.0,1244000000.0,576000000.0,510000000.0,127000000.0,1.77,326100000.0,1538000000.0,92000000.0,831000000.0,1446000000.0,17496000000.0,,21.2933,2.4403,1.77,2075000000.0,0.03252583432153142,0.010359339592101004,0.09204218600191755,0.19878555449025248,0.022373295924607028,0.035335889788382334,0.23106423777564716,0.3315755832534356,0.987972217516517,0.6210420505947395,12685000000.0,1338000000.0,2759000000.0,,4391000000.0,990000000.0,4.5200000000000005,4.5200000000000005,3.9845137781826465,2.786868686868687,0.34538245,116.23,94.96,1.96871,41018.69,20.2862,1.4819,2.425
2019-09-30,55940000000.0,3581000000.0,6219000000.0,,17959000000.0,17537000000.0,0.0,78000000.0,9623000000.0,2111000000.0,1048000000.0,772000000.0,243000000.0,3.19,328300000.0,1960000000.0,143000000.0,1253000000.0,1817000000.0,17537000000.0,,22.7375,2.686,3.19,3364000000.0,0.05835514226850047,0.01873435824097247,0.10890574664865427,0.219370258755066,0.037736860922416876,0.059471489745323416,0.18881845578301984,0.3495791333264055,0.9765020324071496,0.5758160475960765,12920000000.0,1335000000.0,2863000000.0,,4687000000.0,1165000000.0,4.34,4.34,3.741625773415831,2.457510729613734,0.34538245,116.23,94.96,1.96871,41018.69,20.2862,1.4819,2.425
2019-12-31,58079000000.0,4272000000.0,6287000000.0,58079000000.0,18022000000.0,18527000000.0,,981000000.0,-6821000000.0,-1465000000.0,-705000000.0,-538000000.0,-182000000.0,-2.1899999999999995,-648300000.0,-828000000.0,,-813000000.0,,18527000000.0,0.6795,22.3772,2.5681,-2.1899999999999995,-2278000000.0,-0.03911885473310398,-0.012138638750667195,0.10335727899135025,0.2147778918047207,-0.02522426350315949,-0.04008317601028756,,0.3339686263011289,1.0280213072910886,0.679497375536822,12574000000.0,1343000000.0,2676000000.0,,4360000000.0,991000000.0,4.08,4.08,4.249311926605505,2.7003027245206863,0.34538245,116.23,94.96,1.96871,41018.69,20.2862,1.4819,2.425
2020-03-31,59159000000.0,5026000000.0,6311000000.0,,18261000000.0,19423000000.0,,1395000000.0,3234000000.0,808000000.0,375000000.0,322000000.0,55000000.0,1.12,334600000.0,412000000.0,,470000000.0,,19423000000.0,,20.1159,2.2648,1.12,1278000000.0,0.02053556760308855,0.006338849541067293,0.11595547309833024,0.24984539270253556,0.013658107811152995,0.02144146056681881,,0.39517625231910947,1.0636328788127705,0.7963872603390905,12294000000.0,1294000000.0,2698000000.0,,4439000000.0,1066000000.0,3.8900000000000006,3.8900000000000006,4.375535030412255,2.530956848030019,0.34538245,116.23,94.96,1.96871,41018.69,20.2862,1.4819,2.425
2020-06-30,59081000000.0,4564000000.0,6705000000.0,59081000000.0,18225000000.0,19149000000.0,,1144000000.0,5953000000.0,1287000000.0,565000000.0,570000000.0,64000000.0,1.69,334700000.0,1180000000.0,,946000000.0,,19149000000.0,,18.0285,2.0876,1.69,2233000000.0,0.031001371742112482,0.009563142126910514,0.09491012934654795,0.21619351587434907,0.021783652951033326,0.034435703965323486,,0.37510498908113554,1.0506995884773662,0.6806860551826994,11989000000.0,1283000000.0,2741000000.0,,4597000000.0,1126000000.0,3.8100000000000005,3.8100000000000005,4.165542745268653,2.4342806394316163,0.34538245,116.23,94.96,1.96871,41018.69,20.2862,1.4819,2.425
2020-09-30,59595000000.0,4204000000.0,7160000000.0,,18494000000.0,19206000000.0,,153000000.0,9286000000.0,2147000000.0,1058000000.0,797000000.0,183000000.0,3.16,335000000.0,1368000000.0,,1428000000.0,,19206000000.0,,19.2341,2.262,3.16,3575000000.0,0.05720774305180058,0.01775316721201443,0.11393495584751238,0.2312082705147534,0.036026512291299606,0.05694960212201591,,0.3849881542106397,1.038498972639775,0.5871508379888268,11652000000.0,1293000000.0,2777000000.0,,4808000000.0,1151000000.0,3.7800000000000007,3.7800000000000007,3.99459234608985,2.412684622067767,0.34538245,116.23,94.96,1.96871,41018.69,20.2862,1.4819,2.425
2020-12-31,62895000000.0,5301000000.0,7354000000.0,62895000000.0,18847000000.0,20382000000.0,165000000.0,1272000000.0,-6227000000.0,-1588000000.0,-897000000.0,-670000000.0,-212000000.0,-2.690000000000001,-668600000.0,-762000000.0,,-924000000.0,,20547000000.0,0.7208,22.4566,2.1489,-2.690000000000001,-2512000000.0,-0.047593781503687586,-0.0142618650131171,0.1440501043841336,0.25501846796210054,-0.025248429922887353,-0.040310707214296596,,0.403404528665489,1.0902000318353053,0.7208322001631765,12246000000.0,1101000000.0,2654000000.0,,4574000000.0,1019000000.0,3.28,3.28,4.492129427197201,2.604514229636899,0.34538245,116.23,94.96,1.96871,41018.69,20.2862,1.4819,2.425
2021-03-31,62299000000.0,4587000000.0,6559000000.0,,19033000000.0,20614000000.0,,76000000.0,3677000000.0,860000000.0,419000000.0,176000000.0,78000000.0,1.22,343000000.0,289000000.0,,497000000.0,,20614000000.0,,22.387,2.1591,1.22,1357000000.0,0.022014396048967582,0.006725629624873593,0.11395159097090019,0.23388632036986673,0.013804394934108092,0.021691426841879587,,0.36905085667663856,1.0830662533494457,0.6993444122579662,12689000000.0,1145000000.0,2706000000.0,,4653000000.0,873000000.0,3.379999999999999,3.379999999999999,4.430260047281324,3.0996563573883162,0.34538245,116.23,94.96,1.96871,41018.69,20.2862,1.4819,2.425
2021-06-30,62919000000.0,5110000000.0,5557000000.0,,19743000000.0,21666000000.0,,1067000000.0,6648000000.0,1279000000.0,584000000.0,436000000.0,68000000.0,1.7,344800000.0,1393000000.0,,1000000000.0,,21666000000.0,,22.6092,2.1048,1.7,2279000000.0,0.02958010434077901,0.009281774980530523,0.08784596871239471,0.19238868832731648,0.020327722945374212,0.030887005240406676,,0.3428098676293622,1.0974016106974624,0.9195609141623178,13384000000.0,1164000000.0,2698000000.0,,4699000000.0,739000000.0,3.3899999999999992,3.3899999999999992,4.610768248563524,3.650879566982409,0.34538245,116.23,94.96,1.96871,41018.69,20.2862,1.4819,2.425
2021-09-30,62938000000.0,5096000000.0,5255000000.0,,20037000000.0,21841000000.0,,66000000.0,10261000000.0,2129000000.0,1122000000.0,669000000.0,194000000.0,3.23,347500000.0,1712000000.0,,1511000000.0,,21841000000.0,,22.0189,2.0908,3.23,3640000000.0,0.05599640664770175,0.017827067908100035,0.10934606763473345,0.20748465061884808,0.03382694079888144,0.0508381489087349,,0.3547412532891531,1.090033438139442,0.9697431018078021,14359000000.0,1228000000.0,2680000000.0,,4764000000.0,611000000.0,3.459999999999999,3.459999999999999,4.584592779177162,4.386252045826514,0.34538245,116.23,94.96,1.96871,41018.69,20.2862,1.4819,2.425
2021-12-31,63116000000.0,5551000000.0,5427000000.0,,20037000000.0,22604000000.0,0.0,992000000.0,-6910000000.0,-1442000000.0,-779000000.0,-376000000.0,-150000000.0,-2.3000000000000003,-685900000.0,-661000000.0,,-976000000.0,,22604000000.0,1.0228,22.4233,2.385,-2.3000000000000003,-2418000000.0,-0.0388780755602136,-0.012342353761328348,0.11273516642547034,0.20868306801736614,-0.022846821725077633,-0.03381721817030557,,0.3499276410998553,1.1281129909667116,1.0228487193661322,13676000000.0,1346000000.0,2826000000.0,,4858000000.0,905000000.0,3.85,3.85,4.652943598188555,3.1226519337016576,0.34538245,116.23,94.96,1.96871,41018.69,20.2862,1.4819,2.425
2022-03-31,63737000000.0,5462000000.0,5415000000.0,,20378000000.0,22583000000.0,,108000000.0,4060000000.0,799000000.0,602000000.0,182000000.0,153000000.0,1.7,355100000.0,473000000.0,,529000000.0,,22583000000.0,,21.9326,2.5788,1.7,1328000000.0,0.029541662577289234,0.009445063307027315,0.1482758620689655,0.19679802955665024,0.01253588967161931,0.018598263541351457,,0.3270935960591133,1.1082049268819314,1.008679593721145,14059000000.0,1529000000.0,2765000000.0,,4829000000.0,911000000.0,4.33,4.33,4.676537585421412,3.035126234906696,0.34538245,116.23,94.96,1.96871,41018.69,20.2862,1.4819,2.425
2022-06-30,65072000000.0,6016000000.0,6823000000.0,,20387000000.0,22361000000.0,,1127000000.0,7475000000.0,1185000000.0,857000000.0,387000000.0,171000000.0,2.41,355300000.0,1957000000.0,,1068000000.0,,22361000000.0,,20.8113,2.5017,2.41,2253000000.0,0.04203659194584784,0.013170027046963363,0.11464882943143813,0.15852842809364548,0.018210597492008852,0.02772059511556096,,0.3014046822742475,1.0968264089861186,0.8817235820020519,14886000000.0,1802000000.0,2671000000.0,,4803000000.0,862000000.0,5.04,5.04,4.65563189673121,3.0986078886310904,0.34538245,116.23,94.96,1.96871,41018.69,20.2862,1.4819,2.425
2022-09-30,65763000000.0,5733000000.0,6890000000.0,,20748000000.0,22350000000.0,,78000000.0,11639000000.0,2074000000.0,1470000000.0,586000000.0,330000000.0,4.13,355700000.0,2618000000.0,,1593000000.0,,22350000000.0,,17.951,2.1784,4.13,3667000000.0,0.0708502024291498,0.02235299484512568,0.1262995102672051,0.17819400292121315,0.03153749068625215,0.04812288273237737,,0.3150614313944497,1.0772122614227877,0.8320754716981132,16264000000.0,2150000000.0,2616000000.0,,4830000000.0,779000000.0,5.9399999999999995,5.9399999999999995,4.627329192546584,3.3581514762516047,0.34538245,116.23,94.96,1.96871,41018.69,20.2862,1.4819,2.425
2022-12-31,69065000000.0,12972000000.0,11336000000.0,,20687000000.0,22439000000.0,400000000.0,1282000000.0,-7504000000.0,-1434000000.0,-1269000000.0,-303000000.0,-156000000.0,-3.58,-710300000.0,-1113000000.0,,-1134000000.0,,22839000000.0,1.1443,20.3747,2.3564,-3.58,-2568000000.0,-0.06134287233528303,-0.018373995511474697,0.1691098081023454,0.19109808102345416,-0.020763049301382754,-0.03294582548361898,,0.3422174840085288,1.1040266834243728,1.144318983768525,15670000000.0,1660000000.0,2624000000.0,,4680000000.0,852000000.0,4.660000000000001,4.660000000000001,4.880128205128205,3.07981220657277,0.34538245,116.23,94.96,1.96871,41018.69,20.2862,1.4819,2.425
2023-03-31,62804000000.0,5868000000.0,4895000000.0,,20843000000.0,20645000000.0,,771000000.0,4403000000.0,1739000000.0,1433000000.0,262000000.0,243000000.0,4.05,354200000.0,92000000.0,,499000000.0,,20645000000.0,,13.3054,2.2357,4.05,2238000000.0,0.06875209902605191,0.02281701802432966,0.3254599136952078,0.3949579831932773,0.02768931915164639,0.0419157346702661,,0.5082898024074495,0.9905004078107758,1.1987742594484168,16013000000.0,2491000000.0,3564000000.0,,5590000000.0,932000000.0,7.010000000000001,7.010000000000001,3.6932021466905187,3.8240343347639487,0.34538245,116.23,94.96,1.96871,41018.69,20.2862,1.4819,2.425
2023-06-30,63771000000.0,6203000000.0,6072000000.0,,20805000000.0,20648000000.0,,1955000000.0,7347000000.0,2022000000.0,1658000000.0,499000000.0,272000000.0,4.72,351300000.0,1164000000.0,,994000000.0,,20648000000.0,,12.7243,2.142,4.72,3016000000.0,0.07969238163902909,0.02599927866898747,0.2256703416360419,0.2752143732135566,0.03170720233334901,0.048778134272549636,,0.41050769021369266,0.9924537370824321,1.021574440052701,15885000000.0,3292000000.0,4401000000.0,,6353000000.0,1044000000.0,9.32,9.32,3.2501180544624586,4.2155172413793105,0.34538245,116.23,94.96,1.96871,41018.69,20.2862,1.4819,2.425
2023-09-30,64405000000.0,5939000000.0,6050000000.0,,21078000000.0,20650000000.0,,539000000.0,11219000000.0,2745000000.0,2185000000.0,758000000.0,416000000.0,6.24,349900000.0,1181000000.0,,1506000000.0,,20650000000.0,,11.8538,1.9208,6.24,4251000000.0,0.10366258658316728,0.03392593742721838,0.19475889116677067,0.2446742133880025,0.042620914525269775,0.0657831671779141,,0.37891077636152953,0.9796944681658601,0.9816528925619835,15465000000.0,4007000000.0,5072000000.0,,6937000000.0,1216000000.0,11.43,11.43,2.9767911200807267,4.171052631578948,0.34538245,116.23,94.96,1.96871,41018.69,20.2862,1.4819,2.425
2024-03-31,66680000000.0,6166000000.0,6244000000.0,,21615000000.0,21929000000.0,,169000000.0,4280000000.0,1011000000.0,720000000.0,289000000.0,184000000.0,2.08,346800000.0,573000000.0,,539000000.0,,21929000000.0,,17.2918,2.1484,2.08,1550000000.0,0.033310201249132546,0.010797840431913617,0.16822429906542055,0.23621495327102804,0.015161967606478704,0.0232178945434503,,0.3621495327102804,1.014526948878094,0.9875080076873799,27249000000.0,5996000000.0,7517000000.0,,11055000000.0,1808000000.0,17.09,17.09,1.9836273179556763,4.157632743362832,0.34538245,116.23,94.96,1.96871,41018.69,20.2862,1.4819,2.425
2024-06-30,67920000000.0,6487000000.0,6216000000.0,,21560000000.0,23311000000.0,,1500000000.0,7495000000.0,1331000000.0,922000000.0,577000000.0,174000000.0,2.66,346900000.0,1912000000.0,,1051000000.0,,23311000000.0,,17.2355,2.0734,2.66,2382000000.0,0.04276437847866419,0.013574793875147232,0.12301534356237491,0.17758505670446964,0.019596584216725558,0.029662811169797864,,0.3178118745830554,1.0812152133580706,1.0435971685971686,30341000000.0,5485000000.0,7109000000.0,,11199000000.0,2123000000.0,15.7,15.7,2.0815251361728726,3.348563353744701,0.34538245,116.23,94.96,1.96871,41018.69,20.2862,1.4819,2.425
2024-09-30,68645000000.0,6080000000.0,6027000000.0,,21898000000.0,23438000000.0,,93000000.0,11587000000.0,2193000000.0,1510000000.0,883000000.0,307000000.0,4.35,347200000.0,2304000000.0,,1601000000.0,,23438000000.0,,19.5468,2.3977,4.35,3794000000.0,0.06895606904740159,0.021997232136353705,0.1303184603434884,0.18926383015448348,0.03194697355961833,0.0483721545791424,,0.32743591956502976,1.070326057174171,1.0087937614070017,34581000000.0,5337000000.0,7280000000.0,,11977000000.0,2507000000.0,15.330000000000002,15.330000000000002,1.9569174250647074,2.903869166334264,0.34538245,116.23,94.96,1.96871,41018.69,20.2862,1.4819,2.425
2024-12-31,70562000000.0,6664000000.0,6433000000.0,,19971000000.0,,,1324000000.0,-8106000000.0,-1865000000.0,-1332000000.0,-562000000.0,-347000000.0,-3.8499999999999996,-693600000.0,-1175000000.0,,-1036000000.0,,0.0,1.0359,17.3292,2.0669,-3.8499999999999996,-2901000000.0,-0.06669671022983326,-0.018877015957597575,0.16432272390821615,0.23007648655317048,-0.026430656727417023,-0.09338540884282209,,0.35788304959289413,0.0,1.0359085963003265,15256000000.0,1820000000.0,2670000000.0,,4825000000.0,1187000000.0,5.240000000000001,5.240000000000001,0.0,2.249368155012637,0.34538245,116.23,94.96,1.96871,41018.69,20.2862,1.4819,2.425
2025-03-31,70691000000.0,6133000000.0,4780000000.0,,23783000000.0,,,360000000.0,4798000000.0,1125000000.0,791000000.0,313000000.0,242000000.0,2.25,351300000.0,837000000.0,,564000000.0,,0.0,,21.0653,2.5247,2.25,1689000000.0,0.03325905058234874,0.011189543223324045,0.1648603584827011,0.23447269695706544,0.01591433138589071,0.04730269520245554,,0.3520216756982076,0.0,1.2830543933054392,15774000000.0,1891000000.0,2784000000.0,,4964000000.0,1211000000.0,5.410000000000001,5.410000000000001,0.0,2.2989265070189924,0.34538245,116.23,94.96,1.96871,41018.69,20.2862,1.4819,2.425
2025-06-30,71501000000.0,6050000000.0,5514000000.0,,23756000000.0,,,1506000000.0,8393000000.0,1480000000.0,1038000000.0,612000000.0,292000000.0,2.92,355800000.0,2816000000.0,,1140000000.0,,0.0,,18.6851,2.2385,2.92,2620000000.0,0.04369422461693888,0.01451727947860869,0.12367449064696771,0.17633742404384606,0.020699011202640522,0.06230005051355447,,0.3121648993208626,0.0,1.0972071091766413,16672000000.0,2007000000.0,2933000000.0,,5202000000.0,1246000000.0,5.670000000000001,5.670000000000001,0.0,2.353932584269663,0.34538245,116.23,94.96,1.96871,41018.69,20.2862,1.4819,2.425
2025-09-30,71844000000.0,5460000000.0,5079000000.0,,24168000000.0,,,181000000.0,12924000000.0,2448000000.0,1726000000.0,922000000.0,493000000.0,4.83,357600000.0,3320000000.0,,1726000000.0,,0.0,,17.8146,2.1852,4.83,4174000000.0,0.07141674942072161,0.024024274817660486,0.1335499845249149,0.1894150417827298,0.034073826624352765,0.1012909632571996,,0.3229650263076447,0.0,1.0750147666863556,18009000000.0,2223000000.0,3188000000.0,,5582000000.0,1285000000.0,6.150000000000001,6.150000000000001,0.0,2.480933852140078,0.34538245,116.23,94.96,1.96871,41018.69,20.2862,1.4819,2.425
2025-12-31,74603000000.0,6750000000.0,6614000000.0,,24190000000.0,,,1629000000.0,-9197000000.0,-2118000000.0,-1532000000.0,-614000000.0,-453000000.0,-4.36,-706000000.0,-2173000000.0,,-1109000000.0,,0.0,1.0206,17.729,2.1193,-4.36,-3227000000.0,-0.06333195535345185,-0.0205353672104339,0.166576057410025,0.23029248668043928,-0.02839027921129177,-0.08755684167011162,,0.3508752854191584,0.0,1.0205624433020866,16918000000.0,2023000000.0,2935000000.0,,5256000000.0,1233000000.0,5.64,5.64,0.0,2.3803730738037308,0.34538245,116.23,94.96,1.96871,41018.69,20.2862,1.4819,2.425
