report_date,total_assets,current_assets,current_liabilities,total_liabilities,total_equity,long_term_debt,cash,shares_outstanding,revenue,operating_income,net_income,interest_expense,income_tax,eps_diluted,shares_diluted,operating_cash_flow,capex,depreciation,fcf,total_debt,bf_current_ratio,bf_pe,bf_ps,eps,ebitda,roe,roa,net_margin,operating_margin,roi,roic,fcf_margin,ebitda_margin,debt_equity,current_ratio,revenue_ttm,net_income_ttm,operating_income_ttm,fcf_ttm,ebitda_ttm,eps_diluted_ttm,eps_ttm,debt_to_ebitda,bf_beta,bf_52w_high,bf_52w_low,bf_10d_avg_vol,bf_market_cap,bf_pe_ttm,bf_pb_annual,bf_ps_ttm
2010-11-30,659407000.0,278894000.0,85512000.0,116849000.0,542558000.0,,202351000.0,,173289000.0,59429000.0,41601000.0,,17953000.0,0.88,47487000.0,22184000.0,8021000.0,9392000.0,14163000.0,0.0,,26.3995,6.2351,0.88,68821000.0,0.07667567338422805,0.0630885022451991,0.2400671710264356,0.3429473307595981,0.09012491526477577,0.10953483314226313,0.08173051953672766,0.3971458084471605,0.0,3.2614603798297317,,,,,,,,,0.7045578,474.79,185.0,1.23766,8446.769,14.3703,6.4553,3.5179
2011-02-28,683070000.0,298452000.0,91327000.0,124883000.0,558187000.0,,203105000.0,,350924000.0,117522000.0,86855000.0,,30924000.0,1.83,47495000.0,72481000.0,15433000.0,18758000.0,57048000.0,0.0,,29.363,7.122,1.83,136280000.0,0.15560197568198472,0.1271538788118348,0.24750373300201753,0.3348930252704289,0.1720497167201019,0.2105423451280664,0.16256511381381725,0.38834619461763803,0.0,3.267949237355875,,,,,,,,,0.7045578,474.79,185.0,1.23766,8446.769,14.3703,6.4553,3.5179
2011-05-31,684631000.0,298490000.0,97277000.0,130194000.0,554437000.0,,208668000.0,,534571000.0,179345000.0,130166000.0,,49608000.0,2.75,47418000.0,136996000.0,22806000.0,27950000.0,114190000.0,0.0,,29.9826,7.2293,2.75,207295000.0,0.23477148891578303,0.19012577578286696,0.2434961866618279,0.33549332081238975,0.26195863173008527,0.32347227908671317,0.21361054004051847,0.38777823712846377,0.0,3.068454002487741,,,,,,,,,0.7045578,474.79,185.0,1.23766,8446.769,14.3703,6.4553,3.5179
2011-08-31,657440000.0,273170000.0,109423000.0,142252000.0,515188000.0,,181685000.0,,-332274000.0,-117961000.0,-87576000.0,,-30573000.0,-1.85,-95045000.0,-24525000.0,-16917000.0,-19253000.0,-41442000.0,0.0,2.4965,23.5521,5.545,-1.85,-137214000.0,-0.16998843140756384,-0.13320759308834265,0.26356561151338953,0.3550112256751958,-0.17942473837916767,-0.22896690140298298,0.12472236768450135,0.41295436898463317,0.0,2.4964586969832667,726510000.0,171046000.0,238335000.0,143959000.0,275182000.0,3.61,3.61,0.0,0.7045578,474.79,185.0,1.23766,8446.769,14.3703,6.4553,3.5179
2011-11-30,663506000.0,287561000.0,95281000.0,127141000.0,536365000.0,,193754000.0,,196448000.0,66753000.0,45544000.0,,21486000.0,0.99,46103000.0,54754000.0,6054000.0,8403000.0,48700000.0,0.0,,24.0282,5.6087,0.99,75156000.0,0.08491232649408519,0.06864142901495993,0.23183743280664604,0.3397998452516697,0.10060647529939443,0.12445442935314571,0.2479027528913504,0.3825745235380355,0.0,3.018030877089871,749669000.0,174989000.0,245659000.0,178496000.0,281517000.0,3.7199999999999998,3.7199999999999998,0.0,0.7045578,474.79,185.0,1.23766,8446.769,14.3703,6.4553,3.5179
2012-02-29,663824000.0,292037000.0,90694000.0,119800000.0,,,184998000.0,,395819000.0,133870000.0,92290000.0,,42353000.0,2.01,45972000.0,98459000.0,10644000.0,16692000.0,87815000.0,0.0,,22.1866,5.0758,2.01,150562000.0,,0.13902781460146063,0.23316212713386675,0.3382101415040713,0.20166489912988986,,0.2218564545916189,0.38038093168847376,,3.2200255805235187,794564000.0,180424000.0,262007000.0,209263000.0,295799000.0,3.8999999999999995,3.8999999999999995,0.0,0.7045578,474.79,185.0,1.23766,8446.769,14.3703,6.4553,3.5179
2012-05-31,694519000.0,328695000.0,106190000.0,134133000.0,,,228530000.0,,598130000.0,202363000.0,140270000.0,,63349000.0,3.05,45971000.0,174896000.0,16863000.0,25046000.0,158033000.0,0.0,,26.1421,5.994,3.05,227409000.0,,0.20196711681033924,0.23451423603564442,0.33832611639610116,0.2913714383623774,,0.2642117934228345,0.3801999565311889,,3.09534796120162,858123000.0,190528000.0,285025000.0,253106000.0,315913000.0,4.199999999999999,4.199999999999999,0.0,0.7045578,474.79,185.0,1.23766,8446.769,14.3703,6.4553,3.5179
2012-08-31,694143000.0,299125000.0,113176000.0,141879000.0,552264000.0,,189044000.0,,-384604000.0,-129996000.0,-89295000.0,,-41292000.0,-1.9299999999999997,-92236000.0,-96144000.0,-11041000.0,-16362000.0,-107185000.0,0.0,2.643,21.7331,5.0924,-1.9299999999999997,-146358000.0,-0.1616889748381209,-0.12864064032915407,0.23217387234662146,0.3379996047883017,-0.18727553256317503,-0.23538742340619703,0.27868924920177635,0.3805420640450957,0.0,2.6430073513819186,805793000.0,188809000.0,272990000.0,187363000.0,306769000.0,4.119999999999999,4.119999999999999,0.0,0.7045578,474.79,185.0,1.23766,8446.769,14.3703,6.4553,3.5179
2012-11-30,711856000.0,320046000.0,95333000.0,125343000.0,,,210712000.0,,211085000.0,71085000.0,49769000.0,,21744000.0,1.11,44984000.0,50636000.0,6097000.0,8917000.0,44539000.0,0.0,,21.1836,4.9842,1.11,80002000.0,,0.06991442089411341,0.23577705663595233,0.336760072956392,0.09985867928345059,,0.21100030793282326,0.37900371888101947,,3.357137612369274,820430000.0,193034000.0,277322000.0,183202000.0,311615000.0,4.24,4.24,0.0,0.7045578,474.79,185.0,1.23766,8446.769,14.3703,6.4553,3.5179
2013-02-28,669978000.0,284561000.0,94813000.0,122798000.0,,,151314000.0,,424167000.0,127248000.0,94307000.0,,33726000.0,2.0,44788000.0,97038000.0,9084000.0,18010000.0,87954000.0,0.0,,22.2287,5.0853,2.0,145258000.0,,0.14076133843200822,0.22233459934412625,0.29999504911980424,0.18992862452199924,,0.2073570079709171,0.34245474070354365,,3.0012867433790724,848778000.0,195051000.0,270700000.0,183341000.0,306311000.0,4.23,4.23,0.0,0.7045578,474.79,185.0,1.23766,8446.769,14.3703,6.4553,3.5179
2013-05-31,735330000.0,360088000.0,105146000.0,132041000.0,,,242839000.0,,638779000.0,198885000.0,147674000.0,,52357000.0,3.0,44784000.0,193627000.0,13288000.0,26941000.0,180339000.0,0.0,,22.0097,5.1021,3.0,225826000.0,,0.20082683965022508,0.23118167629180045,0.31135181338146684,0.27047040104442904,,0.28231829787766977,0.35352758935406453,,3.4246476328153235,889427000.0,202455000.0,267222000.0,205647000.0,304728000.0,4.180000000000001,4.180000000000001,0.0,0.7045578,474.79,185.0,1.23766,8446.769,14.3703,6.4553,3.5179
2013-08-31,690197000.0,318034000.0,118253000.0,,541779000.0,,196627000.0,,-415919000.0,-127799000.0,-93113000.0,,-35554000.0,-2.1100000000000003,-89932000.0,-71492000.0,-9952000.0,-18089000.0,-81444000.0,0.0,2.6894,22.2213,5.1438,-2.1100000000000003,-145888000.0,-0.1718652808617536,-0.13490785964007376,0.22387291756327554,0.30726896342797516,-0.18516307662884654,-0.23588769590552605,0.19581697397810632,0.3507606048293057,0.0,2.6894370544510497,858112000.0,198637000.0,269419000.0,231388000.0,305198000.0,4.0,4.0,0.0,0.7045578,474.79,185.0,1.23766,8446.769,14.3703,6.4553,3.5179
2013-11-30,671158000.0,280969000.0,97713000.0,124536000.0,,,174021000.0,,222975000.0,74740000.0,52178000.0,,22903000.0,1.0,43773000.0,58139000.0,5438000.0,8763000.0,52701000.0,0.0,,24.2669,5.6078,1.0,83503000.0,,0.07774324376674345,0.23400829689427066,0.3351945285345891,0.11135976923466606,,0.2363538513286243,0.3744948985312255,,2.8754515775792373,870002000.0,201046000.0,273074000.0,239550000.0,308699000.0,3.8899999999999997,3.8899999999999997,0.0,0.7045578,474.79,185.0,1.23766,8446.769,14.3703,6.4553,3.5179
2014-02-28,653965000.0,232036000.0,109290000.0,136311000.0,,,88790000.0,,449909000.0,149795000.0,104604000.0,,45876000.0,2.0,43432000.0,98727000.0,8032000.0,17442000.0,90695000.0,0.0,,21.367,5.0509,2.0,167237000.0,,0.15995351433180674,0.2325003500707921,0.33294510667712807,0.22905660088842675,,0.20158520945346725,0.3717129463958267,,2.1231219690731082,895744000.0,211343000.0,295621000.0,242291000.0,330678000.0,3.8899999999999997,3.8899999999999997,0.0,0.7045578,474.79,185.0,1.23766,8446.769,14.3703,6.4553,3.5179
2014-05-31,659636000.0,240103000.0,119197000.0,144368000.0,,,118858000.0,,681671000.0,222833000.0,156136000.0,,67715000.0,3.0,43170000.0,193722000.0,11704000.0,25852000.0,182018000.0,0.0,,21.9087,5.0358,3.0,248685000.0,,0.23670024073883172,0.22904891069152128,0.3268922984841661,0.33781206604854797,,0.26701737348368937,0.3648167517761501,,2.014337609168016,938636000.0,219805000.0,319569000.0,243970000.0,353537000.0,3.8899999999999997,3.8899999999999997,0.0,0.7045578,474.79,185.0,1.23766,8446.769,14.3703,6.4553,3.5179
2014-08-31,663212000.0,249775000.0,127291000.0,152130000.0,511082000.0,,116378000.0,,-434220000.0,-145149000.0,-101375000.0,,-44573000.0,-2.0,-87405000.0,-85565000.0,-7431000.0,-17622000.0,-92996000.0,0.0,1.9622,25.2646,5.8072,-2.0,-162771000.0,-0.1983536888405383,-0.15285459249832634,0.2334646031965363,0.33427525217631615,-0.21885762018781324,-0.28400334975600783,0.21416793330569758,0.37485836672654416,0.0,1.962236136097603,920335000.0,211543000.0,302219000.0,232418000.0,336654000.0,4.0,4.0,0.0,0.7045578,474.79,185.0,1.23766,8446.769,14.3703,6.4553,3.5179
2014-11-30,646479000.0,245732000.0,120567000.0,144846000.0,501633000.0,,115235000.0,,242676000.0,80260000.0,55860000.0,,24830000.0,1.0,42340000.0,71168000.0,4814000.0,8216000.0,66354000.0,0.0,,26.5942,6.0889,1.0,88476000.0,0.11135631029059093,0.08640651900525771,0.2301834544825199,0.3307290378941469,0.12414943099466495,0.159997448333742,0.2734262967907828,0.3645848786035702,0.0,2.0381364718372357,940036000.0,215225000.0,307739000.0,246071000.0,341627000.0,4.0,4.0,0.0,0.7045578,474.79,185.0,1.23766,8446.769,14.3703,6.4553,3.5179
2015-02-28,709572000.0,281925000.0,121697000.0,180488000.0,,35000000.0,122070000.0,,490468000.0,160908000.0,117458000.0,,44414000.0,2.0,42324000.0,120740000.0,11764000.0,16222000.0,108976000.0,35000000.0,,28.9687,6.765,2.0,177130000.0,,0.1655335892622595,0.23948147483627882,0.32807033282497533,0.22676768530889044,4.597371428571429,0.22218778799024605,0.36114486572008775,,2.3166142139904844,980595000.0,228079000.0,318852000.0,264352000.0,351520000.0,4.0,4.0,0.09956759217114247,0.7045578,474.79,185.0,1.23766,8446.769,14.3703,6.4553,3.5179
2015-05-31,728076000.0,304214000.0,134852000.0,195701000.0,,35000000.0,157895000.0,,744990000.0,246265000.0,178867000.0,,68843000.0,4.0,42317000.0,222842000.0,15391000.0,24229000.0,207451000.0,35000000.0,,29.5368,7.0347,4.0,270494000.0,,0.24567078162169884,0.24009315561282701,0.3305614840467657,0.33824078804959923,7.036142857142857,0.2784614558584679,0.36308406824252676,,2.255910183015454,1043914000.0,250810000.0,342284000.0,289785000.0,373329000.0,5.0,5.0,0.09375108818227354,0.7045578,474.79,185.0,1.23766,8446.769,14.3703,6.4553,3.5179
2015-08-31,736671000.0,304174000.0,139780000.0,205087000.0,531584000.0,35000000.0,158914000.0,,-471366000.0,-155515000.0,-111134000.0,,-45384000.0,-2.0,-84746000.0,-108308000.0,-6287000.0,-17318000.0,-114595000.0,35000000.0,2.1761,27.1327,6.4964,-2.0,-172833000.0,-0.20906197327233325,-0.15085974607389188,0.2357700809986295,0.329924092955368,-0.21110509304696398,-0.274478276830973,0.2431125706987776,0.3666641208742251,0.06584095834336624,2.176091000143082,1006768000.0,241051000.0,331918000.0,268186000.0,363267000.0,5.0,5.0,0.09634786534422339,0.7045578,474.79,185.0,1.23766,8446.769,14.3703,6.4553,3.5179
2015-11-30,1017687000.0,320848000.0,128731000.0,459918000.0,557769000.0,300000000.0,180148000.0,,270504000.0,87308000.0,59965000.0,,27436000.0,1.0,42063000.0,71087000.0,14385000.0,8437000.0,56702000.0,300000000.0,,28.6627,6.7919,1.0,95745000.0,0.10750866398096703,0.05892283187266812,0.22167879218052228,0.3227604767397155,0.08579062128139595,0.10178497940587734,0.20961612397598556,0.3539504036908881,0.5378570698622548,2.4923911101444096,1034596000.0,245156000.0,338966000.0,258534000.0,370536000.0,5.0,5.0,0.8096379299177408,0.7045578,474.79,185.0,1.23766,8446.769,14.3703,6.4553,3.5179
2016-02-29,1021705000.0,327341000.0,140037000.0,480647000.0,541058000.0,300000000.0,175170000.0,,552300000.0,172652000.0,127727000.0,,44594000.0,3.0,41799000.0,164226000.0,26438000.0,18260000.0,137788000.0,300000000.0,,24.6649,5.8009,3.0,190912000.0,0.23606896118345908,0.12501358024087186,0.23126380590258916,0.31260546804273043,0.1689841979827837,0.2052795407688887,0.2494803548795944,0.3456672098497194,0.5544692066284945,2.337532223626613,1096428000.0,255425000.0,350710000.0,287346000.0,384318000.0,6.0,6.0,0.78060356267466,0.7045578,474.79,185.0,1.23766,8446.769,14.3703,6.4553,3.5179
2016-05-31,1038975000.0,383019000.0,154698000.0,495318000.0,543657000.0,300000000.0,187436000.0,,839801000.0,261942000.0,194508000.0,,66669000.0,4.0,41596000.0,261104000.0,34671000.0,28222000.0,226433000.0,300000000.0,,25.3329,5.9032,4.0,290164000.0,0.3577770542823876,0.18721143434635096,0.2316120128459004,0.3119096071569336,0.2521157871941096,0.31048400001422377,0.269626971151499,0.3455151875265688,0.5518185179258246,2.475914362176628,1191239000.0,271066000.0,366387000.0,306328000.0,403988000.0,6.0,6.0,0.742596314742022,0.7045578,474.79,185.0,1.23766,8446.769,14.3703,6.4553,3.5179
2016-08-31,1019161000.0,369276000.0,158210000.0,501780000.0,517381000.0,300000000.0,228407000.0,,-535513000.0,-172226000.0,-43385000.0,,-16521000.0,0.0,-84093000.0,-165277000.0,-27754000.0,-16867000.0,-193031000.0,300000000.0,2.3341,21.3603,6.4211,0.0,-189093000.0,-0.08385503139852449,-0.04256932908539475,0.08101577366002319,0.32160937269496725,-0.1689880205384625,-0.2107046775004557,0.3604599701594546,0.3531062737972748,0.5798434809163846,2.3340876050818533,1127092000.0,338815000.0,349676000.0,227892000.0,387728000.0,8.0,8.0,0.7737382907605331,0.7045578,474.79,185.0,1.23766,8446.769,14.3703,6.4553,3.5179
2016-11-30,1046165000.0,324659000.0,136216000.0,549382000.0,496783000.0,365000000.0,173288000.0,,288063000.0,90319000.0,66583000.0,,23237000.0,1.0,40100000.0,,12537000.0,10016000.0,,365000000.0,,18.5171,5.5881,1.0,100335000.0,0.13402833832880756,0.06364483613961469,0.2311404102574784,0.3135390522212155,0.08633341776870761,0.10480480585019662,,0.34830922402391146,0.7347272350301842,2.3834131085922357,1144651000.0,345433000.0,352687000.0,,392318000.0,8.0,8.0,0.9303677119071774,0.7045578,474.79,185.0,1.23766,8446.769,14.3703,6.4553,3.5179
2017-02-28,1061829000.0,344040000.0,155088000.0,568599000.0,493230000.0,365000000.0,155351000.0,,582417000.0,182065000.0,133293000.0,,46017000.0,3.0,39900000.0,,18046000.0,20649000.0,,365000000.0,,20.4391,6.0826,3.0,202714000.0,0.270245118910042,0.12553151213613492,0.22886179489953073,0.3126024824138032,0.1714635784104597,0.2121401023035783,,0.3480564612640084,0.7400198690266204,2.2183534509439804,1174768000.0,350999000.0,362100000.0,,404120000.0,8.0,8.0,0.9031970701771751,0.7045578,474.79,185.0,1.23766,8446.769,14.3703,6.4553,3.5179
2017-05-31,1358014000.0,373183000.0,182131000.0,830461000.0,527553000.0,575000000.0,161758000.0,,894537000.0,269707000.0,198707000.0,,65832000.0,5.0,39736000.0,,25981000.0,33770000.0,,575000000.0,,19.06,5.532,5.0,303477000.0,0.3766578902972782,0.14632176104222785,0.22213390837941863,0.3015045772282197,0.19860399082778232,0.24462044001512853,,0.33925595028489597,1.0899378830183886,2.048981227797574,1229504000.0,355198000.0,369865000.0,,417433000.0,9.0,9.0,1.3774665634964174,0.7045578,474.79,185.0,1.23766,8446.769,14.3703,6.4553,3.5179
2017-08-31,1413315000.0,409376000.0,201139000.0,853624000.0,559691000.0,575000000.0,194731000.0,,-543838000.0,-189956000.0,-140324000.0,,-49033000.0,-3.0,-80094000.0,320527000.0,-19702000.0,-16141000.0,300825000.0,575000000.0,2.0353,23.8749,5.0491,-3.0,-206097000.0,-0.2507169134397373,-0.0992871369793712,0.2580253678485137,0.34928783939334873,-0.13440457364423358,-0.16740769072813655,-0.5531518577223364,0.37896763374387227,1.0273525927699392,2.035289028979959,1221179000.0,258259000.0,352135000.0,,400429000.0,6.0,6.0,1.4359599329718877,0.7045578,474.79,185.0,1.23766,8446.769,14.3703,6.4553,3.5179
2017-11-30,1430602000.0,427012000.0,161600000.0,812385000.0,618217000.0,574666000.0,221933000.0,,329141000.0,89098000.0,70379000.0,,15800000.0,1.0,39680000.0,61143000.0,5912000.0,14286000.0,55231000.0,574666000.0,,29.8306,6.1931,1.0,103384000.0,0.11384190340932067,0.04919537369582875,0.21382629329071734,0.2706985759902291,0.06228007510125108,0.0746913150744876,0.16780346416885164,0.3141024667239876,0.929553862155198,2.6424009900990097,1262257000.0,262055000.0,350914000.0,,403478000.0,6.0,6.0,1.4242808777678089,0.7045578,474.79,185.0,1.23766,8446.769,14.3703,6.4553,3.5179
2018-02-28,1472492000.0,472067000.0,186493000.0,860402000.0,612090000.0,574702000.0,233628000.0,,664372000.0,184583000.0,123516000.0,,54876000.0,3.0,39763000.0,153689000.0,12375000.0,28372000.0,141314000.0,574702000.0,,31.9092,6.0845,3.0,212955000.0,0.2017938538450228,0.08388228934350747,0.18591391569783194,0.2778307935915421,0.12535416151666698,0.15553104503569287,0.21270312415333578,0.32053578416911005,0.9389174794556356,2.5312853565549376,1344212000.0,252278000.0,353432000.0,,413719000.0,6.0,6.0,1.389111933462084,0.7045578,474.79,185.0,1.23766,8446.769,14.3703,6.4553,3.5179
2018-05-31,1407172000.0,429610000.0,197793000.0,871839000.0,535333000.0,574739000.0,213061000.0,,1004283000.0,277848000.0,198262000.0,,69641000.0,5.0,39543000.0,279342000.0,18375000.0,42848000.0,260967000.0,574739000.0,,30.3093,5.8712,5.0,320696000.0,0.37035265899916503,0.14089393478551307,0.19741646527920914,0.27666305214765163,0.19745134212448798,0.25029727801439905,0.25985404512473076,0.31932831681906393,1.0736102575406337,2.172018221069502,1453958000.0,251833000.0,361573000.0,758337000.0,430938000.0,6.0,6.0,1.333693013844219,0.7045578,474.79,185.0,1.23766,8446.769,14.3703,6.4553,3.5179
2018-08-31,1419448000.0,430916000.0,221134000.0,893547000.0,525900000.0,574775000.0,208623000.0,,-647651000.0,-185325000.0,-125072000.0,,-55564000.0,-3.0,-79609000.0,-108506000.0,-3142000.0,-28221000.0,-111648000.0,574775000.0,1.9487,32.9447,6.5171,-3.0,-213546000.0,-0.23782468149838373,-0.08811312566575176,0.19311635433281196,0.2861494848305646,-0.13056131679357047,-0.16837395234742317,0.17238914168278904,0.3297238790644962,1.0929359193763073,1.948664610598099,1350145000.0,267085000.0,366204000.0,345864000.0,423489000.0,6.0,6.0,1.3572371419328484,0.7045578,474.79,185.0,1.23766,8446.769,14.3703,6.4553,3.5179
2018-11-30,1365927000.0,391183000.0,157122000.0,824718000.0,541209000.0,574812000.0,170378000.0,,,100539000.0,84296000.0,,11647000.0,2.0,38809000.0,46320000.0,9526000.0,14241000.0,36794000.0,574812000.0,,31.7413,6.4979,2.0,114780000.0,0.15575498559706139,0.061713400496512624,,,0.07360495839089498,0.09008701449166279,,,1.0620887679251454,2.489676811649546,,281002000.0,377645000.0,327427000.0,434885000.0,7.0,7.0,1.3217563263851364,0.7045578,474.79,185.0,1.23766,8446.769,14.3703,6.4553,3.5179
2019-02-28,1464994000.0,487965000.0,198782000.0,865473000.0,599521000.0,574848000.0,218335000.0,,,209227000.0,168998000.0,,31294000.0,4.0,38714000.0,145554000.0,21482000.0,29052000.0,124072000.0,574848000.0,,28.6172,6.4244,4.0,238279000.0,0.2818883742187513,0.11535746904082883,,,0.1428176497651185,0.178161208274401,,,0.9588454783068483,2.454774577174996,,326484000.0,402289000.0,310185000.0,460209000.0,8.0,8.0,1.2491020384216736,0.7045578,474.79,185.0,1.23766,8446.769,14.3703,6.4553,3.5179
2019-05-31,1511901000.0,549171000.0,191524000.0,857492000.0,654409000.0,574129000.0,323960000.0,,,326467000.0,261263000.0,,52413000.0,6.0,38807000.0,305324000.0,32906000.0,43943000.0,272418000.0,574129000.0,,32.2289,7.508,6.0,370410000.0,0.3992350349704848,0.17280430398551228,,,0.21593146641215263,0.26573618398454096,,,0.8773244255503821,2.867374323844531,,389485000.0,450908000.0,321636000.0,509923000.0,9.0,9.0,1.125913128060511,0.7045578,474.79,185.0,1.23766,8446.769,14.3703,6.4553,3.5179
2019-08-31,1560130000.0,583812000.0,218923000.0,887874000.0,672256000.0,574174000.0,359799000.0,,,-198198000.0,-161767000.0,,-26154000.0,-2.92,-77457000.0,-70062000.0,-4544000.0,-26773000.0,-74606000.0,574174000.0,2.6667,29.3129,7.2047,-2.92,-224971000.0,-0.24063303265422697,-0.10368815419227885,,,-0.12703941338221814,-0.15901253981370794,,,0.8541002237242955,2.6667458421454118,,352790000.0,438035000.0,358678000.0,498498000.0,9.08,9.08,1.1518080313261037,0.7045578,474.79,185.0,1.23766,8446.769,14.3703,6.4553,3.5179
2019-11-30,1762232000.0,546215000.0,207650000.0,1070354000.0,691878000.0,574219000.0,336217000.0,,366658000.0,113186000.0,93957000.0,,14800000.0,2.43,38587000.0,95791000.0,26780000.0,14390000.0,69011000.0,574219000.0,,27.2339,6.8058,2.43,127576000.0,0.13579995317093477,0.0533170433858879,0.25625242051175756,0.308696387369156,0.06422877350995783,0.08939757380358693,0.1882162669299456,0.3479427695563713,0.8299425621280052,2.6304599084998794,,362451000.0,450682000.0,390895000.0,511294000.0,9.51,9.51,1.1230700927450743,0.7045578,474.79,185.0,1.23766,8446.769,14.3703,6.4553,3.5179
2020-02-29,1828572000.0,601105000.0,228529000.0,1111812000.0,716760000.0,574264000.0,343488000.0,,736438000.0,219443000.0,182643000.0,,29200000.0,4.73,38582000.0,195460000.0,51899000.0,28296000.0,143561000.0,574264000.0,,29.0963,7.2765,4.73,247739000.0,0.2548175121379541,0.09988285941160643,0.248008657891092,0.2979789201534956,0.1200078531225459,0.16997592608657933,0.19493969621339474,0.33640170659308727,0.8011942630727161,2.630322628637941,,376096000.0,460898000.0,410384000.0,520754000.0,10.24,10.24,1.1027548516189987,0.7045578,474.79,185.0,1.23766,8446.769,14.3703,6.4553,3.5179
2020-05-31,1947705000.0,708429000.0,247300000.0,1154747000.0,792958000.0,574309000.0,457707000.0,,1110521000.0,341083000.0,283859000.0,,47100000.0,7.36,38548000.0,346413000.0,62909000.0,41333000.0,283504000.0,574309000.0,,30.921,7.8704,7.36,382416000.0,0.3579748233828273,0.14574024300394567,0.25560885386228627,0.30713782089667824,0.17512046228766676,0.2494633454914073,0.2552891840856679,0.3443572881557395,0.7242615624030528,2.864654266073595,,398692000.0,475514000.0,421470000.0,532760000.0,11.600000000000001,11.600000000000001,1.077988212328253,0.7045578,474.79,185.0,1.23766,8446.769,14.3703,6.4553,3.5179
2020-08-31,2083388000.0,841930000.0,276293000.0,1187013000.0,896375000.0,574354000.0,585605000.0,,-719506000.0,-234052000.0,-187521000.0,,-36900000.0,-4.869999999999999,-77071000.0,-131824000.0,-63946000.0,,-195770000.0,574354000.0,3.0472,35.6974,8.9102,-4.869999999999999,-234052000.0,-0.20919927485706316,-0.0900077181974745,0.2606246508020781,0.3252954110181152,-0.1123420121456013,-0.15914012710703332,0.27208946138044715,0.3252954110181152,0.6407519174452656,3.047236086328644,1494111000.0,372938000.0,439660000.0,300306000.0,523679000.0,9.650000000000002,9.650000000000002,1.096767294468558,0.7045578,474.79,185.0,1.23766,8446.769,14.3703,6.4553,3.5179
2020-11-30,2099426000.0,804089000.0,227883000.0,1146853000.0,952573000.0,575511000.0,560137000.0,,388206000.0,121031000.0,101206000.0,,19000000.0,2.62,38697000.0,89276000.0,18333000.0,,70943000.0,575511000.0,,33.3525,8.3661,2.62,121031000.0,0.1062448757208109,0.048206509779339685,0.26070179234736196,0.31177003961814087,0.057649567072142575,0.07920441546407135,0.18274575869512577,0.31177003961814087,0.6041647201841749,3.5285168266171674,1515659000.0,380187000.0,447505000.0,302238000.0,517134000.0,9.840000000000002,9.840000000000002,1.112885635057838,0.7045578,474.79,185.0,1.23766,8446.769,14.3703,6.4553,3.5179
2021-02-28,2163507000.0,867713000.0,271303000.0,1183039000.0,980468000.0,574399000.0,602684000.0,,779993000.0,237163000.0,197849000.0,,37000000.0,5.12,38658000.0,229936000.0,28758000.0,,201178000.0,574399000.0,,30.448,7.6858,5.12,237163000.0,0.2017903694970157,0.09144828281119498,0.25365484049215825,0.3040578569294853,0.10961970541347914,0.1525294446406027,0.2579228275125546,0.3040578569294853,0.5858416592892374,3.1983170108697654,1559214000.0,395393000.0,465225000.0,359855000.0,506558000.0,10.23,10.23,1.1339254340075569,0.7045578,474.79,185.0,1.23766,8446.769,14.3703,6.4553,3.5179
2021-05-31,2218445000.0,920054000.0,280935000.0,1187146000.0,1031299000.0,574490000.0,658340000.0,37771000.0,1179551000.0,354865000.0,298528000.0,,50600000.0,7.73,38602000.0,370249000.0,47414000.0,,322835000.0,574490000.0,,31.6514,7.8485,7.73,354865000.0,0.2894679428565334,0.1345663291179182,0.25308613192647034,0.3008475258806105,0.15996114395443656,0.22099105175088382,0.27369312560457326,0.3008475258806105,0.5570547435806686,3.2749710787192767,1628244000.0,410062000.0,479007000.0,399186000.0,479007000.0,10.600000000000001,10.600000000000001,1.1993352915510629,0.7045578,474.79,185.0,1.23766,8446.769,14.3703,6.4553,3.5179
2021-08-31,2224940000.0,933578000.0,315705000.0,1208587000.0,1016353000.0,574535000.0,681865000.0,,-756305000.0,-239018000.0,-197993000.0,,-38600000.0,-5.110000000000001,-77387000.0,-134235000.0,-33180000.0,,-167415000.0,574535000.0,2.9571,35.9483,9.0261,-5.110000000000001,-239018000.0,-0.19480731596207224,-0.08898801765440865,0.2617898863553725,0.31603387522229787,-0.10742671712495618,-0.15024187749231876,0.22135910776736897,0.31603387522229787,0.565290799554879,2.9571213632980156,1591445000.0,399590000.0,474041000.0,427541000.0,474041000.0,10.36,10.36,1.2119943211663127,0.7045578,474.79,185.0,1.23766,8446.769,14.3703,6.4553,3.5179
2021-11-30,2254364000.0,948568000.0,272560000.0,1155469000.0,1098895000.0,574580000.0,673900000.0,,424725000.0,122661000.0,107647000.0,,12300000.0,2.79,38641000.0,72918000.0,8583000.0,,64335000.0,574580000.0,,43.44,10.8344,2.79,122661000.0,0.09795931367419089,0.04775049637059499,0.2534510565660133,0.2888009888751545,0.05441046787475314,0.07329718101555147,0.1514744834893166,0.2888009888751545,0.5228707019323957,3.4802171998825946,1627964000.0,406031000.0,475671000.0,420933000.0,475671000.0,10.53,10.53,1.2079357370955977,0.7045578,474.79,185.0,1.23766,8446.769,14.3703,6.4553,3.5179
2022-02-28,2374157000.0,1090659000.0,293238000.0,1158176000.0,1215981000.0,574625000.0,773012000.0,,855844000.0,246009000.0,217585000.0,,24300000.0,5.63,38628000.0,194952000.0,20546000.0,,174406000.0,574625000.0,,36.604,9.2059,5.63,246009000.0,0.17893782879831183,0.0916472667982783,0.2542344165525493,0.28744607662144034,0.10361951631673895,0.1373886829375083,0.20378246502867345,0.28744607662144034,0.47256083771045765,3.7193644752726454,1703815000.0,425767000.0,484517000.0,394161000.0,484517000.0,11.04,11.04,1.1859748987135643,0.7045578,474.79,185.0,1.23766,8446.769,14.3703,6.4553,3.5179
2022-05-31,4068564000.0,873470000.0,412715000.0,2800842000.0,1267722000.0,2105142000.0,526966000.0,,1344595000.0,343263000.0,292495000.0,,34700000.0,7.58,38607000.0,386924000.0,,60176000.0,,2105142000.0,,36.7625,8.237,7.58,403439000.0,0.23072487501202946,0.07189145850968548,0.2175339042611344,0.2552909984047241,0.08436957118039681,0.10177196590197529,,0.30004499496130804,1.6605706929437212,2.116399937002532,1868859000.0,419734000.0,472915000.0,,533091000.0,10.889999999999999,10.889999999999999,3.948935547589436,0.7045578,474.79,185.0,1.23766,8446.769,14.3703,6.4553,3.5179
2022-08-31,4014305000.0,870347000.0,438287000.0,2682897000.0,1331408000.0,1982424000.0,503273000.0,,-781272000.0,-236451000.0,-220810000.0,,-24600000.0,-5.75,-77140000.0,-116517000.0,,26507000.0,,1982424000.0,1.9858,41.4648,8.9257,-5.75,-209944000.0,-0.16584698304351483,-0.05500578555939322,0.2826288411718326,0.3026487574109913,-0.05890210136001126,-0.07135274208227815,,0.2687207528236005,1.4889680698929253,1.9857924145594097,1843892000.0,396917000.0,475482000.0,,562165000.0,10.25,10.25,3.5264095061058587,0.7045578,474.79,185.0,1.23766,8446.769,14.3703,6.4553,3.5179
2022-11-30,3977540000.0,829207000.0,384021000.0,2503412000.0,1474128000.0,1859096000.0,437142000.0,,504815000.0,171895000.0,136798000.0,,21100000.0,3.52,38914000.0,106636000.0,,25997000.0,,1859096000.0,,41.2477,9.1344,3.52,197892000.0,0.09279926844887283,0.03439261453058926,0.2709864009587671,0.3405108802234482,0.04321641014295268,0.05157019150228127,,0.39200895377514533,1.261149642364842,2.1592751438072395,1923982000.0,426068000.0,524716000.0,,637396000.0,10.98,10.98,2.9167048428292617,0.7045578,474.79,185.0,1.23766,8446.769,14.3703,6.4553,3.5179
2023-02-28,4001075000.0,858654000.0,410805000.0,2393921000.0,1607154000.0,1735609000.0,445326000.0,,1019900000.0,341145000.0,268391000.0,,46256000.0,6.89,38947000.0,271314000.0,,52208000.0,,1735609000.0,,35.4176,7.8973,6.89,393353000.0,0.1669976865938174,0.06707972232462525,0.26315423080694184,0.33448867536032945,0.08526333547859014,0.10205479718424548,,0.38567800764780863,1.0799270013950126,2.09017417022675,2088038000.0,476874000.0,619852000.0,,784740000.0,12.239999999999998,12.239999999999998,2.2116994163672046,0.7045578,474.79,185.0,1.23766,8446.769,14.3703,6.4553,3.5179
2023-05-31,3997910000.0,844309000.0,400940000.0,2329077000.0,1668833000.0,1674194000.0,486627000.0,,1549711000.0,513104000.0,403054000.0,49628000.0,73591000.0,10.35,38936000.0,489903000.0,,78681000.0,,1674194000.0,,29.063,7.198,10.35,591785000.0,0.2415184742871216,0.10081617645219627,0.26008333166635583,0.33109657219959077,0.12834305924845732,0.15348485070566287,,0.38186797409323414,1.003212424490647,2.105823814037013,2293154000.0,587433000.0,789693000.0,,973086000.0,15.01,15.01,1.7204995241941616,0.7045578,474.79,185.0,1.23766,8446.769,14.3703,6.4553,3.5179
2023-08-31,3962922000.0,770135000.0,484251000.0,2342992000.0,1619930000.0,1612700000.0,425444000.0,,-988918000.0,-396937000.0,-340070000.0,,-25166000.0,-8.719999999999999,-77899000.0,-222280000.0,,-51502000.0,,1612700000.0,1.5904,35.5582,7.9824,-8.719999999999999,-448439000.0,-0.20992882408499133,-0.08581294307584152,0.34388088800082517,0.4013851502349032,-0.10016270822388126,-0.12279073076720813,,0.45346429127591975,0.9955368441846253,1.5903632620273371,2085508000.0,468173000.0,629207000.0,,734591000.0,12.04,12.04,2.1953713018536845,0.7045578,474.79,185.0,1.23766,8446.769,14.3703,6.4553,3.5179
2023-11-30,3951226000.0,765771000.0,455886000.0,2250486000.0,1700740000.0,1551134000.0,411855000.0,,542216000.0,189040000.0,148555000.0,16738000.0,26641000.0,3.84,38643000.0,155144000.0,,27068000.0,,1551134000.0,,35.8932,8.1145,3.84,216108000.0,0.08734727236379458,0.03759719135275988,0.27397752925033564,0.34864334508756656,0.04784337823247772,0.0581326336752285,,0.39856440975552176,0.9120347613391818,1.6797423039970518,2122909000.0,479930000.0,646352000.0,,752807000.0,12.360000000000001,12.360000000000001,2.060467025412888,0.7045578,474.79,185.0,1.23766,8446.769,14.3703,6.4553,3.5179
2024-02-29,3990866000.0,823021000.0,459752000.0,2189112000.0,1801754000.0,1489488000.0,381708000.0,,1088161000.0,370982000.0,289495000.0,33337000.0,54346000.0,7.49,38646000.0,298942000.0,,58650000.0,,1489488000.0,,36.0082,8.1801,7.49,429632000.0,0.16067398768089317,0.07253939370552658,0.2660405950957625,0.3409256534648825,0.09295776906566144,0.11271793444541604,,0.39482392770922686,0.8266877720265918,1.7901412065635387,2191170000.0,501034000.0,676189000.0,,789086000.0,12.96,12.96,1.8876117432066974,0.7045578,474.79,185.0,1.23766,8446.769,14.3703,6.4553,3.5179
2024-05-31,4039701000.0,858275000.0,671505000.0,2149297000.0,1890404000.0,1240626000.0,453144000.0,,1640869000.0,573441000.0,447630000.0,,86743000.0,11.58,38644000.0,537177000.0,,91154000.0,,1240626000.0,,30.0512,7.079,11.58,664595000.0,0.23679065427284327,0.11080770581783157,0.27280057091699583,0.3494739677573286,0.1419513473893241,0.1831477181630326,,0.4050262391452334,0.6562755897681131,1.278136424896315,2282328000.0,545610000.0,736526000.0,,861896000.0,14.190000000000001,14.190000000000001,1.4394149642184209,0.7045578,474.79,185.0,1.23766,8446.769,14.3703,6.4553,3.5179
2024-08-31,4055040000.0,835848000.0,667066000.0,2142580000.0,1912460000.0,1241131000.0,422979000.0,,-1068190000.0,-432164000.0,-348554000.0,,-53353000.0,-9.0,-77315000.0,-290925000.0,,-51685000.0,,1241131000.0,1.253,29.9461,7.3011,-9.0,-483849000.0,-0.18225426937033978,-0.08595574889520202,0.3263033729954409,0.4045759649500557,-0.10657453440656565,-0.13703869652088682,,0.45296155178385866,0.648970958869728,1.2530214401573458,2203056000.0,537126000.0,701299000.0,,826486000.0,13.91,13.91,1.501696338473973,0.7045578,474.79,185.0,1.23766,8446.769,14.3703,6.4553,3.5179
2024-11-30,4048585000.0,750696000.0,538136000.0,2057024000.0,1991561000.0,1296643000.0,289168000.0,,568667000.0,191335000.0,150022000.0,,29717000.0,3.89,38517000.0,86372000.0,,35717000.0,,1296643000.0,,34.6087,8.3606,3.89,227052000.0,0.0753288500829249,0.03705541565756925,0.2638134444235379,0.33646228812292606,0.04725972160643781,0.05818829975269174,,0.3992705748707064,0.6510686843134607,1.39499308724932,2229507000.0,538593000.0,703594000.0,,837430000.0,13.96,13.96,1.5483598629139153,0.7045578,474.79,185.0,1.23766,8446.769,14.3703,6.4553,3.5179
2025-02-28,4241442000.0,707641000.0,481828000.0,2184525000.0,2056917000.0,1472162000.0,278548000.0,,1139327000.0,376827000.0,294882000.0,,57177000.0,7.66,38513000.0,260327000.0,,74127000.0,,1472162000.0,,32.3679,7.7898,7.66,450954000.0,0.14336115652697703,0.06952399679165717,0.25882121638476047,0.33074525575186053,0.08884407708510454,0.10677771735911834,,0.3958073494264597,0.7157128848660398,1.4686589405347967,2280673000.0,543980000.0,709439000.0,,858752000.0,14.13,14.13,1.7143040132657623,0.7045578,474.79,185.0,1.23766,8446.769,14.3703,6.4553,3.5179
2025-05-31,4338762000.0,760478000.0,518923000.0,2183580000.0,2155182000.0,1430197000.0,356361000.0,,1724847000.0,570982000.0,443424000.0,,88583000.0,11.53,38457000.0,514160000.0,,114972000.0,,1430197000.0,,32.5098,7.5754,11.53,685954000.0,0.20574782083369292,0.10220058164056936,0.2570801931997447,0.3310334191960214,0.13160021222643695,0.1592528990659007,,0.3976897661067909,0.6636084562695865,1.4654929536752082,2364651000.0,539774000.0,706980000.0,,880111000.0,14.08,14.08,1.625018889662781,0.7045578,474.79,185.0,1.23766,8446.769,14.3703,6.4553,3.5179
2025-08-31,4304272000.0,729759000.0,521306000.0,2117859000.0,2186413000.0,1368260000.0,337651000.0,,-1111093000.0,-390841000.0,-291288000.0,,-51559000.0,-7.529999999999998,-77102000.0,-134599000.0,,-67125000.0,,1368260000.0,1.3999,23.64,6.0791,-7.529999999999998,-457966000.0,-0.1332264306880722,-0.06767416185594219,0.2621634732646142,0.3517626337309298,-0.0908030440455436,-0.109951323230013,,0.41217611847073105,0.6258012552980613,1.3998668728155823,2321748000.0,597040000.0,748303000.0,,905994000.0,15.55,15.55,1.5102307520800358,0.7045578,474.79,185.0,1.23766,8446.769,14.3703,6.4553,3.5179
2025-11-30,4220784000.0,708572000.0,458772000.0,2052900000.0,2167884000.0,1368738000.0,275448000.0,,607621000.0,192071000.0,152580000.0,,37533000.0,4.06,37615000.0,121284000.0,,44148000.0,,1368738000.0,,17.2952,4.3928,4.06,236219000.0,0.07038199460856762,0.03614968214435991,0.25111047840677003,0.31610329465242315,0.04550600078089758,0.05430916846640665,,0.3887604279641421,0.6313704976834554,1.5444970486428988,2360702000.0,599598000.0,749039000.0,,915161000.0,15.720000000000002,15.720000000000002,1.4956253599093492,0.7045578,474.79,185.0,1.23766,8446.769,14.3703,6.4553,3.5179
2026-02-28,4219830000.0,724178000.0,505931000.0,2090718000.0,2129112000.0,1369216000.0,268338000.0,,1218640000.0,377032000.0,285636000.0,,65588000.0,7.65,37339000.0,332972000.0,,87838000.0,,1369216000.0,,13.8818,3.3983,7.65,464870000.0,0.1341573388342182,0.06768898273153184,0.2343891551237445,0.30938751394997704,0.08934767514331146,0.1077749141875776,,0.3814662246438653,0.6430925193226096,1.4313770059553574,2440015000.0,590352000.0,749244000.0,,929077000.0,15.71,15.71,1.4737379140803184,0.7045578,474.79,185.0,1.23766,8446.769,14.3703,6.4553,3.5179
