report_date,total_assets,current_assets,current_liabilities,total_liabilities,total_equity,long_term_debt,cash,revenue,gross_profit,operating_income,net_income,interest_expense,income_tax,eps_diluted,shares_diluted,operating_cash_flow,capex,depreciation,fcf,total_debt,bf_current_ratio,bf_pe,bf_ps,eps,ebitda,roe,roa,net_margin,gross_margin,operating_margin,roi,roic,fcf_margin,ebitda_margin,debt_equity,current_ratio,revenue_ttm,net_income_ttm,operating_income_ttm,gross_profit_ttm,ebitda_ttm,interest_expense_ttm,eps_diluted_ttm,eps_ttm,debt_to_ebitda,interest_coverage,bf_beta,bf_52w_high,bf_52w_low,bf_10d_avg_vol,bf_market_cap,bf_pe_ttm,bf_pb_annual,bf_ps_ttm
2011-06-30,635235000.0,454412000.0,246289000.0,347715000.0,287520000.0,,78019000.0,196289000.0,146315000.0,36224000.0,28081000.0,,9497000.0,0.17,163393000.0,74244000.0,,3336000.0,,0.0,,71.6937,11.1385,0.17,39560000.0,0.09766624930439621,0.04420568765889789,0.14305946843684567,0.7454060084874853,0.1845442179643281,0.0570245657119019,0.12598775737340012,,0.2015395666593645,0.0,1.845035710080434,,,,,,,,,,,0.97636974,109.33,70.12,6.92013,61065.926,32.9481,47.7197,8.9808
2011-09-30,670987000.0,503926000.0,251667000.0,354120000.0,316867000.0,,66630000.0,312715000.0,231602000.0,62384000.0,45998000.0,,18704000.0,0.28,163554000.0,110283000.0,,5114000.0,,0.0,,41.393,6.3304,0.28,67498000.0,0.14516500613822203,0.06855274394287818,0.1470924004285052,0.7406168556033449,0.19949154981372816,0.09297348532832976,0.19687755430511855,,0.21584509857218234,0.0,2.002352314765146,,,,,,,,,,,0.97636974,109.33,70.12,6.92013,61065.926,32.9481,47.7197,8.9808
2012-03-31,788444000.0,551500000.0,270961000.0,390117000.0,398327000.0,,74783000.0,117247000.0,86204000.0,18715000.0,14173000.0,,5556000.0,0.09,165751000.0,48518000.0,,2082000.0,,0.0,,70.4499,9.7121,0.09,20797000.0,0.0355813188661577,0.017975912049555835,0.12088155773708496,0.7352341637739132,0.15962028879203732,0.023736625556158714,0.0469840106244367,,0.17737767277627572,0.0,2.035348260450766,,,,,,,,,,,0.97636974,109.33,70.12,6.92013,61065.926,32.9481,47.7197,8.9808
2012-06-30,851245000.0,544511000.0,294977000.0,424601000.0,426644000.0,,81226000.0,246209000.0,178039000.0,39666000.0,28123000.0,,13833000.0,0.17,165808000.0,92803000.0,,5077000.0,,0.0,,59.3979,7.6824,0.17,44743000.0,0.06591678307910108,0.03303749214385988,0.1142240941639014,0.7231214131083754,0.1611070269567725,0.04659763052940105,0.09297212664422798,,0.1817277191329318,0.0,1.8459439210514719,872460000.0,116375000.0,156989000.0,642160000.0,172598000.0,,0.7100000000000001,0.7100000000000001,0.0,,0.97636974,109.33,70.12,6.92013,61065.926,32.9481,47.7197,8.9808
2012-09-30,913268000.0,514652000.0,298694000.0,434799000.0,478469000.0,,75466000.0,382477000.0,276499000.0,65435000.0,45329000.0,,23397000.0,0.27,166127000.0,133573000.0,,8076000.0,,0.0,,59.8873,7.3557,0.27,73511000.0,0.09473759010510607,0.049633842420844704,0.11851431589350471,0.7229166721136173,0.17108218271948378,0.07164928586132438,0.13675912128058454,,0.19219717786951895,0.0,1.7230074926178631,1058648000.0,133623000.0,186200000.0,772344000.0,206549000.0,,0.81,0.81,0.0,,0.97636974,109.33,70.12,6.92013,61065.926,32.9481,47.7197,8.9808
2012-12-31,975497000.0,569274000.0,319304000.0,464563000.0,510934000.0,,122975000.0,-212294000.0,-154523000.0,-23341000.0,-20789000.0,,-4626000.0,-0.13,-331357000.0,-91028000.0,,-3671000.0,,0.0,1.7829,50.3009,6.3,-0.13,-27012000.0,-0.0406882297909319,-0.021311188040557788,0.09792551838488134,0.7278726671502728,0.1099465835115453,-0.023927290396587586,-0.0456830040670615,,0.12723864075291813,0.0,1.7828589682559568,533639000.0,66836000.0,100475000.0,386219000.0,112039000.0,,0.4,0.4,0.0,,0.97636974,109.33,70.12,6.92013,61065.926,32.9481,47.7197,8.9808
2013-03-31,1032729000.0,613660000.0,331728000.0,485020000.0,547709000.0,,97384000.0,135820000.0,96692000.0,15391000.0,12249000.0,,4726000.0,0.0,167823000.0,38111000.0,,3536000.0,,0.0,,57.2121,6.7252,0.0,18927000.0,0.022364065589574024,0.011860807627170343,0.09018553968487704,0.7119128257988514,0.11331909880724489,0.014903232116073046,0.028100688504296988,,0.13935355617729347,0.0,1.8498890657406069,552212000.0,64912000.0,97151000.0,396707000.0,110169000.0,,0.31000000000000005,0.31000000000000005,0.0,,0.97636974,109.33,70.12,6.92013,61065.926,32.9481,47.7197,8.9808
2013-06-30,1085746000.0,672400000.0,360481000.0,518561000.0,567185000.0,,123468000.0,283248000.0,200412000.0,29168000.0,21228000.0,,10761000.0,0.0,168033000.0,75332000.0,,7322000.0,,0.0,,46.7668,4.9121,0.0,36490000.0,0.037426941826740834,0.019551534152555016,0.0749449245890527,0.7075495678698526,0.10297689657120263,0.02686447843234053,0.051425901601770144,,0.128827034965825,0.0,1.8652855490303233,589251000.0,58017000.0,86653000.0,419080000.0,101916000.0,,0.14,0.14,0.0,,0.97636974,109.33,70.12,6.92013,61065.926,32.9481,47.7197,8.9808
2013-09-30,1128142000.0,705967000.0,367326000.0,528189000.0,599953000.0,,144546000.0,437947000.0,311181000.0,47447000.0,32257000.0,,18142000.0,0.0,168054000.0,100716000.0,,11511000.0,,0.0,,61.2678,5.5915,0.0,58958000.0,0.05376587832713563,0.02859303172827534,0.07365503131657483,0.7105448832849637,0.10833959360379224,0.04205764877116533,0.07908452828804922,,0.1346235960059094,0.0,1.9219086043460032,644721000.0,44945000.0,68665000.0,453762000.0,87363000.0,,-0.13,-0.13,0.0,,0.97636974,109.33,70.12,6.92013,61065.926,32.9481,47.7197,8.9808
2013-12-31,1168464000.0,735546000.0,413061000.0,582704000.0,585760000.0,,115873000.0,-241718000.0,-173631000.0,-19916000.0,-21461000.0,,-1961000.0,0.26,-335727000.0,-66775000.0,,-6746000.0,,0.0,1.7807,70.6297,5.0821,0.26,-26662000.0,-0.03663787216607484,-0.018366847416779634,0.08878527871321126,0.7183205222614782,0.08239353295989542,-0.017044598721056018,-0.03400027314941273,,0.1103020875565742,0.0,1.7807200389288749,615297000.0,44273000.0,72090000.0,434654000.0,87713000.0,,0.26,0.26,0.0,,0.97636974,109.33,70.12,6.92013,61065.926,32.9481,47.7197,8.9808
2014-03-31,1200031000.0,781460000.0,394866000.0,589937000.0,610094000.0,,172968000.0,168949000.0,118206000.0,12815000.0,8393000.0,,5366000.0,0.0,168114000.0,60902000.0,,4422000.0,,0.0,,88.7661,5.5329,0.0,17237000.0,0.013756896478247614,0.006993985988695292,0.04967771339279901,0.6996549254508757,0.07585129240184908,0.010678890795321121,0.021004959891426568,,0.10202487141089915,0.0,1.9790511211398296,648426000.0,40417000.0,69514000.0,456168000.0,86023000.0,,0.26,0.26,0.0,,0.97636974,109.33,70.12,6.92013,61065.926,32.9481,47.7197,8.9808
2014-06-30,1265112000.0,806949000.0,426088000.0,639893000.0,625219000.0,,203947000.0,353047000.0,244547000.0,23957000.0,14474000.0,,11172000.0,0.0,168015000.0,104700000.0,,10914000.0,,0.0,,109.2231,5.9816,0.0,34871000.0,0.023150288139036083,0.011440884285343907,0.0409973742872762,0.6926754794687393,0.0678578206301144,0.018936663315184742,0.038317773452182353,,0.09877155166309301,0.0,1.893855259946302,718225000.0,33663000.0,64303000.0,500303000.0,84404000.0,,0.26,0.26,0.0,,0.97636974,109.33,70.12,6.92013,61065.926,32.9481,47.7197,8.9808
2014-09-30,1312601000.0,896440000.0,434496000.0,663375000.0,649226000.0,,258096000.0,546395000.0,381010000.0,39408000.0,18530000.0,,22901000.0,0.0,168735000.0,161218000.0,,16519000.0,,0.0,,135.4587,5.7171,0.0,55927000.0,0.028541678860674095,0.014117008900648407,0.033913194666861886,0.6973160442536992,0.07212364681228782,0.03002283252869684,0.060699971966618714,,0.1023563539197833,0.0,2.0631720430107525,826673000.0,19936000.0,56264000.0,570132000.0,81373000.0,,0.26,0.26,0.0,,0.97636974,109.33,70.12,6.92013,61065.926,32.9481,47.7197,8.9808
2014-12-31,1424774000.0,1046865000.0,496456000.0,748808000.0,675966000.0,,283254000.0,-298027000.0,-204408000.0,-16856000.0,-16054000.0,,-3233000.0,0.0,-335575000.0,-130238000.0,,-9827000.0,,0.0,2.0251,199.4428,6.5612,0.0,-26683000.0,-0.023749715222363254,-0.011267751938202128,0.053867602599764454,0.6858707432548058,0.05655863394927305,-0.011830648229122654,-0.024936165428438708,,0.08953215648246636,0.0,2.1086762975973703,770364000.0,25343000.0,59324000.0,539355000.0,81352000.0,,0.0,0.0,0.0,,0.97636974,109.33,70.12,6.92013,61065.926,32.9481,47.7197,8.9808
2015-03-31,1498303000.0,1111803000.0,518633000.0,778556000.0,719747000.0,,386352000.0,212886000.0,149284000.0,898000.0,1560000.0,,83000.0,0.0,173720000.0,64619000.0,,6353000.0,,0.0,,318.8466,7.2477,0.0,7251000.0,0.002167428276880626,0.001041177919286019,0.007327865618218202,0.7012391608654397,0.0042182200802307335,0.000599344725332593,0.0012476606363069245,,0.03406048307544883,0.0,2.143718197646505,814301000.0,18510000.0,47407000.0,570433000.0,71366000.0,,0.0,0.0,0.0,,0.97636974,109.33,70.12,6.92013,61065.926,32.9481,47.7197,8.9808
2015-06-30,1604876000.0,1195510000.0,565299000.0,854049000.0,750827000.0,,481393000.0,452671000.0,319571000.0,3850000.0,2352000.0,,2777000.0,0.0,174983000.0,148924000.0,,13382000.0,,0.0,,530.0688,8.0553,0.0,17232000.0,0.0031325458461136852,0.0014655337857878115,0.0051958265495249305,0.7059674686472074,0.008505073220948548,0.002398939232688382,0.005127679212388473,,0.03806738227100919,0.0,2.1148277283349164,913925000.0,6388000.0,27300000.0,645457000.0,53727000.0,,0.0,0.0,0.0,,0.97636974,109.33,70.12,6.92013,61065.926,32.9481,47.7197,8.9808
2015-09-30,1707173000.0,1251740000.0,603134000.0,911787000.0,795386000.0,,540712000.0,712739000.0,507938000.0,2010000.0,10521000.0,,-6552000.0,0.0,175963000.0,213989000.0,,22206000.0,,0.0,,419.4364,7.7618,0.0,24216000.0,0.013227539836004155,0.006162820053972269,0.01476136425816463,0.7126563861385444,0.0028201066589593105,0.0011773850687657314,0.0025270749045117717,,0.03397597156883515,0.0,2.0753928646038857,1080269000.0,-1621000.0,-10098000.0,772385000.0,22016000.0,,0.0,0.0,0.0,,0.97636974,109.33,70.12,6.92013,61065.926,32.9481,47.7197,8.9808
2015-12-31,1790510000.0,1270543000.0,678670000.0,1035133000.0,755377000.0,,543277000.0,-369028000.0,-254302000.0,8119000.0,-6446000.0,,12710000.0,0.0,-348525000.0,-144985000.0,,-10352000.0,,0.0,1.8721,667.9341,5.2858,0.0,-2233000.0,-0.008533487252060892,-0.003600091594015113,0.017467509240491237,0.6891130212341611,-0.022001040571447153,0.0045344622481862705,0.010748275364486873,,0.006051031358054132,0.0,1.87210720968954,1009268000.0,7987000.0,14877000.0,722491000.0,46466000.0,,0.0,0.0,0.0,,0.97636974,109.33,70.12,6.92013,61065.926,32.9481,47.7197,8.9808
2016-03-31,1811521000.0,1285701000.0,687342000.0,1069118000.0,742403000.0,,568008000.0,284576000.0,206827000.0,-5672000.0,-3429000.0,,-1809000.0,0.0,171745000.0,100591000.0,,10550000.0,,0.0,,615.1223,4.8626,0.0,4878000.0,-0.004618785215038193,-0.001892884487676378,-0.012049505228831666,0.726790031485438,-0.01993140672438997,-0.0031310705202975842,-0.007640055333828123,,0.017141290902957382,0.0,1.8705404296551063,1080958000.0,2998000.0,8307000.0,780034000.0,44093000.0,,0.0,0.0,0.0,,0.97636974,109.33,70.12,6.92013,61065.926,32.9481,47.7197,8.9808
2016-06-30,1960178000.0,1353884000.0,731964000.0,1155552000.0,804626000.0,,596380000.0,595967000.0,433820000.0,-7737000.0,730000.0,,-7678000.0,0.0,175360000.0,168532000.0,,21841000.0,,0.0,,852.0173,4.7052,0.0,14104000.0,0.00090725380487332,0.00037241515821522333,0.001224900036411412,0.7279262106794504,-0.012982262440705609,-0.003947090519330387,-0.00961564751822586,,0.023665739881570624,0.0,1.849659272860414,1224254000.0,1376000.0,-3280000.0,894283000.0,40965000.0,,0.0,0.0,0.0,,0.97636974,109.33,70.12,6.92013,61065.926,32.9481,47.7197,8.9808
2016-09-30,2010160000.0,1394873000.0,750360000.0,1187072000.0,823088000.0,,647513000.0,912613000.0,665667000.0,-2249000.0,7021000.0,,-7380000.0,0.0,176046000.0,244671000.0,,34896000.0,,0.0,,1421.2971,5.2743,0.0,32647000.0,0.008530072118655599,0.003492756795478967,0.007693293871553441,0.7294077555327395,-0.0024643523596529966,-0.0011188164126238707,-0.002732393134148475,,0.03577310426215712,0.0,1.8589383762460685,1424128000.0,-2124000.0,-7539000.0,1052012000.0,49396000.0,,0.0,0.0,0.0,,0.97636974,109.33,70.12,6.92013,61065.926,32.9481,47.7197,8.9808
2016-12-31,2139941000.0,1538716000.0,829440000.0,1302260000.0,837681000.0,,709003000.0,-517713000.0,-368708000.0,58602000.0,27865000.0,,27828000.0,0.0,-346813000.0,-168086000.0,,-18767000.0,,0.0,1.8551,161.9272,4.0864,0.0,39835000.0,0.03326445269738719,0.013021387038240774,-0.053823257287338735,0.7121860953848947,-0.11319398972017315,0.02738486715287945,0.06995741815798616,,-0.07694417563399027,0.0,1.855126350308642,1275443000.0,32187000.0,42944000.0,937606000.0,91464000.0,,0.0,0.0,0.0,,0.97636974,109.33,70.12,6.92013,61065.926,32.9481,47.7197,8.9808
2017-03-31,2267383000.0,1616082000.0,856585000.0,1369134000.0,898249000.0,,823249000.0,340576000.0,250012000.0,5410000.0,10717000.0,,-2613000.0,0.0,178278000.0,129749000.0,,13493000.0,,0.0,,164.8487,5.0498,0.0,18903000.0,0.011930990182009665,0.004726594492417029,0.031467278962698485,0.7340857840834352,0.015884853894578596,0.002386010656338166,0.0060228288592584014,,0.05550303016066899,0.0,1.8866568991985617,1331443000.0,46333000.0,54026000.0,980791000.0,105489000.0,,0.0,0.0,0.0,,0.97636974,109.33,70.12,6.92013,61065.926,32.9481,47.7197,8.9808
2017-06-30,2360691000.0,1604634000.0,885519000.0,1438552000.0,922139000.0,,853137000.0,704045000.0,517829000.0,33910000.0,33750000.0,,7260000.0,0.0,178993000.0,274520000.0,,27492000.0,,0.0,,100.9169,4.7563,0.0,61402000.0,0.03659968833332068,0.014296661443619687,0.047937276736572235,0.7355055429695545,0.04816453493739747,0.014364438208982032,0.036773197966900865,,0.08721317529419284,0.0,1.8120830834798576,1439521000.0,79353000.0,95673000.0,1064800000.0,152787000.0,,0.0,0.0,0.0,,0.97636974,109.33,70.12,6.92013,61065.926,32.9481,47.7197,8.9808
2017-09-30,2395279000.0,1650651000.0,910639000.0,1493054000.0,902225000.0,,905794000.0,1078262000.0,798397000.0,67606000.0,60360000.0,,18556000.0,0.0,178987000.0,436863000.0,,41208000.0,,0.0,,74.7329,4.4353,0.0,108814000.0,0.0669012718556901,0.025199569653472517,0.05597897357043093,0.7404480543689752,0.06269904717035377,0.028224686978009658,0.07493252791709386,,0.1009161038782782,0.0,1.812629373439969,1605170000.0,132692000.0,165528000.0,1197530000.0,228954000.0,,0.0,0.0,0.0,,0.97636974,109.33,70.12,6.92013,61065.926,32.9481,47.7197,8.9808
2017-12-31,2257916000.0,1716820000.0,1027223000.0,1668539000.0,589377000.0,,811004000.0,-627953000.0,-456592000.0,2878000.0,-73428000.0,,69392000.0,0.0,-358179000.0,-246727000.0,,-26717000.0,,0.0,1.6713,245.6279,5.1591,0.0,-23839000.0,-0.12458579143739915,-0.032520253189224045,0.11693231818304874,0.7271117424393226,-0.004583145553886995,0.00127462669116123,0.004883122347835087,,0.0379630322651536,0.0,1.6713216117629766,1494930000.0,31399000.0,109804000.0,1109646000.0,165280000.0,,0.0,0.0,0.0,,0.97636974,109.33,70.12,6.92013,61065.926,32.9481,47.7197,8.9808
2018-03-31,2400700000.0,1735800000.0,1029700000.0,1707200000.0,693500000.0,,835600000.0,399000000.0,301800000.0,32400000.0,41600000.0,,-4900000.0,0.0,171800000.0,139700000.0,,13200000.0,,0.0,,141.4455,5.6713,0.0,45600000.0,0.05998558038932949,0.017328279251884866,0.10426065162907268,0.7563909774436091,0.081203007518797,0.013496063648102637,0.046719538572458544,,0.11428571428571428,0.0,1.685733708847237,1553354000.0,62282000.0,136794000.0,1161434000.0,191977000.0,,0.0,0.0,0.0,,0.97636974,109.33,70.12,6.92013,61065.926,32.9481,47.7197,8.9808
2018-06-30,2575700000.0,1884800000.0,1085200000.0,1795500000.0,780200000.0,,972100000.0,840300000.0,630000000.0,83100000.0,90900000.0,,-2700000.0,0.0,172600000.0,282000000.0,,26800000.0,,0.0,,121.3611,6.5881,0.0,109900000.0,0.11650858754165598,0.0352913771013705,0.10817565155301678,0.7497322384862549,0.09889325240985362,0.03226307411577435,0.10651115098692643,,0.13078662382482448,0.0,1.7368227054920753,1689609000.0,119432000.0,185984000.0,1273605000.0,240475000.0,,0.0,0.0,0.0,,0.97636974,109.33,70.12,6.92013,61065.926,32.9481,47.7197,8.9808
2018-09-30,2763500000.0,2078100000.0,1111900000.0,1871900000.0,891600000.0,,1169300000.0,1294200000.0,972300000.0,145900000.0,149600000.0,,9200000.0,0.0,173700000.0,458700000.0,,41000000.0,,0.0,,129.391,9.1238,0.0,186900000.0,0.16778824585015703,0.05413425004523249,0.11559264410446608,0.7512749188687993,0.11273373512594653,0.0527953681925095,0.1636384028712427,,0.14441353732035234,0.0,1.8689630362442666,1905547000.0,208672000.0,264278000.0,1447508000.0,318561000.0,,0.0,0.0,0.0,,0.97636974,109.33,70.12,6.92013,61065.926,32.9481,47.7197,8.9808
2018-12-31,3078000000.0,2220900000.0,1256400000.0,2067800000.0,1010200000.0,,1112400000.0,-732300000.0,-553300000.0,-30400000.0,50100000.0,,-82900000.0,1.0,-343900000.0,-241500000.0,,-25300000.0,,0.0,1.7677,36.1204,6.6618,1.0,-55700000.0,0.04959413977430212,0.016276803118908383,-0.06841458418680868,0.7555646592926396,0.041513041103372936,-0.009876543209876543,-0.03009305088101366,,0.07606172333743001,0.0,1.7676695319961795,1801200000.0,332200000.0,231000000.0,1350800000.0,286700000.0,,1.0,1.0,0.0,,0.97636974,109.33,70.12,6.92013,61065.926,32.9481,47.7197,8.9808
2019-03-31,3205700000.0,2313300000.0,1254300000.0,2147600000.0,1058100000.0,,1216900000.0,472600000.0,359600000.0,50600000.0,58800000.0,,1500000.0,0.34,174800000.0,201300000.0,10200000.0,15700000.0,191100000.0,0.0,,41.6182,7.7562,0.34,66300000.0,0.055571307059824215,0.018342327728733194,0.12441811256876852,0.7608971646212441,0.1070672873465933,0.015784384065882645,0.047821566959644644,0.4043588658484977,0.14028776978417265,0.0,1.844295623056685,1874800000.0,349400000.0,249200000.0,1408600000.0,307400000.0,,1.34,1.34,0.0,,0.97636974,109.33,70.12,6.92013,61065.926,32.9481,47.7197,8.9808
2019-06-30,3369400000.0,2360700000.0,1293700000.0,2247100000.0,1122300000.0,,1022100000.0,994300000.0,753000000.0,125800000.0,131500000.0,,14600000.0,0.75,175000000.0,396400000.0,27500000.0,30900000.0,368900000.0,0.0,,35.3568,6.7415,0.75,156700000.0,0.11717009712198165,0.039027720068854986,0.13225384692748668,0.7573167052197526,0.12652117067283516,0.03733602421796166,0.11209124120110488,0.37101478427034096,0.1575983103691039,0.0,1.8247661745381465,2028800000.0,390000000.0,291900000.0,1531600000.0,354200000.0,,2.09,2.09,0.0,,0.97636974,109.33,70.12,6.92013,61065.926,32.9481,47.7197,8.9808
2019-09-30,3545600000.0,2466200000.0,1341900000.0,2345200000.0,1200400000.0,,1175500000.0,1541800000.0,1176400000.0,225800000.0,211300000.0,,40200000.0,1.21,174900000.0,617600000.0,45000000.0,45900000.0,572600000.0,0.0,,33.3214,6.4063,1.21,271700000.0,0.17602465844718426,0.05959499097472924,0.13704760669347515,0.7630042807108575,0.1464521987287586,0.06368456678700361,0.18810396534488505,0.3713840965105721,0.17622259696458684,0.0,1.8378418660108802,2276400000.0,451700000.0,371800000.0,1735700000.0,439000000.0,,3.3,3.3,0.0,,0.97636974,109.33,70.12,6.92013,61065.926,32.9481,47.7197,8.9808
2019-12-31,3885500000.0,2769000000.0,1473600000.0,2563600000.0,1321900000.0,,1222500000.0,-852500000.0,-638700000.0,-58000000.0,-75100000.0,,-3600000.0,-0.4299999999999997,-349700000.0,-407300000.0,,-30900000.0,,0.0,1.902,55.0485,8.4418,-0.4299999999999997,-88900000.0,-0.05681216430894924,-0.019328271779693734,0.08809384164222873,0.7492082111436951,0.06803519061583578,-0.014927293784583708,-0.04387623874725773,,0.10428152492668621,0.0,1.879071661237785,2156200000.0,326500000.0,344200000.0,1650300000.0,405800000.0,,1.8700000000000003,1.8700000000000003,0.0,,0.97636974,109.33,70.12,6.92013,61065.926,32.9481,47.7197,8.9808
2020-03-31,3206200000.0,2035300000.0,1543000000.0,2669900000.0,536300000.0,,626100000.0,576900000.0,448200000.0,115900000.0,104000000.0,,13100000.0,0.6,174200000.0,319400000.0,27600000.0,17600000.0,291800000.0,0.0,,46.3075,7.6978,0.6,133500000.0,0.19392131269811672,0.032437153016031436,0.18027387762177155,0.7769110764430577,0.20090136938810885,0.03614871187075042,0.2161103859779974,0.5058068989426243,0.2314092563702548,0.0,1.3190537913156188,2260500000.0,371700000.0,409500000.0,1738900000.0,473000000.0,,2.1300000000000003,2.1300000000000003,0.0,,0.97636974,109.33,70.12,6.92013,61065.926,32.9481,47.7197,8.9808
2020-06-30,3330600000.0,2208700000.0,1611900000.0,2786700000.0,543900000.0,,916400000.0,1192400000.0,928600000.0,232600000.0,216100000.0,,22600000.0,1.27,169800000.0,566400000.0,58500000.0,35400000.0,507900000.0,0.0,,53.3017,9.398,1.27,268000000.0,0.3973156830299687,0.06488320422746652,0.18123113049312312,0.7787655149278766,0.1950687688695069,0.06983726655857804,0.4276521419378562,0.42594766856759475,0.22475679302247567,0.0,1.3702462931943669,2458600000.0,456300000.0,516300000.0,1914500000.0,584300000.0,,2.6500000000000004,2.6500000000000004,0.0,,0.97636974,109.33,70.12,6.92013,61065.926,32.9481,47.7197,8.9808
2020-09-30,3586200000.0,2384600000.0,1645600000.0,2873000000.0,713200000.0,,882300000.0,1846400000.0,1443400000.0,362400000.0,341800000.0,,28200000.0,2.03,168400000.0,787200000.0,93600000.0,52100000.0,693600000.0,0.0,,41.4555,7.7354,2.03,414500000.0,0.47924845765563656,0.09530979867268975,0.18511698440207972,0.7817374350086655,0.1962738301559792,0.1010540404885394,0.5081323611890073,0.37564991334488734,0.22449090121317158,0.0,1.449076324744774,2763200000.0,586800000.0,652900000.0,2181500000.0,727100000.0,,3.47,3.47,0.0,,0.97636974,109.33,70.12,6.92013,61065.926,32.9481,47.7197,8.9808
2020-12-31,4044500000.0,2740400000.0,1829500000.0,3188500000.0,856000000.0,,1061800000.0,-1021300000.0,-795800000.0,-179100000.0,-173400000.0,,-10700000.0,-0.9899999999999998,-344700000.0,-589300000.0,,-36300000.0,,0.0,1.4979,49.5911,9.304,-0.9899999999999998,-215400000.0,-0.2025700934579439,-0.04287303745827667,0.1697836091256242,0.779202976598453,0.17536473122490942,-0.04428235875880826,-0.20922897196261683,,0.2109076666993048,0.0,1.4978955998906804,2594400000.0,488500000.0,531800000.0,2024400000.0,600600000.0,,2.91,2.91,0.0,,0.97636974,109.33,70.12,6.92013,61065.926,32.9481,47.7197,8.9808
2021-03-31,5282200000.0,3781200000.0,1879700000.0,4301400000.0,980800000.0,987000000.0,1860200000.0,710300000.0,553700000.0,121600000.0,107200000.0,,12200000.0,0.64,166400000.0,315900000.0,52100000.0,17300000.0,263800000.0,987000000.0,,61.5331,11.0515,0.64,138900000.0,0.10929853181076672,0.02029457423043429,0.1509221455722934,0.7795297761509221,0.17119526960439252,0.0230207110673583,0.06179489785547312,0.37139236942137127,0.1955511755596227,1.0063213703099512,2.011597595360962,2727800000.0,491700000.0,537500000.0,2129900000.0,606000000.0,,2.95,2.95,1.6287128712871286,,0.97636974,109.33,70.12,6.92013,61065.926,32.9481,47.7197,8.9808
2021-06-30,5558900000.0,3908200000.0,1998500000.0,4508700000.0,1050200000.0,987500000.0,1879300000.0,1511400000.0,1167900000.0,269100000.0,244700000.0,5800000.0,19700000.0,1.47,166700000.0,734100000.0,75600000.0,36200000.0,658500000.0,987500000.0,,75.5645,13.3656,1.47,305300000.0,0.23300323747857551,0.044019500260842975,0.1619028715098584,0.7727272727272727,0.1780468439857086,0.04840885786756373,0.1320606566226628,0.43568876538308854,0.20199814741299457,0.940297086269282,1.9555666750062546,3046800000.0,520300000.0,574000000.0,2369200000.0,643300000.0,,3.15,3.15,1.5350536297217472,,0.97636974,109.33,70.12,6.92013,61065.926,32.9481,47.7197,8.9808
2021-09-30,5970600000.0,3963500000.0,2198000000.0,4835000000.0,1118100000.0,988000000.0,1852100000.0,2378600000.0,1823900000.0,435500000.0,407800000.0,10400000.0,10400000.0,2.44,167100000.0,1132900000.0,144600000.0,59100000.0,988300000.0,988000000.0,,86.0162,15.2549,2.44,494600000.0,0.3647258742509615,0.06830134324858474,0.17144538804338685,0.7667955940469183,0.18309089380307744,0.07294074297390547,0.20678030482883053,0.4154965105524258,0.20793744219288657,0.883641892496199,1.8032302092811647,3579000000.0,586300000.0,647100000.0,2749700000.0,723400000.0,,3.56,3.56,1.3657727398396462,,0.97636974,109.33,70.12,6.92013,61065.926,32.9481,47.7197,8.9808
2021-12-31,5919100000.0,3600600000.0,2318100000.0,5120700000.0,781700000.0,988400000.0,1319100000.0,-1258100000.0,-986300000.0,-175800000.0,-152900000.0,-1300000.0,-28200000.0,-0.9199999999999999,-333100000.0,-683200000.0,,-28200000.0,,988400000.0,1.5533,96.8388,17.5818,-0.9199999999999999,-204000000.0,-0.1955993347831649,-0.025831629808585766,0.12153246959701136,0.7839599395914474,0.13973452030840156,-0.029700461218766367,-0.0993164228009717,,0.16214927271282092,1.2644236919534348,1.5532548207583796,3342200000.0,606800000.0,650400000.0,2559200000.0,734800000.0,,3.63,3.63,1.3451279259662494,,0.97636974,109.33,70.12,6.92013,61065.926,32.9481,47.7197,8.9808
2022-03-31,5651100000.0,3208300000.0,2510500000.0,5417900000.0,217700000.0,988900000.0,923500000.0,954800000.0,701000000.0,151000000.0,138400000.0,4500000.0,-8100000.0,0.84,164200000.0,396100000.0,122600000.0,25500000.0,273500000.0,988900000.0,,86.1396,15.3225,0.84,176500000.0,0.6357372531005971,0.024490807099502753,0.1449518223711772,0.7341851696690407,0.15814830330959362,0.026720461503070198,0.12514503563732804,0.2864474235441977,0.18485546711353162,4.54248966467616,1.2779525990838478,3586700000.0,638000000.0,679800000.0,2706500000.0,772400000.0,19400000.0,3.8299999999999996,3.8299999999999996,1.2802951838425687,35.04123711340206,0.97636974,109.33,70.12,6.92013,61065.926,32.9481,47.7197,8.9808
2022-06-30,5294500000.0,2952900000.0,2634900000.0,5674100000.0,-392900000.0,989400000.0,710000000.0,1984900000.0,1480300000.0,346300000.0,311900000.0,9000000.0,-5700000.0,0.38,815400000.0,719500000.0,162500000.0,50600000.0,557000000.0,989400000.0,,67.3785,11.9016,0.38,396900000.0,-0.7938406719266989,0.05891018981962414,0.15713637966648195,0.7457806438611517,0.17446722756813945,0.06540749834734158,0.5805532271584242,0.28061867096579174,0.19995969570255429,-2.5181980147620258,1.1206876921325288,4060200000.0,705200000.0,757000000.0,3018900000.0,864000000.0,22600000.0,2.74,2.74,1.145138888888889,33.49557522123894,0.97636974,109.33,70.12,6.92013,61065.926,32.9481,47.7197,8.9808
2022-09-30,5335900000.0,2982200000.0,2779600000.0,5958700000.0,-634700000.0,989900000.0,964000000.0,3134400000.0,2346800000.0,611800000.0,543500000.0,13500000.0,21600000.0,0.67,809800000.0,1202500000.0,250300000.0,77000000.0,952200000.0,989900000.0,,52.1751,9.4534,0.67,688800000.0,-0.8563100677485426,0.1018572312074814,0.1733984175599796,0.7487238386932108,0.1951888718734048,0.11465732116418974,1.72240990990991,0.30379019908116384,0.21975497702909647,-1.5596344729793603,1.0728881853504102,4816000000.0,840900000.0,933300000.0,3541800000.0,1058200000.0,25700000.0,0.9700000000000001,0.9700000000000001,0.9354564354564354,36.31517509727627,0.97636974,109.33,70.12,6.92013,61065.926,32.9481,47.7197,8.9808
2022-12-31,6228000000.0,3810400000.0,3078400000.0,6509600000.0,-281600000.0,990400000.0,1682900000.0,-1656700000.0,-1195600000.0,-139500000.0,-136500000.0,-9000000.0,23000000.0,-0.8300000000000001,-984100000.0,-587500000.0,,-48800000.0,,990400000.0,1.2378,44.5522,8.6464,-0.8300000000000001,-188300000.0,0.48473011363636365,-0.021917148362235066,0.08239270839620934,0.7216756202088489,0.08420353715216998,-0.022398843930635837,-0.1968115124153499,,0.11365968491579646,-3.5170454545454546,1.237785862785863,4417400000.0,857300000.0,969600000.0,3332500000.0,1073900000.0,18000000.0,1.06,1.06,0.9222460191824192,53.86666666666667,0.97636974,109.33,70.12,6.92013,61065.926,32.9481,47.7197,8.9808
2023-03-31,6832300000.0,4358700000.0,3261800000.0,6820900000.0,11400000.0,990900000.0,2304200000.0,1262300000.0,954500000.0,273500000.0,247700000.0,5000000.0,21300000.0,0.31,793400000.0,677500000.0,30300000.0,27500000.0,647200000.0,990900000.0,,53.9285,11.0325,0.31,301000000.0,21.728070175438596,0.0362542628397465,0.19622910560088727,0.756159391586786,0.21666798700784282,0.04003044362806083,0.27287239349496156,0.51271488552642,0.2384536164144815,86.92105263157895,1.3362867128579312,4724900000.0,966600000.0,1092100000.0,3586000000.0,1198400000.0,18500000.0,0.53,0.53,0.8268524699599465,59.03243243243243,0.97636974,109.33,70.12,6.92013,61065.926,32.9481,47.7197,8.9808
2023-06-30,7486100000.0,4878100000.0,3500600000.0,7164900000.0,321200000.0,991300000.0,2376300000.0,2555100000.0,1951500000.0,552500000.0,514000000.0,10200000.0,48900000.0,0.65,794700000.0,1192600000.0,107100000.0,54900000.0,1085500000.0,991300000.0,,56.0251,11.9001,0.65,607400000.0,1.6002490660024906,0.06866058428287092,0.20116629486125787,0.7637665844781026,0.2162341982701264,0.07380344905892254,0.42095238095238097,0.42483660130718953,0.23772063715705843,3.086239103362391,1.3935039707478718,5295100000.0,1168700000.0,1298300000.0,4057200000.0,1408900000.0,19700000.0,0.7999999999999999,0.7999999999999999,0.7035985520618923,65.90355329949239,0.97636974,109.33,70.12,6.92013,61065.926,32.9481,47.7197,8.9808
2023-09-30,7479300000.0,4752700000.0,3649000000.0,7405200000.0,74100000.0,991800000.0,2186800000.0,3889700000.0,2968400000.0,855700000.0,836900000.0,15600000.0,48600000.0,1.05,793500000.0,1743800000.0,177200000.0,83200000.0,1566600000.0,991800000.0,,40.0142,8.9014,1.05,938900000.0,11.294197031039136,0.11189549824181408,0.2151579813353215,0.7631436871738181,0.2199912589659871,0.1144091024561122,0.8027957594521062,0.4027559966064221,0.24138108337403913,13.384615384615385,1.3024664291586736,6050400000.0,1462100000.0,1542200000.0,4678800000.0,1659000000.0,21800000.0,1.18,1.18,0.5978300180831826,70.74311926605505,0.97636974,109.33,70.12,6.92013,61065.926,32.9481,47.7197,8.9808
2023-12-31,7258900000.0,4428300000.0,3719000000.0,7722300000.0,-463400000.0,992300000.0,1397900000.0,-2402300000.0,-1806800000.0,-440600000.0,-450800000.0,-9800000.0,25000000.0,-0.5499999999999998,-1593400000.0,-1678400000.0,,-52200000.0,,992300000.0,1.1907,39.1582,8.4727,-0.5499999999999998,-492800000.0,0.972809667673716,-0.06210307346843186,0.1876534987303834,0.7521125587978188,0.18340756774757525,-0.060697901885960685,-0.8330497258460957,,0.20513674395371104,-2.141346568839016,1.1907233127184726,5304800000.0,1147800000.0,1241100000.0,4067600000.0,1354500000.0,21000000.0,1.46,1.46,0.7325950535252861,59.1,0.97636974,109.33,70.12,6.92013,61065.926,32.9481,47.7197,8.9808
2024-03-31,7662100000.0,4559700000.0,3800400000.0,7799600000.0,-137500000.0,992800000.0,1926300000.0,1353300000.0,1048600000.0,321200000.0,299300000.0,5100000.0,39500000.0,0.39,770500000.0,830400000.0,221900000.0,28600000.0,608500000.0,992800000.0,,43.1455,9.5906,0.39,349800000.0,-2.176727272727273,0.03906239803709166,0.22116308283455258,0.7748466711002734,0.23734574743220277,0.041920622283708124,0.3755407459370981,0.4496416167885908,0.2584792728884948,-7.220363636363636,1.1997947584464794,5395800000.0,1199400000.0,1288800000.0,4161700000.0,1403300000.0,21100000.0,1.54,1.54,0.7074752369414951,61.08056872037915,0.97636974,109.33,70.12,6.92013,61065.926,32.9481,47.7197,8.9808
2024-06-30,8052900000.0,4919300000.0,3725300000.0,7764700000.0,288200000.0,993300000.0,2203200000.0,2787600000.0,2207900000.0,758400000.0,679100000.0,10100000.0,116000000.0,0.88,770200000.0,1172400000.0,245000000.0,57800000.0,927400000.0,993300000.0,,34.825,8.257,0.88,816200000.0,2.356349757113116,0.08432986874293733,0.24361457884918927,0.7920433347682594,0.2720619888075764,0.0941772529150989,0.5918064767850175,0.3326876165877457,0.29279667097144496,3.446564885496183,1.3205110997771992,5628300000.0,1364500000.0,1494700000.0,4418100000.0,1612100000.0,21000000.0,1.7700000000000002,1.7700000000000002,0.61615284411637,71.17619047619047,0.97636974,109.33,70.12,6.92013,61065.926,32.9481,47.7197,8.9808
2024-09-30,8852000000.0,5220600000.0,3883900000.0,7943900000.0,908100000.0,993800000.0,2489300000.0,4295700000.0,3452600000.0,1229300000.0,1219000000.0,,197200000.0,1.58,770800000.0,1780500000.0,281300000.0,87600000.0,1499200000.0,993800000.0,,38.7729,10.3871,1.58,1316900000.0,1.3423631758616892,0.1377089923181202,0.2837721442372605,0.8037339665246642,0.2861698908210536,0.13887257117035698,0.6463536463536463,0.3490001629536513,0.3065623763298182,1.0943728664244026,1.3441643708643374,6034300000.0,1746600000.0,1868300000.0,4902300000.0,1990100000.0,,2.3000000000000003,2.3000000000000003,0.4993718908597558,,0.97636974,109.33,70.12,6.92013,61065.926,32.9481,47.7197,8.9808
2024-12-31,9763100000.0,5971500000.0,4060700000.0,8269300000.0,1493800000.0,994300000.0,2875900000.0,-2480800000.0,-1910900000.0,-505500000.0,-452200000.0,4800000.0,-68800000.0,-0.5900000000000003,-1539600000.0,-1525200000.0,,-51200000.0,,994300000.0,1.4706,41.4935,12.1586,-0.5900000000000003,-556700000.0,-0.302717900656045,-0.04631725578965697,0.18227990970654628,0.7702757175104805,0.20376491454369558,-0.05177658735442636,-0.20316707527832484,,0.22440341825217672,0.6656178872673718,1.470559263181225,5955800000.0,1745200000.0,1803400000.0,4798200000.0,1926200000.0,,2.26,2.26,0.5161976949434119,,0.97636974,109.33,70.12,6.92013,61065.926,32.9481,47.7197,8.9808
2025-03-31,10407000000.0,6442600000.0,4727800000.0,8444100000.0,1962900000.0,496200000.0,3596600000.0,1539700000.0,1246600000.0,453800000.0,433400000.0,,96500000.0,0.56,776800000.0,863300000.0,66500000.0,35800000.0,796800000.0,496200000.0,,39.4014,12.0555,0.56,489600000.0,0.220795761373478,0.04164504660324781,0.2814834058582841,0.8096382412158213,0.29473274014418394,0.04360526568655713,0.18453905900532716,0.5175034097551471,0.31798402286159644,0.25278924040959805,1.3627056982105843,6142200000.0,1879300000.0,1936000000.0,4996200000.0,2066000000.0,,2.4299999999999997,2.4299999999999997,0.24017424975798646,,0.97636974,109.33,70.12,6.92013,61065.926,32.9481,47.7197,8.9808
2025-06-30,10641400000.0,6346300000.0,4777100000.0,8581000000.0,2060400000.0,496300000.0,3368500000.0,3169700000.0,2561700000.0,911800000.0,873500000.0,,173600000.0,1.13,774800000.0,1315200000.0,234300000.0,74100000.0,1080900000.0,496300000.0,,41.7199,12.7676,1.13,985900000.0,0.42394680644535043,0.08208506399533896,0.27557813042243745,0.8081837397860996,0.28766129286683284,0.08568421448305674,0.3566315954159659,0.34101019023882384,0.31103889958040193,0.2408755581440497,1.3284838081681354,6524300000.0,2073700000.0,2089400000.0,5350000000.0,2235700000.0,,2.6799999999999997,2.6799999999999997,0.22198863890504092,,0.97636974,109.33,70.12,6.92013,61065.926,32.9481,47.7197,8.9808
2025-09-30,9361300000.0,4913500000.0,4786100000.0,8626200000.0,735100000.0,496500000.0,1995700000.0,4894600000.0,3954900000.0,1459100000.0,1347400000.0,,294300000.0,1.75,770200000.0,1970400000.0,322000000.0,112500000.0,1648400000.0,496500000.0,,34.3871,9.8292,1.75,1571600000.0,1.8329478982451368,0.14393300075844168,0.27528296490009396,0.8080129121889429,0.29810403301597677,0.15586510420561248,1.1847190646313739,0.3367793078086054,0.32108854656151675,0.6754183104339546,1.0266187501305866,7123200000.0,2202100000.0,2319200000.0,5852300000.0,2490400000.0,,2.8499999999999996,2.8499999999999996,0.19936556376485706,,0.97636974,109.33,70.12,6.92013,61065.926,32.9481,47.7197,8.9808
2025-12-31,10389200000.0,5900200000.0,5034000000.0,9151700000.0,1237500000.0,496600000.0,2495300000.0,-2804400000.0,-2292500000.0,-740000000.0,-800900000.0,20100000.0,-125300000.0,-1.02,-1557200000.0,-1558300000.0,,-70400000.0,,496600000.0,1.1721,31.862,8.6848,-1.02,-810400000.0,-0.6471919191919192,-0.07708967004196665,0.2855869348167166,0.8174654114962202,0.2638710597632292,-0.07122781349863319,-0.4267343290467678,,0.28897446869205534,0.4012929292929293,1.1720699245133095,6799600000.0,1853400000.0,2084700000.0,5470700000.0,2236700000.0,,2.42,2.42,0.22202351678812537,,0.97636974,109.33,70.12,6.92013,61065.926,32.9481,47.7197,8.9808
