report_date,total_assets,current_assets,current_liabilities,total_liabilities,total_equity,long_term_debt,short_term_debt,cash,revenue,operating_income,net_income,income_tax,eps_diluted,operating_cash_flow,capex,fcf,total_debt,bf_current_ratio,bf_pe,bf_ps,eps,ebitda,roe,roa,net_margin,operating_margin,roi,roic,fcf_margin,ebitda_margin,debt_equity,current_ratio,revenue_ttm,net_income_ttm,operating_income_ttm,fcf_ttm,ebitda_ttm,eps_diluted_ttm,eps_ttm,debt_to_ebitda,bf_beta,bf_52w_high,bf_52w_low,bf_10d_avg_vol,bf_market_cap,bf_pe_ttm,bf_pb_annual,bf_ps_ttm
2010-04-04,31059000000.0,13353000000.0,9937000000.0,,12779000000.0,3159000000.0,704000000.0,2025000000.0,7750000000.0,918000000.0,597000000.0,275000000.0,1.53,210000000.0,60000000.0,150000000.0,3863000000.0,,12.5679,0.959,1.53,918000000.0,0.04671727052195007,0.019221481696126728,0.07703225806451613,0.11845161290322581,0.029556650246305417,0.05516163922605456,0.01935483870967742,0.11845161290322581,0.30229282416464515,1.343765724061588,,,,,,,,,0.38332027,369.7,239.2,1.53932,94390.445,22.4205,3.5492,2.381
2010-07-04,30872000000.0,13166000000.0,9795000000.0,,12839000000.0,3159000000.0,703000000.0,1853000000.0,15854000000.0,1903000000.0,1245000000.0,569000000.0,3.2,687000000.0,123000000.0,564000000.0,3862000000.0,,9.1753,0.7088,3.2,1903000000.0,0.09697016901627853,0.04032780513086292,0.07852907783524662,0.12003279929355368,0.0616416169992226,0.1139452727381594,0.035574618392834614,0.12003279929355368,0.30080224316535553,1.3441551812149055,,,,,,,,,0.38332027,369.7,239.2,1.53932,94390.445,22.4205,3.5492,2.381
2010-10-03,31483000000.0,13390000000.0,10311000000.0,,13582000000.0,2430000000.0,774000000.0,1843000000.0,23865000000.0,2869000000.0,1895000000.0,848000000.0,4.9,1567000000.0,219000000.0,1348000000.0,3204000000.0,,9.2968,0.7344,4.9,2869000000.0,0.13952289795317332,0.060191214306133466,0.07940498638173057,0.12021789231091556,0.09112854556427279,0.17091623972357917,0.0564843913681123,0.12021789231091556,0.23590045648652627,1.2986131316070215,,,,,,,,,0.38332027,369.7,239.2,1.53932,94390.445,22.4205,3.5492,2.381
2010-12-31,32545000000.0,14186000000.0,11177000000.0,,13316000000.0,2430000000.0,773000000.0,2613000000.0,-15003000000.0,-1745000000.0,-1113000000.0,-530000000.0,-2.820000000000001,522000000.0,-32000000.0,490000000.0,3203000000.0,1.2692,10.2152,0.8256,-2.820000000000001,-1745000000.0,-0.0835836587563833,-0.03419880165924105,0.07418516296740651,0.11631007131906952,-0.05361806729144262,-0.10563593437859435,-0.03266013463973872,0.11631007131906952,0.24053769900871133,1.2692135635680415,32466000000.0,2624000000.0,3945000000.0,2552000000.0,3945000000.0,6.81,6.81,0.8119138149556401,0.38332027,369.7,239.2,1.53932,94390.445,22.4205,3.5492,2.381
2011-04-03,,14795000000.0,11252000000.0,,13877000000.0,2411000000.0,792000000.0,2484000000.0,7798000000.0,929000000.0,618000000.0,278000000.0,1.64,327000000.0,61000000.0,266000000.0,3203000000.0,,10.319,0.8394,1.64,929000000.0,0.04453412120775384,,0.07925109002308284,0.11913311105411643,,0.05439110070257611,0.03411131059245961,0.11913311105411643,0.23081357642141673,1.3148773551368647,32514000000.0,2645000000.0,3956000000.0,2668000000.0,3956000000.0,6.919999999999999,6.919999999999999,0.8096562184024267,0.38332027,369.7,239.2,1.53932,94390.445,22.4205,3.5492,2.381
2011-07-03,,14673000000.0,11493000000.0,,13925000000.0,2409000000.0,772000000.0,2157000000.0,15677000000.0,1878000000.0,1271000000.0,571000000.0,3.4,1076000000.0,152000000.0,924000000.0,3181000000.0,,10.225,0.8392,3.4,1878000000.0,0.09127468581687612,,0.08107418511194744,0.11979332780506474,,0.10978603998596984,0.05893984818523952,0.11979332780506474,0.22843806104129263,1.2766901592273558,32337000000.0,2671000000.0,3931000000.0,3028000000.0,3931000000.0,7.119999999999999,7.119999999999999,0.8092088527092343,0.38332027,369.7,239.2,1.53932,94390.445,22.4205,3.5492,2.381
2011-10-02,33408000000.0,14040000000.0,10482000000.0,33408000000.0,13619000000.0,3907000000.0,222000000.0,1540000000.0,23530000000.0,2876000000.0,1923000000.0,858000000.0,5.19,1212000000.0,273000000.0,939000000.0,4129000000.0,,7.4754,0.617,5.19,2876000000.0,0.14119979440487554,0.05756106321839081,0.0817254568635784,0.12222694432639183,0.08608716475095786,0.1620464277665089,0.039906502337441564,0.12222694432639183,0.30317938174609005,1.3394390383514596,32002000000.0,2699000000.0,3938000000.0,2619000000.0,3938000000.0,7.409999999999999,7.409999999999999,1.0485017775520569,0.38332027,369.7,239.2,1.53932,94390.445,22.4205,3.5492,2.381
2011-12-31,34883000000.0,15368000000.0,11145000000.0,34883000000.0,13232000000.0,3907000000.0,23000000.0,2649000000.0,-14328000000.0,-1857000000.0,-1286000000.0,-541000000.0,-3.3600000000000003,623000000.0,-28000000.0,595000000.0,3930000000.0,1.3789,9.6057,0.7425,-3.3600000000000003,-1857000000.0,-0.09718863361547762,-0.03686609523263481,0.08975432719151312,0.129606365159129,-0.05323510019207064,-0.10820417200792448,-0.04152707984366276,0.129606365159129,0.29700725513905685,1.3789143113503812,32677000000.0,2526000000.0,3826000000.0,2724000000.0,3826000000.0,6.87,6.87,1.0271824359644537,0.38332027,369.7,239.2,1.53932,94390.445,22.4205,3.5492,2.381
2012-04-01,35309000000.0,15510000000.0,10953000000.0,35309000000.0,13854000000.0,3905000000.0,3000000.0,2632000000.0,7579000000.0,860000000.0,564000000.0,257000000.0,1.57,414000000.0,90000000.0,324000000.0,3908000000.0,,10.808,0.8231,1.57,860000000.0,0.040710264183629274,0.015973264606757485,0.074416149887848,0.1134714342261512,0.024356396386190488,0.04841797094921743,0.04274970312706162,0.1134714342261512,0.28208459650642415,1.4160503971514653,32458000000.0,2472000000.0,3757000000.0,2782000000.0,3757000000.0,6.800000000000001,6.800000000000001,1.0401916422677668,0.38332027,369.7,239.2,1.53932,94390.445,22.4205,3.5492,2.381
2012-07-01,35203000000.0,15527000000.0,12179000000.0,35203000000.0,13662000000.0,2905000000.0,1028000000.0,2540000000.0,15501000000.0,1830000000.0,1198000000.0,551000000.0,3.34,1203000000.0,176000000.0,1027000000.0,3933000000.0,,9.5004,0.717,3.34,1830000000.0,0.08768847899282682,0.03403119052353493,0.07728533642990774,0.11805689955486742,0.05198420589154334,0.10400682011935208,0.06625379007805948,0.11805689955486742,0.2878787878787879,1.2748994170293126,32282000000.0,2399000000.0,3709000000.0,2885000000.0,3709000000.0,6.74,6.74,1.0603936370989484,0.38332027,369.7,239.2,1.53932,94390.445,22.4205,3.5492,2.381
2012-09-30,35503000000.0,15593000000.0,12193000000.0,35503000000.0,14272000000.0,2924000000.0,1001000000.0,2874000000.0,23435000000.0,2735000000.0,1798000000.0,814000000.0,5.04,1907000000.0,286000000.0,1621000000.0,3925000000.0,,9.9142,0.7306,5.04,2735000000.0,0.12598094170403587,0.05064360758245782,0.07672285043737999,0.11670578195007468,0.0770357434582993,0.15029949991756883,0.06917004480477917,0.11670578195007468,0.2750140134529148,1.2788485196424177,32187000000.0,2274000000.0,3568000000.0,3567000000.0,3568000000.0,6.59,6.59,1.1000560538116593,0.38332027,369.7,239.2,1.53932,94390.445,22.4205,3.5492,2.381
2012-12-31,34309000000.0,15744000000.0,11620000000.0,34309000000.0,11390000000.0,3908000000.0,,3296000000.0,-15002000000.0,-4592000000.0,-3892000000.0,-749000000.0,-10.889999999999999,-837000000.0,-102000000.0,-939000000.0,3908000000.0,1.3549,,0.7905,-10.889999999999999,-4592000000.0,-0.34170324846356454,-0.11343962225655076,0.2594320757232369,0.30609252099720036,-0.13384243201492318,-0.3001699568571055,0.06259165444607385,0.30609252099720036,0.3431079894644425,1.3549053356282272,31513000000.0,-332000000.0,833000000.0,2033000000.0,833000000.0,-0.9399999999999995,-0.9399999999999995,4.691476590636254,0.38332027,369.7,239.2,1.53932,94390.445,22.4205,3.5492,2.381
2013-03-31,34609000000.0,16350000000.0,11769000000.0,34609000000.0,11582000000.0,3909000000.0,,3745000000.0,7404000000.0,847000000.0,571000000.0,253000000.0,1.62,504000000.0,29000000.0,475000000.0,3909000000.0,,,0.7835,1.62,847000000.0,0.049300638922465896,0.016498598630414054,0.0771204754186926,0.114397622906537,0.024473402872085295,0.054676909173068236,0.06415451107509454,0.114397622906537,0.3375064755655327,1.3892429263318888,31338000000.0,-325000000.0,820000000.0,2184000000.0,820000000.0,-0.8899999999999988,-0.8899999999999988,4.767073170731707,0.38332027,369.7,239.2,1.53932,94390.445,22.4205,3.5492,2.381
2013-06-30,34731000000.0,16538000000.0,11841000000.0,,11756000000.0,3907000000.0,,3757000000.0,15315000000.0,1807000000.0,1211000000.0,556000000.0,3.0,1083000000.0,168000000.0,915000000.0,3907000000.0,,,0.9022,3.0,1807000000.0,0.10301122830894863,0.03486798537329763,0.07907280444009142,0.11798889977146589,0.05202844720854568,0.11536742641894912,0.059745347698334964,0.11798889977146589,0.33234093228989453,1.396672578329533,31152000000.0,-312000000.0,797000000.0,2072000000.0,797000000.0,-1.2299999999999986,-1.2299999999999986,4.902132998745295,0.38332027,369.7,239.2,1.53932,94390.445,22.4205,3.5492,2.381
2013-09-29,35471000000.0,17118000000.0,12065000000.0,,12605000000.0,3908000000.0,,4065000000.0,23111000000.0,2764000000.0,1862000000.0,845000000.0,5.0,1550000000.0,271000000.0,1279000000.0,3908000000.0,,,1.0126,5.0,2764000000.0,0.14771915906386354,0.05249358630994334,0.08056769503699537,0.11959672883042707,0.07792281018296637,0.16738327378429116,0.055341612219289515,0.11959672883042707,0.3100357001190004,1.4188147534189806,30828000000.0,-248000000.0,826000000.0,1730000000.0,826000000.0,-1.2699999999999987,-1.2699999999999987,4.731234866828087,0.38332027,369.7,239.2,1.53932,94390.445,22.4205,3.5492,2.381
2013-12-31,35448000000.0,17886000000.0,12194000000.0,35448000000.0,14501000000.0,3908000000.0,,5301000000.0,-14612000000.0,-1733000000.0,-1287000000.0,-533000000.0,-2.950000000000001,-31000000.0,-28000000.0,-59000000.0,3908000000.0,1.4815,14.3265,1.0917,-2.950000000000001,-1733000000.0,-0.0887524998275981,-0.036306702775897086,0.08807829181494661,0.11860114973993978,-0.04888851275107199,-0.0941387364875876,0.004037777169449767,0.11860114973993978,0.26949865526515415,1.4667869443988848,31218000000.0,2357000000.0,3685000000.0,2610000000.0,3685000000.0,6.67,6.67,1.0605156037991859,0.38332027,369.7,239.2,1.53932,94390.445,22.4205,3.5492,2.381
2014-03-30,34382000000.0,16964000000.0,12623000000.0,,13690000000.0,3409000000.0,502000000.0,4296000000.0,7324000000.0,871000000.0,595000000.0,256000000.0,1.0,428000000.0,87000000.0,341000000.0,3911000000.0,,15.6843,1.2093,1.0,871000000.0,0.043462381300219136,0.017305566866383574,0.0812397596941562,0.11892408519934462,0.025333023093479148,0.049485824669052894,0.0465592572364828,0.11892408519934462,0.2856829802775749,1.3438960627426126,31138000000.0,2381000000.0,3709000000.0,2476000000.0,3709000000.0,6.049999999999998,6.049999999999998,1.0544621191695875,0.38332027,369.7,239.2,1.53932,94390.445,22.4205,3.5492,2.381
2014-06-29,34332000000.0,17183000000.0,13222000000.0,,13119000000.0,3409000000.0,501000000.0,3841000000.0,14739000000.0,1823000000.0,1136000000.0,536000000.0,3.0,1294000000.0,162000000.0,1132000000.0,3910000000.0,,17.0747,1.2766,3.0,1823000000.0,0.08659196585105572,0.03308866363742281,0.07707442838727187,0.12368546034330687,0.05309914948153326,0.10705267484878736,0.07680303955492232,0.12368546034330687,0.298041009223264,1.2995764634699742,30562000000.0,2306000000.0,3725000000.0,2693000000.0,3725000000.0,6.049999999999998,6.049999999999998,1.0496644295302013,0.38332027,369.7,239.2,1.53932,94390.445,22.4205,3.5492,2.381
2014-09-28,35311000000.0,18169000000.0,14670000000.0,,13010000000.0,3410000000.0,501000000.0,5105000000.0,22490000000.0,2822000000.0,1832000000.0,821000000.0,5.0,3798000000.0,337000000.0,3461000000.0,3911000000.0,,18.156,1.3835,5.0,2822000000.0,0.14081475787855496,0.05188184984848914,0.08145842596709649,0.12547799021787462,0.07991843901333862,0.16677501329708647,0.15389061805246776,0.12547799021787462,0.3006149116064566,1.238513974096796,29941000000.0,2276000000.0,3783000000.0,4875000000.0,3783000000.0,6.049999999999998,6.049999999999998,1.033835580227333,0.38332027,369.7,239.2,1.53932,94390.445,22.4205,3.5492,2.381
2014-12-31,35355000000.0,17407000000.0,13751000000.0,,11829000000.0,3410000000.0,,4388000000.0,-13701000000.0,-1627000000.0,-1030000000.0,-484000000.0,-2.0,-1792000000.0,-65000000.0,-1857000000.0,3410000000.0,1.2659,18.0467,1.4817,-2.0,-1627000000.0,-0.08707413982585172,-0.029133078772450857,0.07517699437997226,0.1187504561710824,-0.04601895064347334,-0.1067655357963121,0.1355375520035034,0.1187504561710824,0.28827457942345086,1.2658715729765109,30852000000.0,2533000000.0,3889000000.0,3077000000.0,3889000000.0,7.0,7.0,0.8768320905116996,0.38332027,369.7,239.2,1.53932,94390.445,22.4205,3.5492,2.381
2015-04-05,34385000000.0,16352000000.0,13112000000.0,,11520000000.0,3410000000.0,1000000.0,4412000000.0,7784000000.0,1027000000.0,716000000.0,293000000.0,2.0,745000000.0,98000000.0,647000000.0,3411000000.0,,16.7847,1.42,2.0,1027000000.0,0.06215277777777778,0.02082303329940381,0.09198355601233299,0.13193730729701952,0.029867674858223062,0.06878306878306878,0.08311921891058582,0.13193730729701952,0.29609375,1.2471018913971934,31312000000.0,2654000000.0,4045000000.0,3383000000.0,4045000000.0,7.999999999999999,7.999999999999999,0.8432632880098887,0.38332027,369.7,239.2,1.53932,94390.445,22.4205,3.5492,2.381
2015-07-05,33654000000.0,15773000000.0,12708000000.0,,11276000000.0,3411000000.0,2000000.0,4032000000.0,15666000000.0,2108000000.0,1468000000.0,602000000.0,4.0,1348000000.0,190000000.0,1158000000.0,3413000000.0,,16.1465,1.4557,4.0,2108000000.0,0.1301880099326002,0.04362037202115648,0.09370611515383634,0.13455891740074047,0.06263742794318655,0.14350874804275307,0.07391803906549214,0.13455891740074047,0.30267825470024834,1.2411866540761725,32239000000.0,2986000000.0,4330000000.0,3409000000.0,4330000000.0,9.0,9.0,0.7882217090069285,0.38332027,369.7,239.2,1.53932,94390.445,22.4205,3.5492,2.381
2015-10-04,32980000000.0,15288000000.0,13178000000.0,,10734000000.0,2912000000.0,501000000.0,3372000000.0,23660000000.0,3142000000.0,2201000000.0,882000000.0,6.0,2170000000.0,360000000.0,1810000000.0,3413000000.0,,15.6997,1.4228,6.0,3142000000.0,0.20504937581516677,0.06673741661613099,0.0930262045646661,0.13279797125950973,0.0952698605215282,0.22209655757404398,0.0765004226542688,0.13279797125950973,0.3179616172908515,1.1601153437547427,33409000000.0,3355000000.0,4650000000.0,1758000000.0,4650000000.0,10.0,10.0,0.7339784946236559,0.38332027,369.7,239.2,1.53932,94390.445,22.4205,3.5492,2.381
2015-12-31,31997000000.0,14571000000.0,12445000000.0,,10738000000.0,2898000000.0,,2785000000.0,-15641000000.0,-2099000000.0,-1420000000.0,-640000000.0,-3.0,-1764000000.0,-79000000.0,-1843000000.0,2898000000.0,1.1708,14.3028,1.3663,-3.0,-2099000000.0,-0.132240640715217,-0.04437916054630121,0.09078703407710505,0.13419858065341092,-0.06559989999062413,-0.15393077148723966,0.11783134070711591,0.13419858065341092,0.26988265971316816,1.170831659300924,31469000000.0,2965000000.0,4178000000.0,1772000000.0,4178000000.0,9.0,9.0,0.6936333173767353,0.38332027,369.7,239.2,1.53932,94390.445,22.4205,3.5492,2.381
2016-04-03,31702000000.0,14188000000.0,12423000000.0,,10582000000.0,2899000000.0,501000000.0,1907000000.0,7724000000.0,1053000000.0,717000000.0,311000000.0,2.0,439000000.0,65000000.0,374000000.0,3400000000.0,,13.5936,1.2789,2.0,1053000000.0,0.06775656775656776,0.02261686959813261,0.09282755049197307,0.13632832729155878,0.03321556999558387,0.07531111428980117,0.04842050750906266,0.13632832729155878,0.3213003213003213,1.1420751831280689,31409000000.0,2966000000.0,4204000000.0,1499000000.0,4204000000.0,9.0,9.0,0.8087535680304472,0.38332027,369.7,239.2,1.53932,94390.445,22.4205,3.5492,2.381
2016-07-03,31769000000.0,14386000000.0,12135000000.0,,10995000000.0,2899000000.0,537000000.0,1899000000.0,15389000000.0,2123000000.0,1475000000.0,601000000.0,4.0,873000000.0,134000000.0,739000000.0,3436000000.0,,14.4556,1.3472,4.0,2123000000.0,0.1341518872214643,0.046428908684566714,0.09584768341022809,0.13795568263045033,0.06682615127954925,0.14711385212389994,0.048021313925531224,0.13795568263045033,0.3125056844020009,1.1854964977338278,31132000000.0,2973000000.0,4219000000.0,1080000000.0,4219000000.0,9.0,9.0,0.814410997866793,0.38332027,369.7,239.2,1.53932,94390.445,22.4205,3.5492,2.381
2016-10-02,32668000000.0,15297000000.0,11893000000.0,,11317000000.0,3885000000.0,1000000.0,2303000000.0,23120000000.0,3192000000.0,2158000000.0,882000000.0,6.0,,244000000.0,,3886000000.0,,16.6063,1.5184,6.0,3192000000.0,0.19068657771494213,0.06605852822333783,0.09333910034602076,0.13806228373702423,0.09771029753887596,0.20995856081036637,,0.13806228373702423,0.3433772201113369,1.286218784158749,30592000000.0,2930000000.0,4269000000.0,,4269000000.0,9.0,9.0,0.9102834387444366,0.38332027,369.7,239.2,1.53932,94390.445,22.4205,3.5492,2.381
2016-12-31,32872000000.0,15447000000.0,12846000000.0,,10976000000.0,2988000000.0,,2334000000.0,-14880000000.0,-2059000000.0,-1395000000.0,-625000000.0,-3.0,,-51000000.0,,2988000000.0,1.2293,20.7729,1.7482,-3.0,-2059000000.0,-0.12709548104956267,-0.042437332684351424,0.09375,0.1383736559139785,-0.06263689462156243,-0.14745058722429102,,0.1383736559139785,0.27223032069970843,1.2024754787482486,31353000000.0,2955000000.0,4309000000.0,,4309000000.0,9.0,9.0,0.6934323508934788,0.38332027,369.7,239.2,1.53932,94390.445,22.4205,3.5492,2.381
2017-04-02,33211000000.0,16614000000.0,13165000000.0,,10583000000.0,2988000000.0,901000000.0,2168000000.0,7441000000.0,1035000000.0,763000000.0,247000000.0,2.0,,62000000.0,,3889000000.0,,21.0239,1.8554,2.0,1035000000.0,0.0720967589530379,0.022974315738761252,0.10253998118532455,0.13909420776777315,0.031164373249826866,0.07151741293532338,,0.13909420776777315,0.36747614098081827,1.2619825294341056,31070000000.0,3001000000.0,4291000000.0,,4291000000.0,9.0,9.0,0.9063155441622,0.38332027,369.7,239.2,1.53932,94390.445,22.4205,3.5492,2.381
2017-07-02,33793000000.0,17126000000.0,13503000000.0,,10952000000.0,2989000000.0,989000000.0,1856000000.0,15116000000.0,2091000000.0,1512000000.0,530000000.0,4.0,,153000000.0,,3978000000.0,,21.9093,1.965,4.0,2091000000.0,0.13805697589481372,0.04474299411120646,0.10002646202699127,0.13833024609685102,0.06187672003077561,0.14005358338914936,,0.13833024609685102,0.36322132943754565,1.2683107457602014,30797000000.0,3038000000.0,4259000000.0,,4259000000.0,9.0,9.0,0.934022070908664,0.38332027,369.7,239.2,1.53932,94390.445,22.4205,3.5492,2.381
2017-10-01,34914000000.0,18080000000.0,13209000000.0,,11564000000.0,3979000000.0,903000000.0,2722000000.0,22696000000.0,3143000000.0,2276000000.0,793000000.0,7.0,,273000000.0,,4882000000.0,,21.8975,2.0534,7.0,3143000000.0,0.19681771013490143,0.0651887494987684,0.10028198801550935,0.13848255199154036,0.09002119493612877,0.19111030037699137,,0.13848255199154036,0.42217225873400205,1.3687637217048982,30373000000.0,3156000000.0,4210000000.0,,4210000000.0,10.0,10.0,1.1596199524940618,0.38332027,369.7,239.2,1.53932,94390.445,22.4205,3.5492,2.381
2017-12-31,35046000000.0,18328000000.0,13099000000.0,,11435000000.0,3980000000.0,2000000.0,2983000000.0,-14280000000.0,-2092000000.0,-1639000000.0,-405000000.0,-4.0,,-60000000.0,,3982000000.0,1.3992,20.5573,1.9327,-4.0,-2092000000.0,-0.14333187581985132,-0.04676710608913999,0.11477591036414565,0.14649859943977592,-0.059692974947212235,-0.13569436336511642,,0.14649859943977592,0.3482291211193704,1.3991907779219788,30973000000.0,2912000000.0,4177000000.0,,4177000000.0,9.0,9.0,0.9533157768733541,0.38332027,369.7,239.2,1.53932,94390.445,22.4205,3.5492,2.381
2018-04-01,37219000000.0,20464000000.0,15242000000.0,,11774000000.0,3981000000.0,2498000000.0,4332000000.0,7535000000.0,1008000000.0,799000000.0,161000000.0,,,104000000.0,,6479000000.0,,22.0538,2.0927,,1008000000.0,0.06786138950229319,0.021467530024987237,0.10603848706038486,0.13377571333775715,0.02708294150836938,0.05522379882758999,,0.13377571333775715,0.5502802785799219,1.3426059572234614,31067000000.0,2948000000.0,4150000000.0,,4150000000.0,,,1.5612048192771084,0.38332027,369.7,239.2,1.53932,94390.445,22.4205,3.5492,2.381
2018-07-01,47152000000.0,19827000000.0,16573000000.0,,11994000000.0,11397000000.0,2881000000.0,1862000000.0,16721000000.0,2096000000.0,1585000000.0,345000000.0,,,279000000.0,,14278000000.0,,18.5977,1.704,,2096000000.0,0.132149408037352,0.033614692908042074,0.09479098140063394,0.12535135458405597,0.044451985069562265,0.07978075517661389,,0.12535135458405597,1.190428547607137,1.1963434501900683,32672000000.0,3021000000.0,4155000000.0,,4155000000.0,,,3.4363417569193744,0.38332027,369.7,239.2,1.53932,94390.445,22.4205,3.5492,2.381
2018-09-30,46963000000.0,19958000000.0,15689000000.0,,12755000000.0,11403000000.0,1678000000.0,1010000000.0,25815000000.0,3231000000.0,2436000000.0,504000000.0,8.0,,447000000.0,,13081000000.0,,19.8108,1.7851,8.0,3231000000.0,0.19098392787142296,0.051870621553137576,0.09436374201045904,0.1251597908192911,0.06879884164129207,0.12505805852299118,,0.1251597908192911,1.0255586044688358,1.272101472369176,35791000000.0,3181000000.0,4243000000.0,,4243000000.0,,,3.082960169691256,0.38332027,369.7,239.2,1.53932,94390.445,22.4205,3.5492,2.381
2018-12-31,45408000000.0,18189000000.0,14739000000.0,,11732000000.0,11444000000.0,973000000.0,963000000.0,-13878000000.0,-1878000000.0,-1475000000.0,-283000000.0,3.0,,-140000000.0,,12417000000.0,1.2341,13.9186,1.2864,3.0,-1878000000.0,-0.12572451414933516,-0.032483262861169836,0.10628332612768411,0.1353220925205361,-0.04135835095137421,-0.07776719532899913,,0.1353220925205361,1.0583873167405387,1.2340728679014858,36193000000.0,3345000000.0,4457000000.0,,4457000000.0,,,2.7859546780345523,0.38332027,369.7,239.2,1.53932,94390.445,22.4205,3.5492,2.381
2019-03-31,47466000000.0,18867000000.0,15382000000.0,47466000000.0,12234000000.0,11451000000.0,2097000000.0,673000000.0,9261000000.0,1014000000.0,745000000.0,170000000.0,,-795000000.0,181000000.0,-976000000.0,13548000000.0,,15.1247,1.3127,,1014000000.0,0.06089586398561386,0.01569544516074664,0.08044487636324371,0.10949141561386459,0.02136265958791556,0.0393297649522923,-0.10538818702084009,0.10949141561386459,1.1074055909759686,1.2265635157976855,37919000000.0,3291000000.0,4463000000.0,,4463000000.0,,,3.0356262603629847,0.38332027,369.7,239.2,1.53932,94390.445,22.4205,3.5492,2.381
2019-06-30,48074000000.0,19557000000.0,18014000000.0,,12877000000.0,8975000000.0,4960000000.0,702000000.0,18816000000.0,2104000000.0,1551000000.0,347000000.0,,,362000000.0,,13935000000.0,,15.9244,1.3771,,2104000000.0,0.12044730915585929,0.03226276157590381,0.08242984693877552,0.11181972789115646,0.043765860964346634,0.0784723258242578,,0.11181972789115646,1.0821619942533198,1.0856556011990675,40014000000.0,3257000000.0,4471000000.0,,4471000000.0,,,3.116752404383807,0.38332027,369.7,239.2,1.53932,94390.445,22.4205,3.5492,2.381
2019-09-29,48788000000.0,20151000000.0,18227000000.0,,13513000000.0,8989000000.0,4661000000.0,974000000.0,28577000000.0,3320000000.0,2464000000.0,524000000.0,8.0,587000000.0,606000000.0,-19000000.0,13650000000.0,,15.673,1.3571,8.0,3320000000.0,0.1823429290313032,0.05050422234975814,0.08622318647863667,0.11617734541764356,0.06804952037386243,0.1222250855943747,-0.0006648703502816951,0.11617734541764356,1.0101383852586399,1.105557689142481,42776000000.0,3285000000.0,4560000000.0,,4560000000.0,,,2.9934210526315788,0.38332027,369.7,239.2,1.53932,94390.445,22.4205,3.5492,2.381
2019-12-31,48841000000.0,19780000000.0,16801000000.0,,13577000000.0,9010000000.0,2920000000.0,902000000.0,-17304000000.0,-1790000000.0,-1276000000.0,-323000000.0,3.0,3189000000.0,-162000000.0,3027000000.0,11930000000.0,1.2075,14.6438,1.2965,3.0,-1790000000.0,-0.09398247035427561,-0.0261255912041113,0.07374017568192326,0.10344429033749422,-0.03664953625028153,-0.07017681420786451,-0.17493065187239945,0.10344429033749422,0.8786919054282979,1.1773108743527172,39350000000.0,3484000000.0,4648000000.0,,4648000000.0,,,2.566695352839931,0.38332027,369.7,239.2,1.53932,94390.445,22.4205,3.5492,2.381
2020-03-29,53710000000.0,24741000000.0,18440000000.0,,13200000000.0,12951000000.0,5047000000.0,5300000000.0,8749000000.0,941000000.0,706000000.0,142000000.0,,-666000000.0,185000000.0,-851000000.0,17998000000.0,,11.1248,0.9868,,941000000.0,0.05348484848484848,0.013144665797803016,0.08069493656417877,0.107555149159904,0.017520014894805435,0.03016218988396692,-0.09726825922962624,0.107555149159904,1.3634848484848485,1.341702819956616,38838000000.0,3445000000.0,4575000000.0,,4575000000.0,,,3.9339890710382512,0.38332027,369.7,239.2,1.53932,94390.445,22.4205,3.5492,2.381
2020-06-28,50222000000.0,21135000000.0,16606000000.0,,13890000000.0,10470000000.0,4121000000.0,2300000000.0,18013000000.0,1782000000.0,1331000000.0,244000000.0,,177000000.0,406000000.0,-229000000.0,14591000000.0,,13.1282,1.1116,,1782000000.0,0.09582433405327574,0.026502329656325912,0.07389107866540831,0.09892855160162105,0.0354824578869818,0.06256802780801236,-0.012713040581802032,0.09892855160162105,1.050467962562995,1.2727327471998073,38035000000.0,3225000000.0,4253000000.0,1928000000.0,4253000000.0,,,3.430754761344933,0.38332027,369.7,239.2,1.53932,94390.445,22.4205,3.5492,2.381
2020-09-27,50258000000.0,20865000000.0,16120000000.0,,14716000000.0,9978000000.0,3394000000.0,1500000000.0,27444000000.0,2866000000.0,2165000000.0,388000000.0,,1296000000.0,622000000.0,674000000.0,13372000000.0,,12.697,1.0582,,2866000000.0,0.14711878227779288,0.04307771897011421,0.07888791721323422,0.10443084098527912,0.05702574714473318,0.10203645684990031,0.024559102171695088,0.10443084098527912,0.9086708344658875,1.2943548387096775,36902000000.0,2926000000.0,3799000000.0,2621000000.0,3799000000.0,,,3.519873650960779,0.38332027,369.7,239.2,1.53932,94390.445,22.4205,3.5492,2.381
2020-12-31,51308000000.0,21543000000.0,15964000000.0,,15661000000.0,9995000000.0,3003000000.0,2800000000.0,-16281000000.0,-1456000000.0,-1035000000.0,-203000000.0,11.0,3051000000.0,-246000000.0,2805000000.0,12998000000.0,1.3495,13.4851,1.1261,11.0,-1456000000.0,-0.06608773386118383,-0.020172292819833165,0.06357103372028745,0.08942939622873287,-0.02837764091369767,-0.050804284866883,-0.17228671457527178,0.08942939622873287,0.8299597726837367,1.3494738160861939,37925000000.0,3167000000.0,4133000000.0,2399000000.0,4133000000.0,,,3.1449310428260344,0.38332027,369.7,239.2,1.53932,94390.445,22.4205,3.5492,2.381
2021-04-04,49963000000.0,20408000000.0,15153000000.0,49963000000.0,15340000000.0,9995000000.0,3186000000.0,1811000000.0,9389000000.0,938000000.0,708000000.0,137000000.0,,3000000.0,134000000.0,-131000000.0,13181000000.0,,16.5501,1.36,,938000000.0,0.046153846153846156,0.014170486159758222,0.07540739162850144,0.09990414314623496,0.01877389268058363,0.03288804740366747,-0.013952497603578655,0.09990414314623496,0.8592568448500651,1.346796013990629,38565000000.0,3169000000.0,4130000000.0,3119000000.0,4130000000.0,,,3.1915254237288138,0.38332027,369.7,239.2,1.53932,94390.445,22.4205,3.5492,2.381
2021-07-04,51183000000.0,21580000000.0,14981000000.0,,15321000000.0,11485000000.0,2821000000.0,3000000000.0,18609000000.0,1897000000.0,1445000000.0,281000000.0,,1118000000.0,306000000.0,812000000.0,14306000000.0,,15.9247,1.3564,,1897000000.0,0.09431499249396254,0.02823203016626614,0.07765059917244344,0.10193992154333925,0.03706308735322275,0.06402943261214433,0.04363480036541458,0.10193992154333925,0.9337510606357288,1.4404912889660235,39161000000.0,3283000000.0,4245000000.0,4160000000.0,4245000000.0,,,3.370082449941107,0.38332027,369.7,239.2,1.53932,94390.445,22.4205,3.5492,2.381
2021-10-03,51370000000.0,21686000000.0,14604000000.0,,15721000000.0,11485000000.0,2183000000.0,3100000000.0,28177000000.0,2977000000.0,2305000000.0,436000000.0,,2589000000.0,502000000.0,2087000000.0,13668000000.0,,16.6765,1.4266,,2977000000.0,0.14661917180840914,0.04487054701187464,0.08180430847854633,0.1056535472193633,0.057952112127700996,0.10129640341624417,0.07406750186322178,0.1056535472193633,0.869410342853508,1.4849356340728568,39894000000.0,3423000000.0,4356000000.0,5573000000.0,4356000000.0,,,3.1377410468319558,0.38332027,369.7,239.2,1.53932,94390.445,22.4205,3.5492,2.381
2021-12-31,50073000000.0,19987000000.0,13978000000.0,,17641000000.0,10490000000.0,1005000000.0,1600000000.0,-17706000000.0,-1649000000.0,-1201000000.0,-238000000.0,11.55,561000000.0,-55000000.0,506000000.0,11495000000.0,1.4299,17.8722,1.5132,11.55,-1649000000.0,-0.06808004081401281,-0.023984981926387473,0.06783011408562069,0.09313227154636847,-0.032931919397679386,-0.056596650192202086,-0.028577883203433865,0.09313227154636847,0.6516070517544357,1.429889826870797,38469000000.0,3257000000.0,4163000000.0,3274000000.0,4163000000.0,,,2.761229882296421,0.38332027,369.7,239.2,1.53932,94390.445,22.4205,3.5492,2.381
2022-04-03,50876000000.0,20794000000.0,14036000000.0,,18014000000.0,10491000000.0,1005000000.0,2900000000.0,9392000000.0,908000000.0,730000000.0,119000000.0,,1968000000.0,141000000.0,1827000000.0,11496000000.0,,20.2609,1.7269,,908000000.0,0.04052403686021983,0.014348612312288702,0.07772572402044294,0.09667802385008518,0.017847315040490603,0.03076923076923077,0.19452725724020442,0.09667802385008518,0.6381703119795714,1.4814762040467369,38472000000.0,3279000000.0,4133000000.0,5232000000.0,4133000000.0,,,2.7815146382772804,0.38332027,369.7,239.2,1.53932,94390.445,22.4205,3.5492,2.381
2022-07-03,50481000000.0,20579000000.0,14736000000.0,,17381000000.0,9741000000.0,1754000000.0,2200000000.0,18581000000.0,1886000000.0,1496000000.0,276000000.0,,2627000000.0,365000000.0,2262000000.0,11495000000.0,,18.793,1.6172,,1886000000.0,0.08607099706576146,0.029634912145163526,0.08051235132662397,0.10150153382487487,0.037360591113488245,0.06531375536777947,0.12173725848985523,0.10150153382487487,0.6613543524538289,1.396511943539631,38444000000.0,3330000000.0,4122000000.0,6682000000.0,4122000000.0,,,2.7886948083454635,0.38332027,369.7,239.2,1.53932,94390.445,22.4205,3.5492,2.381
2022-10-02,51116000000.0,21005000000.0,15659000000.0,,17651000000.0,9239000000.0,2252000000.0,2500000000.0,28556000000.0,2984000000.0,2398000000.0,427000000.0,,3910000000.0,620000000.0,3290000000.0,11491000000.0,,18.0735,1.5585,,2984000000.0,0.13585632542065607,0.04691290398309727,0.0839753466872111,0.10449642807115843,0.058377024806322876,0.1023951684853476,0.11521221459588178,0.10449642807115843,0.6510112741487735,1.3414011111820678,38823000000.0,3423000000.0,4129000000.0,7885000000.0,4129000000.0,,,2.7829983046742552,0.38332027,369.7,239.2,1.53932,94390.445,22.4205,3.5492,2.381
2022-12-31,51585000000.0,21063000000.0,15341000000.0,,18568000000.0,9243000000.0,1253000000.0,1200000000.0,-17122000000.0,-1567000000.0,-1234000000.0,-176000000.0,12.0,-3926000000.0,-12000000.0,-3938000000.0,10496000000.0,1.373,20.0939,1.7286,12.0,-1567000000.0,-0.06645842309349419,-0.023921682659687894,0.0720710197406845,0.09151968228010747,-0.030377047591354074,-0.05391549683457198,0.22999649573647937,0.09151968228010747,0.5652735889702715,1.3729874193338114,39407000000.0,3390000000.0,4211000000.0,3441000000.0,4211000000.0,,,2.492519591545951,0.38332027,369.7,239.2,1.53932,94390.445,22.4205,3.5492,2.381
2023-04-02,52096000000.0,21588000000.0,15484000000.0,,19087000000.0,9245000000.0,1257000000.0,2000000000.0,9881000000.0,938000000.0,730000000.0,150000000.0,,1462000000.0,161000000.0,1301000000.0,10502000000.0,,18.8037,1.5978,,938000000.0,0.03824592654686436,0.014012592137592138,0.0738791620281348,0.09492966298957595,0.01800522113022113,0.03170096995505086,0.13166683534055257,0.09492966298957595,0.5502174254728349,1.3942133815551536,39896000000.0,3390000000.0,4241000000.0,2915000000.0,4241000000.0,,,2.476302758783306,0.38332027,369.7,239.2,1.53932,94390.445,22.4205,3.5492,2.381
2023-07-02,52556000000.0,21825000000.0,15686000000.0,,19478000000.0,9247000000.0,508000000.0,1200000000.0,20033000000.0,1900000000.0,1474000000.0,292000000.0,,2193000000.0,373000000.0,1820000000.0,9755000000.0,,17.4932,1.442,,1900000000.0,0.07567512064893726,0.028046274450110358,0.07357859531772576,0.0948435082114511,0.03615191414871756,0.0649950398522218,0.09085009733939,0.0948435082114511,0.5008214395728514,1.3913680989417314,41348000000.0,3368000000.0,4255000000.0,2473000000.0,4255000000.0,,,2.2925969447708576,0.38332027,369.7,239.2,1.53932,94390.445,22.4205,3.5492,2.381
2023-10-01,53525000000.0,22779000000.0,15962000000.0,,19957000000.0,9248000000.0,7000000.0,1400000000.0,30604000000.0,2957000000.0,2310000000.0,447000000.0,,3514000000.0,600000000.0,2914000000.0,9255000000.0,,18.4243,1.4675,,2957000000.0,0.11574886004910558,0.04315740308267165,0.07548032936870998,0.0966213566854006,0.05524521251751518,0.10122552375735999,0.09521631159325579,0.0966213566854006,0.46374705617076717,1.4270768074176168,43396000000.0,3280000000.0,4228000000.0,2097000000.0,4228000000.0,,,2.1889782403027436,0.38332027,369.7,239.2,1.53932,94390.445,22.4205,3.5492,2.381
2023-12-31,54810000000.0,23615000000.0,16432000000.0,,21299000000.0,8754000000.0,507000000.0,1900000000.0,-18246000000.0,-1550000000.0,-1199000000.0,-220000000.0,12.0,-2459000000.0,-230000000.0,-2689000000.0,9261000000.0,1.4371,21.3765,1.6764,12.0,-1550000000.0,-0.05629372270998639,-0.02187557015143222,0.06571303299353283,0.08495012605502576,-0.028279511038131727,-0.05071989528795812,0.147374767072235,0.08495012605502576,0.4348091459692943,1.437134858812074,42272000000.0,3315000000.0,4245000000.0,3346000000.0,4245000000.0,,,2.181625441696113,0.38332027,369.7,239.2,1.53932,94390.445,22.4205,3.5492,2.381
2024-03-31,55246000000.0,24196000000.0,16790000000.0,,21410000000.0,8752000000.0,507000000.0,1000000000.0,10731000000.0,1036000000.0,799000000.0,169000000.0,,-278000000.0,159000000.0,-437000000.0,9259000000.0,,23.638,1.855,,1036000000.0,0.0373190098085007,0.014462585526553958,0.0744571801323269,0.09654272667971298,0.01875248886797234,0.033780038475333396,-0.04072313857049669,0.09654272667971298,0.4324614666043905,1.441095890410959,43122000000.0,3384000000.0,4343000000.0,1608000000.0,4343000000.0,,,2.1319364494588995,0.38332027,369.7,239.2,1.53932,94390.445,22.4205,3.5492,2.381
2024-06-30,55442000000.0,24312000000.0,18257000000.0,,22036000000.0,7257000000.0,2004000000.0,1400000000.0,22707000000.0,2192000000.0,1704000000.0,354000000.0,,536000000.0,360000000.0,176000000.0,9261000000.0,,22.3132,1.7599,,2192000000.0,0.07732800871301507,0.030734821976119188,0.07504293830096447,0.09653410842471484,0.039536813246275386,0.07003866185257374,0.00775091381512309,0.09653410842471484,0.4202668360864041,1.3316536123130853,45796000000.0,3614000000.0,4635000000.0,-36000000.0,4635000000.0,,,1.9980582524271844,0.38332027,369.7,239.2,1.53932,94390.445,22.4205,3.5492,2.381
2024-09-29,57312000000.0,25743000000.0,19557000000.0,,22973000000.0,7262000000.0,2005000000.0,2100000000.0,34378000000.0,3373000000.0,2634000000.0,538000000.0,,1952000000.0,561000000.0,1391000000.0,9267000000.0,,22.8347,1.8046,,3373000000.0,0.11465633569842859,0.04595896147403685,0.07661876781662691,0.09811507359357728,0.05885329424902289,0.10462158808933003,0.04046192332305544,0.09811507359357728,0.4033865842510774,1.316306181929744,49570000000.0,3938000000.0,5051000000.0,-1559000000.0,5051000000.0,,,1.8346862007523264,0.38332027,369.7,239.2,1.53932,94390.445,22.4205,3.5492,2.381
2024-12-31,55880000000.0,24386000000.0,17824000000.0,,22063000000.0,7260000000.0,1502000000.0,1700000000.0,-20100000000.0,-1805000000.0,-1355000000.0,-303000000.0,13.0,1902000000.0,-164000000.0,1738000000.0,8762000000.0,1.3682,19.1569,1.5184,13.0,-1805000000.0,-0.061415038752662826,-0.024248389405869722,0.06741293532338309,0.08980099502487562,-0.03230136005726557,-0.058556366585563666,-0.08646766169154228,0.08980099502487562,0.3971354756832706,1.3681552962298025,47716000000.0,3782000000.0,4796000000.0,2868000000.0,4796000000.0,,,1.8269391159299415,0.38332027,369.7,239.2,1.53932,94390.445,22.4205,3.5492,2.381
2025-03-30,56580000000.0,25117000000.0,18760000000.0,,22225000000.0,7260000000.0,2349000000.0,1200000000.0,12223000000.0,1268000000.0,994000000.0,206000000.0,,-148000000.0,142000000.0,-290000000.0,9609000000.0,,18.3956,1.4867,,1268000000.0,0.0447244094488189,0.017568045245669846,0.0813220976846928,0.10373885298208296,0.0224107458465889,0.039831626562794493,-0.02372576290599689,0.10373885298208296,0.4323509561304837,1.3388592750533048,49208000000.0,3977000000.0,5028000000.0,3015000000.0,5028000000.0,,,1.9110978520286397,0.38332027,369.7,239.2,1.53932,94390.445,22.4205,3.5492,2.381
2025-06-29,56888000000.0,25066000000.0,18379000000.0,,23580000000.0,7508000000.0,1204000000.0,1500000000.0,25264000000.0,2573000000.0,2008000000.0,424000000.0,,1450000000.0,340000000.0,1110000000.0,8712000000.0,,19.2008,1.5606,,2573000000.0,0.08515691263782867,0.03529742652228941,0.07948068397720076,0.10184452184927169,0.04522922233159893,0.07967917750526446,0.04393603546548448,0.10184452184927169,0.36946564885496186,1.3638391642635617,51765000000.0,4281000000.0,5409000000.0,3949000000.0,5409000000.0,,,1.6106489184692179,0.38332027,369.7,239.2,1.53932,94390.445,22.4205,3.5492,2.381
2025-09-28,57599000000.0,25852000000.0,18464000000.0,,24434000000.0,7008000000.0,1006000000.0,2500000000.0,38171000000.0,3904000000.0,3067000000.0,637000000.0,,3559000000.0,552000000.0,3007000000.0,8014000000.0,,21.2873,,,3904000000.0,0.12552181386592454,0.05324745221271203,0.0803489560137277,0.10227659741688716,0.06777895449573777,0.1203155818540434,0.07877708207801734,0.10227659741688716,0.3279855938446427,1.4001299826689775,55558000000.0,4714000000.0,5940000000.0,5565000000.0,5940000000.0,,,1.3491582491582492,0.38332027,369.7,239.2,1.53932,94390.445,22.4205,3.5492,2.381
2025-12-31,57249000000.0,24248000000.0,16796000000.0,,25622000000.0,7007000000.0,1006000000.0,2300000000.0,-23108000000.0,-2389000000.0,-1859000000.0,-374000000.0,15.0,259000000.0,127000000.0,132000000.0,8013000000.0,1.4437,21.6007,2.2939,15.0,-2389000000.0,-0.07255483568808055,-0.03247218292022568,0.08044832958282845,0.10338410939934221,-0.0417299865499834,-0.07102720380555969,-0.005712307425999654,0.10338410939934221,0.3127390523768636,1.4436770659680875,52550000000.0,4210000000.0,5356000000.0,3959000000.0,5356000000.0,,,1.4960791635548918,0.38332027,369.7,239.2,1.53932,94390.445,22.4205,3.5492,2.381
