report_date,total_assets,current_assets,current_liabilities,total_liabilities,total_equity,long_term_debt,short_term_debt,cash,revenue,gross_profit,operating_income,net_income,income_tax,eps_diluted,shares_diluted,operating_cash_flow,capex,depreciation,fcf,total_debt,bf_current_ratio,bf_pe,bf_ps,eps,ebitda,roe,roa,net_margin,gross_margin,operating_margin,roi,roic,fcf_margin,ebitda_margin,debt_equity,current_ratio,revenue_ttm,net_income_ttm,operating_income_ttm,gross_profit_ttm,fcf_ttm,ebitda_ttm,eps_diluted_ttm,eps_ttm,debt_to_ebitda,bf_beta,bf_52w_high,bf_52w_low,bf_10d_avg_vol,bf_market_cap,bf_pe_ttm,bf_pb_annual,bf_ps_ttm
2010-04-04,3698687000.0,1413032000.0,902295000.0,2909622000.0,752217000.0,,42162000.0,303786000.0,1407843000.0,,,147394000.0,82191000.0,0.64,229551.0,181186000.0,30603000.0,47330000.0,150583000.0,42162000.0,,18.5854,1.7242,0.64,,0.1959461166126264,0.03985035770801909,0.1046949127139887,,,,,0.10696008006574596,,0.05605031526806759,1.5660421480779567,,,,,,,,,,0.14924136,239.48,150.04,1.50232,43150.934,48.8542,7.9588,3.6905
2010-07-04,3619987000.0,1414988000.0,876009000.0,2887485000.0,697368000.0,1501335000.0,28968000.0,249070000.0,2641085000.0,,,194117000.0,137112000.0,,229946000.0,264848000.0,65003000.0,93298000.0,199845000.0,1530303000.0,,21.686,1.8929,,,0.27835662089456353,0.05362367323418565,0.07349895970784734,,,,,0.07566776533129377,,2.1943980796365765,1.6152665098189631,,,,,,,,,,0.14924136,239.48,150.04,1.50232,43150.934,48.8542,7.9588,3.6905
2010-10-03,3886943000.0,1664812000.0,1270090000.0,3024006000.0,826749000.0,1250546000.0,14992000.0,244947000.0,4188200000.0,,,374286000.0,234332000.0,,230138000.0,388199000.0,108569000.0,145736000.0,279630000.0,1265538000.0,,20.3016,1.8179,,,0.45272023310581566,0.09629315377148571,0.08936679241679003,,,,,0.06676615252375723,,1.5307402851409557,1.3107827004385515,,,,,,,,,,0.14924136,239.48,150.04,1.50232,43150.934,48.8542,7.9588,3.6905
2010-12-31,4272732000.0,2005217000.0,1298845000.0,3335131000.0,902316000.0,1541825000.0,24088000.0,884642000.0,-2566119000.0,,,-205998000.0,-154570000.0,,,67190000.0,-24637000.0,-89248000.0,42553000.0,1565913000.0,1.5438,20.1864,1.8147,,,-0.22829917678507308,-0.04821224453113371,0.08027609008000018,,,,,-0.016582629254527945,,1.735437474232974,1.5438462634109535,5671009000.0,509799000.0,,,672611000.0,,,,,0.14924136,239.48,150.04,1.50232,43150.934,48.8542,7.9588,3.6905
2011-04-03,4235155000.0,1954521000.0,1290932000.0,3326171000.0,875417000.0,1540924000.0,24474000.0,752266000.0,1564223000.0,,,160115000.0,91957000.0,,230194.0,159378000.0,77486000.0,51054000.0,81892000.0,1565398000.0,,22.0788,1.9797,,,0.18290140584430048,0.0378061723833012,0.10236072478156887,,,,,0.05235314913538543,,1.788174093032235,1.514038694524576,5827389000.0,522520000.0,,,603920000.0,,,,,0.14924136,239.48,150.04,1.50232,43150.934,48.8542,7.9588,3.6905
2011-07-03,4312753000.0,1992076000.0,1221813000.0,3267059000.0,1012260000.0,1541388000.0,34485000.0,790297000.0,2889394000.0,,,290134000.0,166941000.0,,230243.0,286692000.0,171046000.0,102792000.0,115646000.0,1575873000.0,,20.1305,2.0603,,,0.2866200383300733,0.06727350256321195,0.10041344309568027,,,,,0.040024309595714534,,1.5567867939067037,1.630426259992323,6075698000.0,618537000.0,,,519721000.0,,,,,0.14924136,239.48,150.04,1.50232,43150.934,48.8542,7.9588,3.6905
2011-10-02,4130506000.0,1814015000.0,1181427000.0,3175829000.0,927672000.0,1498862000.0,39861000.0,292339000.0,4513643000.0,,,,268321000.0,,230114.0,257229000.0,251206000.0,157561000.0,6023000.0,1538723000.0,,20.3216,2.1091,,,,,,,,,,0.0013343988436834726,,1.6586929431954398,1.5354440011951649,6401141000.0,,,,246114000.0,,,,,0.14924136,239.48,150.04,1.50232,43150.934,48.8542,7.9588,3.6905
2011-12-31,4412199000.0,2046558000.0,1173775000.0,3539551000.0,849022000.0,1748500000.0,42080000.0,693686000.0,-2886472000.0,,,,,,,-122432000.0,-175777000.0,-95644000.0,-298209000.0,1790580000.0,1.7436,20.7179,2.1429,,,,,,,,,,0.10331262523939258,,2.108991286444874,1.7435692530510531,6080788000.0,,,,-94648000.0,,,,,0.14924136,239.48,150.04,1.50232,43150.934,48.8542,7.9588,3.6905
2012-04-01,4599457000.0,2012445000.0,1323809000.0,3713864000.0,860330000.0,1748630000.0,146677000.0,567339000.0,1732064000.0,,,,111855000.0,,228655000.0,275802000.0,88487000.0,54868000.0,187315000.0,1895307000.0,,19.8011,2.1152,,,,,,,,,,0.10814554196611673,,2.203000011623447,1.5201928677022138,6248629000.0,,,,10775000.0,,,,,0.14924136,239.48,150.04,1.50232,43150.934,48.8542,7.9588,3.6905
2012-07-01,4667972000.0,2093573000.0,1446972000.0,3582001000.0,1064327000.0,1498669000.0,139356000.0,589782000.0,3146508000.0,,,,174097000.0,,228752000.0,314158000.0,139488000.0,109635000.0,174670000.0,1638025000.0,,21.9618,2.3326,,,,,,,,,,0.055512333037131954,,1.5390241908736695,1.446864901324974,6505743000.0,,,,69799000.0,,,,,0.14924136,239.48,150.04,1.50232,43150.934,48.8542,7.9588,3.6905
2012-09-30,4737782000.0,2135955000.0,1552954000.0,3740820000.0,981262000.0,1515757000.0,208352000.0,466235000.0,4893217000.0,,,,274576000.0,,228701000.0,605907000.0,200988000.0,162848000.0,404919000.0,1724109000.0,,22.7501,2.3002,,,,,,,,,,0.08275108175255665,,1.7570322706881547,1.3754142105947762,6885317000.0,,,,468695000.0,,,,,0.14924136,239.48,150.04,1.50232,43150.934,48.8542,7.9588,3.6905
2012-12-31,4754839000.0,2113485000.0,1471110000.0,3706466000.0,1036749000.0,1530967000.0,118164000.0,728272000.0,-3127537000.0,,,,-205880000.0,,-457771000.0,-101040000.0,-170236000.0,-117314000.0,-271276000.0,1649131000.0,1.4367,24.0022,2.3876,,,,,,,,,,0.08673790270107117,,1.5906752743431631,1.4366600730060974,6644252000.0,,,,495628000.0,,,,,0.14924136,239.48,150.04,1.50232,43150.934,48.8542,7.9588,3.6905
2013-03-31,4845630000.0,2180021000.0,1492067000.0,3733066000.0,1100434000.0,1539800000.0,100552000.0,730096000.0,1827426000.0,,,,126278000.0,,227706000.0,293180000.0,90592000.0,48748000.0,202588000.0,1640352000.0,,26.6861,2.7883,,,,,,,,,,0.11085975574387144,,1.4906409652918757,1.461074469175982,6739614000.0,,,,510901000.0,,,,,0.14924136,239.48,150.04,1.50232,43150.934,48.8542,7.9588,3.6905
2013-06-30,4696868000.0,1998887000.0,1084206000.0,3575141000.0,1111822000.0,,99081000.0,568360000.0,3335940000.0,,,,214597000.0,2.77,227274000.0,349446000.0,151735000.0,98875000.0,197711000.0,99081000.0,,26.4945,2.8225,2.77,,,,,,,,,0.05926695324256431,,0.08911588365763584,1.8436413375317975,6929046000.0,,,,533942000.0,,,,,0.14924136,239.48,150.04,1.50232,43150.934,48.8542,7.9588,3.6905
2013-09-29,5077919000.0,2375694000.0,1260768000.0,3727344000.0,1338959000.0,,107064000.0,701328000.0,5189826000.0,,,,330489000.0,4.609999999999999,227149000.0,623714000.0,215257000.0,150557000.0,408457000.0,107064000.0,,25.05,2.8305,4.609999999999999,,,,,,,,,0.07870340932432031,,0.07996062612820856,1.88432288890581,7225655000.0,,,,537480000.0,,,,,0.14924136,239.48,150.04,1.50232,43150.934,48.8542,7.9588,3.6905
2013-12-31,5357488000.0,2487334000.0,1408022000.0,3741436000.0,1604834000.0,1795142000.0,165961000.0,1118508000.0,-3207113000.0,,,820470000.0,-240515000.0,,-454926000.0,-77935000.0,-134033000.0,-97147000.0,-211968000.0,1961103000.0,1.7665,26.2586,3.0149,,,0.5112491385401855,0.15314453340819428,-0.25582821684175144,,,,,0.06609308745903247,,1.2219974153089976,1.7665448409186788,7146079000.0,,,,596788000.0,,,,,0.14924136,239.48,150.04,1.50232,43150.934,48.8542,7.9588,3.6905
2014-03-30,5428846000.0,2544974000.0,1444445000.0,3759783000.0,1605469000.0,,182007000.0,1006096000.0,1871813000.0,,,252495000.0,129826000.0,2.0300000000000002,227046000.0,203757000.0,73521000.0,49303000.0,130236000.0,182007000.0,,27.4713,3.1751,2.0300000000000002,,0.15727180032750554,0.04650988442110902,0.13489328260889308,,,,,0.0695774631333365,,0.11336687285771323,1.7619043992675387,7190466000.0,,,,524436000.0,,,,,0.14924136,239.48,150.04,1.50232,43150.934,48.8542,7.9588,3.6905
2014-06-29,5184969000.0,2261809000.0,1261565000.0,3576409000.0,1545267000.0,,197031000.0,562601000.0,3450163000.0,,,420663000.0,218388000.0,2.73,,171932000.0,136509000.0,100133000.0,35423000.0,197031000.0,,25.7444,2.9776,2.73,,0.2722267413980885,0.08113124687920024,0.1219255438076404,,,,,0.010267051150916638,,0.12750612030154013,1.7928596624034434,7304689000.0,,,,362148000.0,,,,,0.14924136,239.48,150.04,1.50232,43150.934,48.8542,7.9588,3.6905
2014-09-28,5916553000.0,2532572000.0,2192219000.0,4308693000.0,1543954000.0,,649195000.0,477088000.0,5411741000.0,,,644404000.0,340070000.0,4.859999999999999,,387433000.0,214259000.0,153006000.0,173174000.0,649195000.0,,25.3717,2.8598,4.859999999999999,,0.41737253830101156,0.10891544451642705,0.11907517377494599,,,,,0.03199968365078817,,0.420475610024651,1.155255017860898,7526604000.0,2138032000.0,,,126865000.0,,,,,0.14924136,239.48,150.04,1.50232,43150.934,48.8542,7.9588,3.6905
2014-12-31,5629516000.0,2247047000.0,1935647000.0,4109986000.0,1455062000.0,,384696000.0,374854000.0,-3311949000.0,,,-470650000.0,-229153000.0,-2.8499999999999996,,75099000.0,-78342000.0,-90910000.0,-3243000.0,384696000.0,1.1609,33.9957,3.8793,-2.8499999999999996,,-0.32345700733027183,-0.08360399011211621,0.1421066568355974,,,,,0.0009791817446464302,,0.2643846104152263,1.160876440797315,7421768000.0,846912000.0,,,335590000.0,,6.77,6.77,,0.14924136,239.48,150.04,1.50232,43150.934,48.8542,7.9588,3.6905
2015-04-05,5757462000.0,2108099000.0,2175130000.0,4412946000.0,1266065000.0,,649103000.0,305690000.0,1937800000.0,,,244737000.0,130067000.0,2.1,,256402000.0,57781000.0,58338000.0,198621000.0,649103000.0,,33.4844,3.7526,2.1,,0.1933052410421266,0.04250779249606858,0.12629631540922695,,,,,0.10249819382805243,,0.5126932661435234,0.9691829913614358,7487755000.0,839154000.0,,,403975000.0,,6.84,6.84,,0.14924136,239.48,150.04,1.50232,43150.934,48.8542,7.9588,3.6905
2015-07-05,5449330000.0,2007447000.0,2018272000.0,4211062000.0,1150259000.0,,615702000.0,302659000.0,3516625000.0,,391666000.0,144796000.0,213872000.0,0.65,,480948000.0,141450000.0,118801000.0,339498000.0,615702000.0,,34.1085,2.6011,0.65,510467000.0,0.1258812145786297,0.02657133996289452,0.04117470586144385,,0.11137553762485337,0.07187415700645768,0.2217863248395633,0.0965408594888565,0.14515821277503288,0.535272490804245,0.9946365009275261,7554217000.0,563287000.0,,,708050000.0,,4.759999999999999,4.759999999999999,,0.14924136,239.48,150.04,1.50232,43150.934,48.8542,7.9588,3.6905
2015-10-04,5630620000.0,2209330000.0,2235241000.0,4693494000.0,888613000.0,,687981000.0,343913000.0,5477404000.0,,694680000.0,299567000.0,305739000.0,2.35,,587864000.0,220782000.0,182855000.0,367082000.0,687981000.0,,41.6006,2.7896,2.35,877535000.0,0.33711750784649785,0.053203199647640934,0.05469141951187095,,0.12682650394237854,0.12337540093275697,0.44062073051146966,0.06701751413625871,0.16021001919887595,0.7742189231982877,0.9884079613786612,7619880000.0,218450000.0,,,901958000.0,,2.2499999999999996,2.2499999999999996,,0.14924136,239.48,150.04,1.50232,43150.934,48.8542,7.9588,3.6905
2015-12-31,5344371000.0,1848598000.0,2217912000.0,4296909000.0,997997000.0,,363513000.0,346529000.0,-3545203000.0,,-48587000.0,-176149000.0,-260782000.0,-0.9100000000000001,,-110758000.0,-90306000.0,-115066000.0,-201064000.0,363513000.0,0.8335,37.7289,2.62,-0.9100000000000001,-163653000.0,-0.17650253457675724,-0.032959725288532554,0.049686576480951865,,0.013704997993062738,-0.009091247594899382,-0.035686113212536084,0.05671438278710697,0.04616181358303036,0.3642425778835007,0.8334857289198129,7386626000.0,512951000.0,,,704137000.0,,4.1899999999999995,4.1899999999999995,,0.14924136,239.48,150.04,1.50232,43150.934,48.8542,7.9588,3.6905
2016-04-03,5305840000.0,1772918000.0,2336972000.0,4426487000.0,831439000.0,,520564000.0,285958000.0,1828812000.0,,339509000.0,229832000.0,109897000.0,1.99,,257115000.0,33607000.0,59913000.0,223508000.0,520564000.0,,39.9252,2.7323,1.99,399422000.0,0.2764267733411591,0.04331679809417548,0.125672841166834,,0.18564456051250758,0.06398779458106539,0.25111556705125654,0.12221485860766443,0.21840517231951673,0.6261000506351038,0.758638956735468,7277638000.0,498046000.0,1377268000.0,,729024000.0,1623771000.0,4.079999999999999,4.079999999999999,0.32058954125920464,0.14924136,239.48,150.04,1.50232,43150.934,48.8542,7.9588,3.6905
2016-07-03,5567384000.0,1807599000.0,2671446000.0,4792723000.0,727950000.0,,997120000.0,250185000.0,3466483000.0,,602271000.0,375788000.0,197237000.0,2.63,,347098000.0,104109000.0,156779000.0,242989000.0,997120000.0,,31.7073,3.2152,2.63,759050000.0,0.5162277628958033,0.06749812838489315,0.10840612805543832,,0.1737412241744731,0.10817845508770367,0.34912844116470637,0.07009669454602835,0.21896833187989095,1.369764406896078,0.676636922475693,7227496000.0,729038000.0,1587873000.0,,632515000.0,1872354000.0,6.059999999999999,6.059999999999999,0.5325488662934467,0.14924136,239.48,150.04,1.50232,43150.934,48.8542,7.9588,3.6905
2016-10-02,5845413000.0,2130517000.0,2017035000.0,4903341000.0,895445000.0,,612383000.0,333333000.0,5469937000.0,,976295000.0,603191000.0,297671000.0,4.62,,422539000.0,168225000.0,241901000.0,254314000.0,612383000.0,,24.9094,2.7565,4.62,1218196000.0,0.6736214954575658,0.10319048457311741,0.11027384776095227,,0.17848377412756308,0.1670189942096478,0.6474843284512557,0.04649304004781042,0.2227075010187503,0.6838867825494587,1.0562617902019549,7220029000.0,1032662000.0,1869488000.0,,519747000.0,2213015000.0,8.33,8.33,0.2767188654392311,0.14924136,239.48,150.04,1.50232,43150.934,48.8542,7.9588,3.6905
2016-12-31,5524333000.0,1816778000.0,1909443000.0,4696646000.0,785856000.0,,632471000.0,296967000.0,-3325051000.0,3157891000.0,-712292000.0,-488767000.0,-225368000.0,-3.0999999999999996,,-43277000.0,-36465000.0,-156756000.0,-79742000.0,632471000.0,0.9515,30.6299,2.9643,-3.0999999999999996,-869048000.0,-0.6219549128593533,-0.08847529647470563,0.14699533931960743,-0.9497270868928025,0.21421987211624724,-0.12893719477084384,-0.5022057677813367,0.023982188543874967,0.26136381066034775,0.8048179310204414,0.9514701407688001,7440181000.0,720044000.0,1205783000.0,,641069000.0,1507620000.0,6.140000000000001,6.140000000000001,0.41951619108263355,0.14924136,239.48,150.04,1.50232,43150.934,48.8542,7.9588,3.6905
2017-04-02,5342385000.0,1873861000.0,1710917000.0,4496932000.0,830078000.0,,487487000.0,235031000.0,1879678000.0,906560000.0,191931000.0,125044000.0,70113000.0,0.55,,234462000.0,33297000.0,64952000.0,201165000.0,487487000.0,,37.6528,3.0925,0.55,256883000.0,0.15064126503774344,0.023406025585950844,0.06652415998910452,0.4822953718668836,0.10210844623387623,0.035926089190502,0.14567099156398355,0.1070209897652683,0.13666330084195272,0.5872785449078279,1.0952378169133863,7491047000.0,615256000.0,1058205000.0,,618726000.0,1365081000.0,4.7,4.7,0.3571121420633647,0.14924136,239.48,150.04,1.50232,43150.934,48.8542,7.9588,3.6905
2017-07-02,5380228000.0,1911529000.0,1742205000.0,4510246000.0,855305000.0,,621965000.0,214062000.0,3542669000.0,1669770000.0,507272000.0,328545000.0,148503000.0,2.44,,335734000.0,84687000.0,132079000.0,251047000.0,621965000.0,,33.7271,3.019,2.44,639351000.0,0.3841261304446952,0.061065255970564815,0.09273940071736875,0.4713310783479913,0.14318921694349657,0.09428448013727299,0.34338475701801296,0.07086380353343764,0.1804715597195222,0.7271850392550026,1.097189481146019,7567233000.0,568013000.0,963206000.0,,626784000.0,1245382000.0,4.510000000000001,4.510000000000001,0.49941704633598366,0.14924136,239.48,150.04,1.50232,43150.934,48.8542,7.9588,3.6905
2017-10-01,5655477000.0,2214454000.0,2337670000.0,4816501000.0,823270000.0,,815588000.0,275056000.0,5575790000.0,2609992000.0,946292000.0,601848000.0,275291000.0,4.640000000000001,,625899000.0,148923000.0,194313000.0,476976000.0,815588000.0,,32.1729,3.0642,4.640000000000001,1140605000.0,0.7310457079694389,0.10641860978304747,0.10793950274310905,0.4680936692379017,0.16971442611719595,0.1673231099693271,0.5774093911736099,0.08554411123804878,0.20456383759072705,0.9906689178519805,0.9472911061013745,7673086000.0,566670000.0,933203000.0,8344213000.0,849446000.0,1167791000.0,4.530000000000001,4.530000000000001,0.6984023682319868,0.14924136,239.48,150.04,1.50232,43150.934,48.8542,7.9588,3.6905
2017-12-31,5553726000.0,2001910000.0,2076543000.0,4622161000.0,915338000.0,,559359000.0,380179000.0,-3482711000.0,-1741803000.0,-370854000.0,-272456000.0,-139776000.0,-1.1900000000000013,,53420000.0,-9232000.0,-129491000.0,44188000.0,559359000.0,0.9641,30.1682,3.143,-1.1900000000000013,-500345000.0,-0.2976561663560346,-0.04905823585823283,0.07823101026757603,0.5001284918559133,0.10648428767129975,-0.06677571057700722,-0.2514781002470338,-0.01268781704827073,0.14366538021673345,0.6110955734384457,0.9640590153924095,7515426000.0,782981000.0,1274641000.0,3444519000.0,973376000.0,1536494000.0,6.4399999999999995,6.4399999999999995,0.3640489321793642,0.14924136,239.48,150.04,1.50232,43150.934,48.8542,7.9588,3.6905
2018-04-01,7332798000.0,2270496000.0,3705507000.0,6343143000.0,972128000.0,,2246485000.0,476434000.0,1971959000.0,974060000.0,480512000.0,350203000.0,98512000.0,2.55,,352057000.0,60133000.0,74416000.0,291924000.0,2246485000.0,,20.2062,2.6776,2.55,554928000.0,0.36024371276210543,0.047758440911641095,0.17759142051127838,0.4939555031316574,0.24367240901053216,0.06552914726411392,0.14929163586923933,0.14803756061865384,0.2814095019216931,2.310894244379341,0.6127355851709361,7607707000.0,1008140000.0,1563222000.0,3512019000.0,1064135000.0,1834539000.0,8.44,8.44,1.2245501458404537,0.14924136,239.48,150.04,1.50232,43150.934,48.8542,7.9588,3.6905
2018-07-01,7405653000.0,2365105000.0,2514257000.0,6341836000.0,1049944000.0,,1046927000.0,467352000.0,3723574000.0,1767480000.0,796236000.0,577058000.0,135199000.0,4.5600000000000005,,602882000.0,135919000.0,150996000.0,466963000.0,1046927000.0,,18.7114,2.5078,4.5600000000000005,947232000.0,0.5496083600649178,0.07792128526680901,0.15497422637498273,0.47467298890796855,0.21383649149983322,0.10751732494082561,0.3797257914292296,0.12540720286477455,0.2543878542497074,0.9971265134140488,0.9406775043283164,7788612000.0,1256653000.0,1852186000.0,3609729000.0,1280051000.0,2142420000.0,10.559999999999999,10.559999999999999,0.4886656211200418,0.14924136,239.48,150.04,1.50232,43150.934,48.8542,7.9588,3.6905
2018-09-30,7836189000.0,2794046000.0,2758826000.0,6586917000.0,1234902000.0,,1449226000.0,823787000.0,5803167000.0,2630973000.0,1202499000.0,840771000.0,226640000.0,6.73,,892861000.0,241214000.0,225803000.0,651647000.0,1449226000.0,,20.8185,2.7476,6.73,1428302000.0,0.6808402610085659,0.10729335395049813,0.14488140699724822,0.4533684796594687,0.2072142676576428,0.15345456828568071,0.4480035974439371,0.1122916159400548,0.24612457301332186,1.1735554724180541,1.0127662998681324,8015989000.0,1495576000.0,2108393000.0,3630710000.0,1454722000.0,2430117000.0,12.649999999999999,12.649999999999999,0.5963605867536419,0.14924136,239.48,150.04,1.50232,43150.934,48.8542,7.9588,3.6905
2018-12-31,7703020000.0,2239181000.0,2418566000.0,6295754000.0,1398721000.0,,1197929000.0,587998000.0,-3707631000.0,-1797188000.0,-855583000.0,-590470000.0,-221341000.0,-3.039999999999999,,-247807000.0,-108665000.0,-156071000.0,-356472000.0,1197929000.0,0.9258,19.0964,2.8863,-3.039999999999999,-1011654000.0,-0.42214994984703885,-0.07665435115058769,0.15925802756531057,0.4847267702746039,0.230762716138688,-0.11107111236891505,-0.3294949261548534,0.09614549020654968,0.27285725035743846,0.8564459960206503,0.9258300166296888,7791069000.0,1177562000.0,1623664000.0,3575325000.0,1054062000.0,1918808000.0,10.8,10.8,0.6243089459706235,0.14924136,239.48,150.04,1.50232,43150.934,48.8542,7.9588,3.6905
2019-03-31,7857376000.0,2216929000.0,2398185000.0,6434016000.0,1414737000.0,3236317000.0,1168780000.0,465965000.0,2016488000.0,892504000.0,438869000.0,304358000.0,92053000.0,,,329960000.0,92814000.0,72329000.0,237146000.0,4405097000.0,,20.9758,3.0296,,511198000.0,0.21513397896570174,0.038735323344587305,0.1509346943795351,0.44260317938911614,0.2176402735845688,0.05585439719315965,0.07540919552000967,0.11760347693613847,0.253509071216888,3.11372149028406,0.9244195089202877,7835598000.0,1131717000.0,1582021000.0,3493769000.0,999284000.0,1875078000.0,,,2.349287336313476,0.14924136,239.48,150.04,1.50232,43150.934,48.8542,7.9588,3.6905
2019-06-30,7793560000.0,2093558000.0,2387427000.0,6109479000.0,1675120000.0,,886779000.0,365963000.0,3783705000.0,1767248000.0,848939000.0,617198000.0,141951000.0,5.67,,679328000.0,176270000.0,144346000.0,503058000.0,886779000.0,,23.0198,3.5703,5.67,993285000.0,0.36845002149099765,0.07919333398344273,0.16312001067736517,0.4670681250256032,0.22436712164399708,0.10892826898105615,0.3313709869124427,0.13295381114542493,0.2625165016828743,0.5293823726061416,0.8769097442560547,7895729000.0,1171857000.0,1634724000.0,3493537000.0,1035379000.0,1921131000.0,,,0.4615921558706824,0.14924136,239.48,150.04,1.50232,43150.934,48.8542,7.9588,3.6905
2019-09-29,8464260000.0,2375055000.0,2982374000.0,6702669000.0,1753162000.0,,1275430000.0,,5918127000.0,2710566000.0,1309754000.0,942505000.0,224129000.0,8.649999999999999,,993387000.0,236599000.0,218841000.0,756788000.0,1275430000.0,,25.391,4.1086,8.649999999999999,1528595000.0,0.5376029140490154,0.11135113996970793,0.15925731232195592,0.4580107861828582,0.22131224963573778,0.15473933929250755,0.432463005911658,0.12787626896144674,0.2582903340871191,0.7275026494984491,0.7963639033870333,8010689000.0,1273591000.0,1741979000.0,3573130000.0,1140520000.0,2021424000.0,,,0.6309561972154283,0.14924136,239.48,150.04,1.50232,43150.934,48.8542,7.9588,3.6905
2019-12-31,8140395000.0,2117102000.0,2008793000.0,6395401000.0,1739222000.0,,32282000.0,,-3732068000.0,-1747840000.0,-1001610000.0,-714369000.0,-224101000.0,-3.76,,-238802000.0,-187491000.0,-143972000.0,-426293000.0,32282000.0,1.0539,26.7092,3.845,-3.76,-1145582000.0,-0.4107405495100683,-0.087756060977385,0.19141371486264452,0.46833015904319,0.26837935428829274,-0.12304194083948015,-0.5654009248638445,0.11422433889200304,0.3069563577083804,0.01856117275425449,1.0539174519226222,7986252000.0,1149692000.0,1595952000.0,3622478000.0,1070699000.0,1887496000.0,,,0.017103082602559157,0.14924136,239.48,150.04,1.50232,43150.934,48.8542,7.9588,3.6905
2020-03-29,8855443000.0,2854753000.0,2892799000.0,7180902000.0,1671231000.0,,837621000.0,,2037317000.0,866622000.0,382800000.0,271137000.0,66229000.0,2.5,,246093000.0,99217000.0,70624000.0,146876000.0,837621000.0,,25.7069,3.5845,2.5,453424000.0,0.1622378952999316,0.030618118144964627,0.13308532741836446,0.4253741563045908,0.18789417650763235,0.04322765106161262,0.15257974563664975,0.07209285545646554,0.22255937588504882,0.5012000136426382,0.9868480319579757,8007081000.0,1116471000.0,1539883000.0,3596596000.0,980429000.0,1829722000.0,13.059999999999999,13.059999999999999,0.4577859368800288,0.14924136,239.48,150.04,1.50232,43150.934,48.8542,7.9588,3.6905
2020-06-28,8911071000.0,2902944000.0,2214818000.0,7154982000.0,1753605000.0,,198299000.0,,3744646000.0,1659174000.0,766173000.0,540038000.0,132264000.0,4.99,,614047000.0,185784000.0,142524000.0,428263000.0,198299000.0,,24.749,3.3401,4.99,908697000.0,0.3079587478365995,0.0606030408690493,0.1442160353742383,0.4430789986556807,0.20460492126625587,0.08597990073247087,0.3925259643916914,0.11436675189056589,0.24266566185428476,0.1130807679038324,1.3106918943226937,7968022000.0,1039311000.0,1457117000.0,3488522000.0,905634000.0,1745134000.0,12.379999999999999,12.379999999999999,0.11362966969871655,0.14924136,239.48,150.04,1.50232,43150.934,48.8542,7.9588,3.6905
2020-09-27,9255034000.0,3207096000.0,2228193000.0,7186221000.0,2065854000.0,,45680000.0,,5964475000.0,2739198000.0,1377583000.0,987321000.0,247514000.0,9.11,,1095266000.0,292051000.0,217689000.0,803215000.0,45680000.0,,24.4522,3.6362,9.11,1595272000.0,0.4779238997528383,0.10667934877386728,0.16553359683794466,0.459252155470515,0.23096466998352747,0.14884688700225196,0.6524086280400884,0.1346665045959619,0.26746226616760066,0.022111920784334226,1.4393259470790905,8014370000.0,1084127000.0,1524946000.0,3517154000.0,952061000.0,1811811000.0,12.84,12.84,0.025212342788513812,0.14924136,239.48,150.04,1.50232,43150.934,48.8542,7.9588,3.6905
2020-12-31,9131845000.0,2977905000.0,1891745000.0,6893962000.0,2234352000.0,,74041000.0,,-3596719000.0,-1563725000.0,-743858000.0,-519788000.0,-226423000.0,,,-255749000.0,-135426000.0,-135930000.0,-391175000.0,74041000.0,1.5742,24.7957,3.8905,,-879788000.0,-0.2326347862825553,-0.056920370418026146,0.14451726698694004,0.43476429490321594,0.20681571176397157,-0.08145758058749354,-0.3222406236719657,0.10875884382405186,0.24460848901457133,0.03313757187766297,1.5741577221031375,8149719000.0,1278708000.0,1782698000.0,3701269000.0,987179000.0,2077605000.0,,,0.03563766933560518,0.14924136,239.48,150.04,1.50232,43150.934,48.8542,7.9588,3.6905
2021-04-04,9038128000.0,2860024000.0,1774632000.0,6773282000.0,2255994000.0,4094158000.0,64458000.0,,2295948000.0,1048951000.0,553044000.0,395799000.0,117323000.0,,,609640000.0,114471000.0,77897000.0,495169000.0,4158616000.0,,23.4949,3.9214,,630941000.0,0.17544328575341955,0.04379214368285114,0.17239022835011944,0.4568705388798004,0.24087827773102874,0.061190104853571445,0.08621630933135452,0.21567082529743706,0.2748063109443245,1.8433630585896947,1.6116152531905206,8408350000.0,1403370000.0,1952942000.0,3883598000.0,1335472000.0,2255122000.0,,,1.8440758415730945,0.14924136,239.48,150.04,1.50232,43150.934,48.8542,7.9588,3.6905
2021-07-04,8883863000.0,2219181000.0,1587002000.0,6609970000.0,2265049000.0,,207564000.0,,4285370000.0,1974396000.0,1009719000.0,697029000.0,234509000.0,6.48,,1017652000.0,227607000.0,153929000.0,790045000.0,207564000.0,,25.2456,4.1707,6.48,1163648000.0,0.307732415501828,0.07846012483533346,0.16265316647103983,0.460729411929425,0.23562002814226077,0.11365765095657149,0.4083611143353206,0.1843586434776927,0.2715396803543218,0.09163775264905968,1.3983479541928743,8949074000.0,1560361000.0,2196488000.0,4198820000.0,1697254000.0,2510073000.0,,,0.08269241571858667,0.14924136,239.48,150.04,1.50232,43150.934,48.8542,7.9588,3.6905
2021-10-03,9439183000.0,2741944000.0,1906495000.0,6902050000.0,2528294000.0,,410374000.0,,6645209000.0,3035731000.0,1584550000.0,1141956000.0,311255000.0,10.629999999999999,,1403717000.0,347450000.0,231953000.0,1056267000.0,410374000.0,,24.6613,4.003,10.629999999999999,1816503000.0,0.45167057312163855,0.12098038569651631,0.17184651378158308,0.45683002596306604,0.23844998705082113,0.16786940140899906,0.5392068787627592,0.1589516597596855,0.2733552849880267,0.16231261079605458,1.438212006850267,9629808000.0,1714996000.0,2403455000.0,4495353000.0,1950306000.0,2731304000.0,,,0.15024837952860612,0.14924136,239.48,150.04,1.50232,43150.934,48.8542,7.9588,3.6905
2021-12-31,10412231000.0,2246206000.0,2493313000.0,7655002000.0,2757229000.0,,939423000.0,,-4255190000.0,-2010480000.0,-1103591000.0,-757272000.0,-348682000.0,-3.34,,-948125000.0,-193651000.0,-148777000.0,-1141776000.0,939423000.0,0.9009,25.7308,4.3627,-3.34,-1252368000.0,-0.2746496573189967,-0.07272908178852351,0.17796432121714895,0.4724771396811893,0.2593517563258045,-0.10598986902998983,-0.2985379743616656,0.2683255036790367,0.29431541247276855,0.34071272280974846,0.9008921062056789,8971337000.0,1477512000.0,2043722000.0,4048598000.0,1199705000.0,2358724000.0,,,0.39827593224133045,0.14924136,239.48,150.04,1.50232,43150.934,48.8542,7.9588,3.6905
2022-04-03,10645044000.0,2457438000.0,2565637000.0,7729495000.0,2915549000.0,,873783000.0,,2666221000.0,1245480000.0,720990000.0,533478000.0,143926000.0,,,656467000.0,141063000.0,91036000.0,515404000.0,873783000.0,,26.3866,4.6818,,812026000.0,0.18297685958973764,0.050115152177858543,0.20008768965513363,0.46713306961425927,0.27041644334809456,0.06773010989902907,0.1902683639227178,0.19330880673432546,0.3045606496985809,0.29969758697247073,0.9578276272130469,9341610000.0,1615191000.0,2211668000.0,4245127000.0,1219940000.0,2539809000.0,,,0.34403492546093034,0.14924136,239.48,150.04,1.50232,43150.934,48.8542,7.9588,3.6905
2022-07-03,10588874000.0,2428465000.0,3300910000.0,7697134000.0,2891740000.0,,914916000.0,,5038803000.0,2245479000.0,1177521000.0,849034000.0,231830000.0,7.9399999999999995,,1113773000.0,240960000.0,184882000.0,872813000.0,914916000.0,,26.7138,4.5949,7.9399999999999995,1362403000.0,0.2936066174690671,0.08018170770565407,0.16849914553119064,0.44563738649834095,0.23369062057000442,0.1112036086178757,0.30933212772575197,0.17321832189113168,0.270382271345,0.31638944026779725,0.7356956112102421,10095043000.0,1767196000.0,2379470000.0,4516210000.0,1302708000.0,2738564000.0,,,0.33408603925268865,0.14924136,239.48,150.04,1.50232,43150.934,48.8542,7.9588,3.6905
2022-10-02,10832907000.0,2692734000.0,3388614000.0,7749827000.0,3083080000.0,,793871000.0,,7766956000.0,3353979000.0,1734141000.0,1248521000.0,305428000.0,11.690000000000001,,1560194000.0,359993000.0,279082000.0,1200201000.0,793871000.0,,27.8049,4.4877,11.690000000000001,2013223000.0,0.4049590020369241,0.11525262794188115,0.16074778845148602,0.4318267027648927,0.22327163949428835,0.1600808536434403,0.4472950522201596,0.15452656098476675,0.25920360563391887,0.2574928318434812,0.79464170306798,11216790000.0,1873761000.0,2529061000.0,4834458000.0,1446642000.0,2935284000.0,,,0.27045798634816937,0.14924136,239.48,150.04,1.50232,43150.934,48.8542,7.9588,3.6905
2022-12-31,10948820000.0,2620406000.0,3257154000.0,7649276000.0,3299544000.0,,693790000.0,,-5052686000.0,-2346153000.0,-1371865000.0,-986216000.0,-408930000.0,-4.220000000000002,,-1002597000.0,-222535000.0,-176041000.0,-1225132000.0,693790000.0,0.8045,28.8731,4.558,-4.220000000000002,-1547906000.0,-0.2988946351374614,-0.09007509485040396,0.19518648101227742,0.46433777994516184,0.27151202350591347,-0.125297977316277,-0.3435387573391056,0.24247143004730554,0.3063530961551935,0.21026844921601287,0.80450786177135,10419294000.0,1644817000.0,2260787000.0,4498785000.0,1363286000.0,2639746000.0,,,0.26282452932971584,0.14924136,239.48,150.04,1.50232,43150.934,48.8542,7.9588,3.6905
2023-04-02,11111518000.0,2726100000.0,3281348000.0,7653153000.0,3458365000.0,,603089000.0,,2987614000.0,1382322000.0,799924000.0,587185000.0,172071000.0,5.51,,755397000.0,176093000.0,98199000.0,579304000.0,603089000.0,,30.9329,4.8917,5.51,898123000.0,0.16978687905990258,0.05284471482654305,0.19653978057406346,0.4626842691191031,0.2677467704998035,0.07199052370702184,0.19695508061891134,0.19390188960153487,0.3006154744220639,0.1743855839392314,0.830786615744505,10740687000.0,1698524000.0,2339721000.0,4635627000.0,1427186000.0,2725843000.0,20.919999999999998,20.919999999999998,0.22124861923449002,0.14924136,239.48,150.04,1.50232,43150.934,48.8542,7.9588,3.6905
2023-07-02,11525676000.0,2880905000.0,2726057000.0,7830891000.0,3694785000.0,,859773000.0,,5477894000.0,2514421000.0,1360589000.0,994168000.0,204608000.0,9.39,,1049808000.0,330505000.0,199787000.0,719303000.0,859773000.0,,28.7454,4.7386,9.39,1560376000.0,0.26907330196479634,0.08625680610837924,0.1814872649963654,0.459012350366765,0.2483781175758421,0.11804852053797105,0.2987312929158,0.13131013488030255,0.2848496155639375,0.2326990609737779,1.0568029208486835,11179778000.0,1843658000.0,2522789000.0,4904569000.0,1273676000.0,2923816000.0,22.369999999999997,22.369999999999997,0.29405851804627925,0.14924136,239.48,150.04,1.50232,43150.934,48.8542,7.9588,3.6905
2023-10-01,11935671000.0,3190417000.0,2936477000.0,7968031000.0,3967640000.0,,819880000.0,,8507881000.0,3874674000.0,2096538000.0,1512745000.0,339444000.0,14.27,,1565541000.0,548600000.0,303096000.0,1016941000.0,819880000.0,,21.3418,3.6507,14.27,2399634000.0,0.3812707302073777,0.12674151289860452,0.17780514325482455,0.4554217436750702,0.24642305175636567,0.17565313253021134,0.4379173350711851,0.11952929289913669,0.28204837373724434,0.2066417316087145,1.0864777759199205,11920703000.0,2107882000.0,2885186000.0,5425264000.0,1090416000.0,3310227000.0,24.949999999999996,24.949999999999996,0.24768089922534015,0.14924136,239.48,150.04,1.50232,43150.934,48.8542,7.9588,3.6905
2023-12-31,11902941000.0,2912103000.0,3008352000.0,7803855000.0,4099086000.0,,719839000.0,,-5808397000.0,-2773601000.0,-1696184000.0,-1232311000.0,-406046000.0,-11.61,,-1047556000.0,-284089000.0,-181267000.0,-1331645000.0,719839000.0,0.968,20.4781,3.4148,-11.61,-1877451000.0,-0.30063067718022995,-0.10352995952848965,0.21216025695213325,0.47751574143434067,0.29202273880383867,-0.1425012524215654,-0.35198389682346165,0.22926204940881278,0.3232304885495947,0.17560963590419912,0.968006071098063,11164992000.0,1861787000.0,2560867000.0,4997816000.0,983903000.0,2980682000.0,17.560000000000002,17.560000000000002,0.24150144161638176,0.14924136,239.48,150.04,1.50232,43150.934,48.8542,7.9588,3.6905
2024-03-31,12389754000.0,3387377000.0,3489030000.0,8281467000.0,4108287000.0,,1289648000.0,,3252749000.0,1676081000.0,1058100000.0,797453000.0,188805000.0,7.52,,569134000.0,213304000.0,107764000.0,355830000.0,1289648000.0,,19.5401,3.5423,7.52,1165864000.0,0.19410839602978078,0.06436390908164924,0.24516278384836948,0.5152813819941225,0.32529408202108434,0.08540121135577027,0.19601940371642118,0.10939362367031702,0.35842421287348025,0.31391380397718077,0.9708649682003307,11430127000.0,2072055000.0,2819043000.0,5291575000.0,760429000.0,3248423000.0,19.57,19.57,0.3970074094414428,0.14924136,239.48,150.04,1.50232,43150.934,48.8542,7.9588,3.6905
2024-06-30,12415674000.0,3335627000.0,3885631000.0,8405808000.0,4009866000.0,,1321274000.0,,5327229000.0,2509826000.0,1345921000.0,978347000.0,253785000.0,9.27,,894740000.0,343457000.0,218185000.0,551283000.0,1321274000.0,,19.9917,3.3506,9.27,1564106000.0,0.24398496109346296,0.07879934669676411,0.18365026170266005,0.47113161457861114,0.2526493604836586,0.10840498872634703,0.25246401332548013,0.10348400641309018,0.2936059253319127,0.32950577400840825,0.8584518190224445,11279462000.0,2056234000.0,2804375000.0,5286980000.0,592409000.0,3252153000.0,19.45,19.45,0.40627670346382844,0.14924136,239.48,150.04,1.50232,43150.934,48.8542,7.9588,3.6905
2024-09-29,12621410000.0,3551804000.0,4195014000.0,8416441000.0,4204969000.0,,1196403000.0,,8314723000.0,3742545000.0,1959085000.0,1424648000.0,326231000.0,13.530000000000001,,1589994000.0,471415000.0,331440000.0,1118579000.0,1196403000.0,,21.8723,3.5358,13.530000000000001,2290525000.0,0.33880107082834615,0.11287550281624636,0.17134040424437472,0.45011060500752703,0.23561638794220804,0.15521918707973198,0.36270136550491244,0.13452991759316577,0.2754782089553675,0.28452124141699975,0.8466727405438933,11086304000.0,1968137000.0,2666922000.0,5154851000.0,694047000.0,3143044000.0,18.71,18.71,0.3806510503830045,0.14924136,239.48,150.04,1.50232,43150.934,48.8542,7.9588,3.6905
2024-12-31,12946861000.0,3759457000.0,3929495000.0,8232207000.0,4714654000.0,,1306976000.0,,-5692438000.0,-2627564000.0,-1464874000.0,-979209000.0,-516124000.0,-9.219999999999999,,-522272000.0,-422234000.0,-202134000.0,-944506000.0,1306976000.0,0.9567,18.3247,3.1333,-9.219999999999999,-1667008000.0,-0.20769477463245448,-0.07563292754900203,0.1720192648562883,0.46158851444670984,0.2573368388026361,-0.11314510907315681,-0.24326868306422014,0.16592293143992082,0.2928460529565715,0.27721567690863425,0.9567277729072057,11202263000.0,2221239000.0,2898232000.0,5300888000.0,1081186000.0,3353487000.0,21.1,21.1,0.3897364146633042,0.14924136,239.48,150.04,1.50232,43150.934,48.8542,7.9588,3.6905
2025-03-30,13967764000.0,4804136000.0,3016145000.0,9282868000.0,4684896000.0,,144626000.0,,2805419000.0,944267000.0,369221000.0,224203000.0,99451000.0,2.13,,396682000.0,145527000.0,119564000.0,251155000.0,144626000.0,,18.1062,2.9692,2.13,488785000.0,0.04785655860877168,0.016051459632336285,0.07991783045598536,0.3365867986208121,0.13160993063781204,0.0264337942708654,0.07645083716359508,0.08952495153130424,0.17422887632827752,0.03087069595568397,1.592806711878905,10754933000.0,1647989000.0,2209353000.0,4569074000.0,976511000.0,2676408000.0,15.71,15.71,0.05403735155477042,0.14924136,239.48,150.04,1.50232,43150.934,48.8542,7.9588,3.6905
2025-06-29,13645737000.0,4425553000.0,2893307000.0,9131119000.0,4514618000.0,,164968000.0,,5420137000.0,1740540000.0,562032000.0,286922000.0,185844000.0,2.73,,508898000.0,230615000.0,243397000.0,278283000.0,164968000.0,,21.9779,2.9767,2.73,805429000.0,0.06355399282951514,0.02102649347558142,0.05293630031860818,0.32112472433814865,0.1036933199289981,0.04118736862655348,0.12010293218246229,0.051342429167380826,0.14859938042156498,0.036540854619372,1.5295829305358886,10847841000.0,956564000.0,1425464000.0,3799788000.0,703511000.0,1917731000.0,9.170000000000002,9.170000000000002,0.0860224922056326,0.14924136,239.48,150.04,1.50232,43150.934,48.8542,7.9588,3.6905
2025-09-28,13579426000.0,4398105000.0,3227764000.0,9014980000.0,4564446000.0,,214959000.0,,8601555000.0,2777874000.0,996615000.0,563242000.0,281434000.0,5.359999999999999,,1350814000.0,316537000.0,371180000.0,1034277000.0,214959000.0,,27.4472,3.2486,5.359999999999999,1367795000.0,0.1233976697281554,0.041477600010486455,0.06548141586027177,0.32295021074677777,0.11586451519521761,0.07339154099738826,0.20852281821691193,0.12024302582498164,0.1590171777079842,0.04709421471959576,1.3625856785068549,11134673000.0,95158000.0,462994000.0,2835117000.0,619209000.0,995001000.0,1.0,1.0,0.21603897885529763,0.14924136,239.48,150.04,1.50232,43150.934,48.8542,7.9588,3.6905
2025-12-31,13741297000.0,3588899000.0,3011896000.0,9104547000.0,4636750000.0,,218546000.0,,-5134535000.0,-1539990000.0,-486340000.0,-191108000.0,-235780000.0,-1.8299999999999983,,20973000.0,-238057000.0,-230440000.0,-217084000.0,218546000.0,1.1916,41.7804,3.1561,-1.8299999999999983,-716780000.0,-0.04121593788752898,-0.013907566367279595,0.03722011827750712,0.29992784156695784,0.0947193854944995,-0.03539258339296501,-0.10016691052409575,0.04227919373419404,0.13959978849107077,0.04713344476195611,1.191574675885223,11692576000.0,883259000.0,1441528000.0,3922691000.0,1346631000.0,1945229000.0,8.39,8.39,0.11234975419346514,0.14924136,239.48,150.04,1.50232,43150.934,48.8542,7.9588,3.6905
