report_date,total_assets,current_assets,current_liabilities,total_liabilities,total_equity,long_term_debt,short_term_debt,cash,revenue,gross_profit,operating_income,net_income,interest_expense,income_tax,eps_diluted,shares_diluted,operating_cash_flow,capex,depreciation,fcf,total_debt,bf_current_ratio,bf_pe,bf_ps,eps,ebitda,roe,roa,net_margin,gross_margin,operating_margin,roi,roic,fcf_margin,ebitda_margin,debt_equity,current_ratio,revenue_ttm,net_income_ttm,operating_income_ttm,fcf_ttm,ebitda_ttm,interest_expense_ttm,eps_diluted_ttm,eps_ttm,debt_to_ebitda,interest_coverage,bf_beta,bf_52w_high,bf_52w_low,bf_10d_avg_vol,bf_market_cap,bf_pe_ttm,bf_pb_annual,bf_ps_ttm
2011-09-30,38666730000.0,35222949000.0,34928700000.0,35655598000.0,2973810000.0,370000000.0,,497303000.0,1000276000.0,,598525000.0,382900000.0,24821000.0,184153000.0,5.17,74057000.0,540785000.0,19447000.0,99063000.0,521338000.0,370000000.0,,18.5684,6.7594,5.17,697588000.0,0.12875738530706402,0.00990256998716985,0.38279434875974233,,0.5983598526806602,0.01547906947393793,0.1789949189696783,0.5211941504144856,0.6973955188368011,0.12441951570544184,1.0084242757388624,,,,,,,,,,,1.048419,189.35,143.17,3.4547,92555.69,27.9203,3.1937,7.3224
2011-12-31,36147864000.0,32605391000.0,31800314000.0,32985523000.0,3121525000.0,837500000.0,,822949000.0,1327491000.0,,793333000.0,509673000.0,36097000.0,237498000.0,6.9,73895000.0,712770000.0,57258000.0,132252000.0,655512000.0,837500000.0,1.0253,16.902,6.4893,6.9,925585000.0,0.16327692393942064,0.014099671283481646,0.3839370662399971,,0.5976183642676297,0.021946884607068347,0.20038595361231618,0.4937976980634897,0.6972438984520423,0.2682983477627121,1.0253166368105673,,,,,,,,,,,1.048419,189.35,143.17,3.4547,92555.69,27.9203,3.1937,7.3224
2012-03-31,36124101000.0,32506784000.0,31550501000.0,32716204000.0,3372636000.0,825000000.0,,968385000.0,365194000.0,,225182000.0,147865000.0,10068000.0,65296000.0,2.02,73252000.0,185644000.0,6541000.0,31983000.0,179103000.0,825000000.0,,19.0746,7.423,2.02,257165000.0,0.043842561130225735,0.004093250652798253,0.40489438490227114,,0.61660925425938,0.006233566892086809,0.053644956351622676,0.4904324824613767,0.704187363428753,0.24461578421151883,1.030309597936337,,,,,,,,,,,1.048419,189.35,143.17,3.4547,92555.69,27.9203,3.1937,7.3224
2012-06-30,39504768000.0,36058454000.0,34955549000.0,36097441000.0,3375748000.0,812500000.0,,1082018000.0,716407000.0,,440598000.0,291022000.0,19667000.0,126562000.0,3.97,73303000.0,365569000.0,15620000.0,64091000.0,349949000.0,812500000.0,,17.9511,7.1372,3.97,504689000.0,0.08620963413145769,0.007366756336855338,0.4062243947923457,,0.615010741101078,0.011153033476870437,0.10519864153221108,0.4884779182782971,0.704472457695137,0.2406873972820246,1.031551642916551,3409368000.0,1331460000.0,2057638000.0,1705902000.0,2385027000.0,90653000.0,18.060000000000002,18.060000000000002,0.3406670029312037,22.697958148103208,1.048419,189.35,143.17,3.4547,92555.69,27.9203,3.1937,7.3224
2012-09-30,37540084000.0,34034495000.0,32810342000.0,33934125000.0,3575859000.0,800000000.0,,1241176000.0,1039594000.0,,634649000.0,422104000.0,29112000.0,177114000.0,5.76,73339000.0,572714000.0,23745000.0,96955000.0,548969000.0,800000000.0,,17.4879,7.0227,5.76,731604000.0,0.11804268568755089,0.011244087786271336,0.4060277377514684,,0.610477744196292,0.016905902501443523,0.14503415215161183,0.5280609545649552,0.7037401139290915,0.2237224678042395,1.0373099737881428,3448686000.0,1370664000.0,2093762000.0,1733533000.0,2419043000.0,94944000.0,18.65,18.65,0.33070929288979156,22.05259942703067,1.048419,189.35,143.17,3.4547,92555.69,27.9203,3.1937,7.3224
2012-12-31,37214842000.0,33750087000.0,32245697000.0,33538284000.0,3643377000.0,969500000.0,,1612195000.0,-758230000.0,,-473414000.0,-309415000.0,-19945000.0,-141017000.0,-4.23,-146528000.0,-390973000.0,-13529000.0,-62527000.0,-404502000.0,969500000.0,1.0467,16.3229,6.6057,-4.23,-535941000.0,-0.08492533163600692,-0.008314290303852426,0.408075386096567,,0.6243672764200836,-0.012721107347439498,-0.10262879326719529,0.5334819250095617,0.7068317001437558,0.2660992809692766,1.0466539768081304,1362965000.0,551576000.0,827015000.0,673519000.0,957517000.0,38902000.0,7.52,7.52,1.012514660314125,21.258932702688806,1.048419,189.35,143.17,3.4547,92555.69,27.9203,3.1937,7.3224
2013-06-30,10.0,10.0,,,10.0,,,10.0,,,,,,,,,,,,,0.0,,23.5711,9.4513,,,,,,,,,,,,0.0,,,,,,,,,,,,1.048419,189.35,143.17,3.4547,92555.69,27.9203,3.1937,7.3224
2013-09-30,1329010.0,10.0,1329000.0,1329000.0,10.0,,,10.0,,,,,,,,,1329000.0,,,,0.0,,23.6212,9.5392,,,,,,,,,,,,0.0,7.524454477050414e-06,,,,,,,,,,,1.048419,189.35,143.17,3.4547,92555.69,27.9203,3.1937,7.3224
2013-12-31,64818000000.0,44259000000.0,44342000000.0,51881000000.0,12583000000.0,5058000000.0,,961000000.0,1795000000.0,,790000000.0,254000000.0,56000000.0,230000000.0,3.21,79000000.0,735000000.0,136000000.0,161000000.0,599000000.0,5058000000.0,0.9988,101.8657,15.078,3.21,951000000.0,0.020185965191130893,0.003918664568484063,0.1415041782729805,,0.4401114206128134,0.01218797247678114,0.04478204183436313,0.33370473537604456,0.5298050139275766,0.40197091313677186,0.9981281854675026,,,,,,,,,,,1.048419,189.35,143.17,3.4547,92555.69,27.9203,3.1937,7.3224
2014-03-31,65921000000.0,45254000000.0,45403000000.0,52685000000.0,12915000000.0,3584000000.0,,964000000.0,1198000000.0,,409000000.0,262000000.0,27000000.0,107000000.0,2.0,116000000.0,519000000.0,31000000.0,88000000.0,488000000.0,3584000000.0,,59.9887,9.3812,2.0,497000000.0,0.020286488579171508,0.003974454271021374,0.21869782971619364,,0.34140233722871455,0.006204396171174588,0.024789381174616643,0.4073455759599332,0.41485809682804675,0.2775067750677507,0.9967182785278506,,,,,,,,,,,1.048419,189.35,143.17,3.4547,92555.69,27.9203,3.1937,7.3224
2014-06-30,68482000000.0,50191000000.0,49670000000.0,54942000000.0,13243000000.0,2248000000.0,,2057000000.0,2071000000.0,,718000000.0,487000000.0,51000000.0,194000000.0,4.0,116000000.0,836000000.0,58000000.0,161000000.0,778000000.0,2248000000.0,,48.1263,7.0834,4.0,879000000.0,0.03677414483123159,0.007111357729038288,0.23515210043457266,,0.34669241912119747,0.010484506877719693,0.04634949325414757,0.37566393046837276,0.4244326412361178,0.16975005663369327,1.0104892289108114,,,,,,,,,,,1.048419,189.35,143.17,3.4547,92555.69,27.9203,3.1937,7.3224
2014-09-30,67286000000.0,49378000000.0,49337000000.0,54499000000.0,12614000000.0,2247000000.0,,638000000.0,3077000000.0,,1048000000.0,693000000.0,73000000.0,284000000.0,6.0,115000000.0,922000000.0,105000000.0,244000000.0,817000000.0,2247000000.0,,42.7986,5.9179,6.0,1292000000.0,0.05493895671476138,0.010299319323484825,0.2252193695157621,,0.3405914852128697,0.01557530541271587,0.07052015342170782,0.265518362040949,0.4198895027624309,0.1781354051054384,1.0008310193161318,8141000000.0,1696000000.0,2965000000.0,2682000000.0,3619000000.0,207000000.0,15.21,15.21,0.620889748549323,14.323671497584542,1.048419,189.35,143.17,3.4547,92555.69,27.9203,3.1937,7.3224
2014-12-31,68279000000.0,50245000000.0,50539000000.0,55722000000.0,12360000000.0,2247000000.0,2042000000.0,652000000.0,-2125000000.0,,-727000000.0,-461000000.0,-55000000.0,-183000000.0,-4.0,-232000000.0,-814000000.0,-22000000.0,-160000000.0,-836000000.0,4289000000.0,0.996,25.1943,5.8443,-4.0,-887000000.0,-0.037297734627831716,-0.006751709896161338,0.21694117647058825,,0.3421176470588235,-0.010647490443621026,-0.04366628626343925,0.39341176470588235,0.41741176470588237,0.3470064724919094,0.9941827103820812,4221000000.0,981000000.0,1448000000.0,1247000000.0,1781000000.0,96000000.0,7.999999999999999,7.999999999999999,2.4081976417742843,15.083333333333334,1.048419,189.35,143.17,3.4547,92555.69,27.9203,3.1937,7.3224
2015-03-31,66428000000.0,48486000000.0,48798000000.0,53934000000.0,12297000000.0,2247000000.0,,752000000.0,1156000000.0,,462000000.0,315000000.0,23000000.0,118000000.0,2.0,112000000.0,465000000.0,39000000.0,89000000.0,426000000.0,2247000000.0,,25.2447,6.0454,2.0,551000000.0,0.025616003903391072,0.004741976275064732,0.27249134948096887,,0.39965397923875434,0.006954898536761607,0.03176567656765677,0.3685121107266436,0.47664359861591693,0.18272749451085632,0.9936062953399729,4179000000.0,1034000000.0,1501000000.0,1185000000.0,1835000000.0,92000000.0,8.0,8.0,1.2245231607629428,16.315217391304348,1.048419,189.35,143.17,3.4547,92555.69,27.9203,3.1937,7.3224
2015-06-30,63104000000.0,45133000000.0,45580000000.0,50621000000.0,12410000000.0,2247000000.0,,678000000.0,2229000000.0,,892000000.0,598000000.0,46000000.0,227000000.0,5.0,112000000.0,770000000.0,92000000.0,182000000.0,678000000.0,2247000000.0,,22.7929,5.6839,5.0,1074000000.0,0.04818694601128123,0.009476419878296146,0.2682817406908928,,0.40017945266935845,0.014135395537525354,0.06085829296581838,0.3041722745625841,0.48183041722745623,0.18106365834004834,0.9901930671347082,4337000000.0,1145000000.0,1675000000.0,1085000000.0,2030000000.0,87000000.0,9.0,9.0,1.106896551724138,19.25287356321839,1.048419,189.35,143.17,3.4547,92555.69,27.9203,3.1937,7.3224
2015-09-30,65856000000.0,48052000000.0,48458000000.0,53446000000.0,12340000000.0,2247000000.0,,687000000.0,3380000000.0,,1332000000.0,904000000.0,67000000.0,340000000.0,8.0,112000000.0,890000000.0,125000000.0,276000000.0,765000000.0,2247000000.0,,21.7816,5.7391,8.0,1608000000.0,0.073257698541329,0.013726919339164237,0.26745562130177514,,0.3940828402366864,0.02022594752186589,0.09131418386234318,0.22633136094674555,0.4757396449704142,0.1820907617504052,0.991621610466796,4640000000.0,1356000000.0,1959000000.0,1033000000.0,2346000000.0,81000000.0,11.0,11.0,0.9578005115089514,24.185185185185187,1.048419,189.35,143.17,3.4547,92555.69,27.9203,3.1937,7.3224
2015-12-31,77987000000.0,53313000000.0,54743000000.0,63112000000.0,14808000000.0,7308000000.0,,627000000.0,-2083000000.0,,-936000000.0,-543000000.0,-39000000.0,-327000000.0,-4.0,-224000000.0,-814000000.0,-66000000.0,-173000000.0,-880000000.0,7308000000.0,0.9739,22.0787,6.0078,-4.0,-1109000000.0,-0.03666936790923825,-0.006962698911357021,0.26068170907345173,,0.44935189630340855,-0.012002000333388899,-0.042322300596852956,0.42246759481517043,0.5324051848295728,0.49351701782820095,0.9738779387318927,4682000000.0,1274000000.0,1750000000.0,989000000.0,2124000000.0,97000000.0,11.0,11.0,3.440677966101695,18.04123711340206,1.048419,189.35,143.17,3.4547,92555.69,27.9203,3.1937,7.3224
2016-03-31,79160000000.0,54554000000.0,55636000000.0,64046000000.0,15048000000.0,4718000000.0,,468000000.0,1554000000.0,,584000000.0,369000000.0,46000000.0,163000000.0,120000000.0,0.0,597000000.0,31000000.0,143000000.0,566000000.0,4718000000.0,,21.0766,5.5098,120000000.0,727000000.0,0.02452153110047847,0.0046614451743304695,0.23745173745173745,,0.3758043758043758,0.007377463365336029,0.029545684508752404,0.3642213642213642,0.46782496782496785,0.3135300372142477,0.9805521604716371,5080000000.0,1328000000.0,1872000000.0,1129000000.0,2300000000.0,120000000.0,120000009.0,120000009.0,2.051304347826087,15.6,1.048419,189.35,143.17,3.4547,92555.69,27.9203,3.1937,7.3224
2016-06-30,75224000000.0,50630000000.0,51438000000.0,59861000000.0,15292000000.0,4719000000.0,,390000000.0,3058000000.0,,1135000000.0,726000000.0,90000000.0,316000000.0,120000000.0,0.0,1103000000.0,96000000.0,289000000.0,1007000000.0,4719000000.0,,21.7339,5.5291,120000000.0,1424000000.0,0.04747580434213968,0.00965117515686483,0.23741007194244604,,0.3711576193590582,0.015088269701159205,0.05671880465743841,0.329300196206671,0.4656638325703074,0.30859272822390793,0.9842917687312882,5909000000.0,1456000000.0,2115000000.0,1458000000.0,2650000000.0,164000000.0,240000004.0,240000004.0,1.780754716981132,12.896341463414634,1.048419,189.35,143.17,3.4547,92555.69,27.9203,3.1937,7.3224
2016-09-30,76296000000.0,51844000000.0,52354000000.0,60718000000.0,15512000000.0,4720000000.0,,458000000.0,4474000000.0,,1609000000.0,1070000000.0,134000000.0,409000000.0,8.0,120000000.0,1508000000.0,166000000.0,470000000.0,1342000000.0,4720000000.0,,22.2885,5.5567,8.0,2079000000.0,0.06897885507993812,0.014024326308063332,0.23915958873491283,,0.359633437639696,0.021088916850162526,0.07952748121787268,0.29995529727313364,0.4646848457755923,0.3042805569881382,0.9902586239828858,7003000000.0,1622000000.0,2392000000.0,2035000000.0,3121000000.0,231000000.0,240000004.0,240000004.0,1.512335789810958,10.354978354978355,1.048419,189.35,143.17,3.4547,92555.69,27.9203,3.1937,7.3224
2016-12-31,82003000000.0,57133000000.0,58617000000.0,66213000000.0,15717000000.0,6364000000.0,,407000000.0,-3128000000.0,,-1161000000.0,-743000000.0,-92000000.0,-308000000.0,-240000006.0,479000000.0,-1059000000.0,-43000000.0,-292000000.0,-1102000000.0,6364000000.0,0.9747,23.4188,5.6086,-240000006.0,-1453000000.0,-0.0472736527327098,-0.009060644122775996,0.2375319693094629,,0.3711636828644501,-0.014158018609075278,-0.05257914043748019,0.3523017902813299,0.46451406649616367,0.4049118788572883,0.9746831124076633,5958000000.0,1422000000.0,2167000000.0,1813000000.0,2777000000.0,178000000.0,2.0,2.0,2.291681670867843,12.174157303370787,1.048419,189.35,143.17,3.4547,92555.69,27.9203,3.1937,7.3224
2017-03-31,79463000000.0,55073000000.0,56006000000.0,63639000000.0,15755000000.0,3872000000.0,,360000000.0,1469000000.0,,582000000.0,502000000.0,45000000.0,213000000.0,0.0,599000000.0,611000000.0,32000000.0,134000000.0,579000000.0,3872000000.0,,22.732,6.0364,0.0,716000000.0,0.03186290066645509,0.00631740558498924,0.3417290673927842,,0.3961878829135466,0.00732416344713892,0.02965302899067611,0.39414567733151806,0.4874063989108237,0.24576324976198033,0.9833410705995786,5873000000.0,1555000000.0,2165000000.0,1826000000.0,2766000000.0,177000000.0,-119999998.0,-119999998.0,1.3998553868402024,12.231638418079097,1.048419,189.35,143.17,3.4547,92555.69,27.9203,3.1937,7.3224
2017-06-30,80324000000.0,56448000000.0,56819000000.0,64391000000.0,15898000000.0,3874000000.0,,398000000.0,2963000000.0,,1191000000.0,920000000.0,90000000.0,352000000.0,1.0,597000000.0,1098000000.0,81000000.0,276000000.0,1017000000.0,3874000000.0,,24.0178,6.6398,1.0,1467000000.0,0.057868914328846395,0.011453612867885066,0.310496118798515,,0.40195747553155586,0.014827448832229471,0.060236698361319035,0.3432332095848802,0.49510631117111037,0.2436784501195119,0.9934704940248861,5778000000.0,1749000000.0,2221000000.0,1836000000.0,2809000000.0,177000000.0,-239999997.0,-239999997.0,1.3791384834460663,12.548022598870057,1.048419,189.35,143.17,3.4547,92555.69,27.9203,3.1937,7.3224
2017-09-30,79118000000.0,55239000000.0,54600000000.0,63099000000.0,15992000000.0,4865000000.0,,419000000.0,4395000000.0,,1787000000.0,1289000000.0,137000000.0,537000000.0,2.0,595000000.0,1410000000.0,136000000.0,404000000.0,1274000000.0,4865000000.0,,24.6825,6.9165,2.0,2191000000.0,0.08060280140070035,0.016292120629945145,0.293287827076223,,0.40659840728100116,0.022586516342678026,0.08567866903197967,0.2898748577929465,0.49852104664391356,0.30421460730365185,1.0117032967032966,5699000000.0,1968000000.0,2399000000.0,1768000000.0,2921000000.0,180000000.0,-240000003.0,-240000003.0,1.6655255049640534,13.327777777777778,1.048419,189.35,143.17,3.4547,92555.69,27.9203,3.1937,7.3224
2017-12-31,78264000000.0,53562000000.0,54171000000.0,61312000000.0,16924000000.0,4267000000.0,,,-2993000000.0,,-1181000000.0,-197000000.0,-85000000.0,-1127000000.0,1.0,-1197000000.0,-1034000000.0,-29000000.0,-279000000.0,-1063000000.0,4267000000.0,0.9887,16.1774,6.9937,1.0,-1460000000.0,-0.011640274166863626,-0.0025171215373607277,0.06582024724356833,,0.39458737053123955,-0.015089951957477256,-0.05573120664433014,0.35516204477113267,0.4878048780487805,0.2521271567005436,0.988757822451127,5834000000.0,2514000000.0,2379000000.0,1807000000.0,2914000000.0,187000000.0,4.0,4.0,1.4643102264927934,12.72192513368984,1.048419,189.35,143.17,3.4547,92555.69,27.9203,3.1937,7.3224
2018-03-31,82062000000.0,56634000000.0,57946000000.0,65056000000.0,16978000000.0,4269000000.0,,523000000.0,1580000000.0,,650000000.0,464000000.0,52000000.0,143000000.0,0.0,586000000.0,573000000.0,14000000.0,138000000.0,559000000.0,4269000000.0,,16.6027,6.9378,0.0,788000000.0,0.027329485216162092,0.005654261412103044,0.2936708860759494,,0.41139240506329117,0.007920840340230557,0.030592554242951948,0.3537974683544304,0.49873417721518987,0.25144304393921546,0.9773582300762779,5945000000.0,2476000000.0,2447000000.0,1787000000.0,2986000000.0,194000000.0,4.0,4.0,1.4296718017414602,12.61340206185567,1.048419,189.35,143.17,3.4547,92555.69,27.9203,3.1937,7.3224
2018-06-30,82847000000.0,57560000000.0,58894000000.0,66007000000.0,16805000000.0,6916000000.0,,532000000.0,3136000000.0,,1305000000.0,919000000.0,107000000.0,292000000.0,1.0,583000000.0,1236000000.0,33000000.0,281000000.0,1203000000.0,6916000000.0,,16.9202,7.1012,1.0,1586000000.0,0.054686105325795896,0.01109273721438314,0.2930484693877551,,0.4161352040816326,0.01575192825328618,0.055014544074870365,0.383609693877551,0.5057397959183674,0.41154418327878606,0.977349135735389,6118000000.0,2475000000.0,2561000000.0,1973000000.0,3105000000.0,211000000.0,4.0,4.0,2.2273752012882446,12.137440758293838,1.048419,189.35,143.17,3.4547,92555.69,27.9203,3.1937,7.3224
2018-09-30,87242000000.0,61295000000.0,61065000000.0,70388000000.0,16832000000.0,6488000000.0,,515000000.0,4599000000.0,,1907000000.0,1377000000.0,173000000.0,381000000.0,2.0,581000000.0,1735000000.0,49000000.0,429000000.0,1686000000.0,6488000000.0,,16.533,7.1442,2.0,2336000000.0,0.08180846007604563,0.015783682171431192,0.299412915851272,,0.4146553598608393,0.021858737763921048,0.08177530017152658,0.36660143509458576,0.5079365079365079,0.38545627376425856,1.0037664783427496,6322000000.0,2563000000.0,2681000000.0,2385000000.0,3250000000.0,247000000.0,4.0,4.0,1.9963076923076923,10.854251012145749,1.048419,189.35,143.17,3.4547,92555.69,27.9203,3.1937,7.3224
2018-12-31,92791000000.0,66692000000.0,66108000000.0,75489000000.0,17201000000.0,6490000000.0,,,-3039000000.0,,-1279000000.0,-772000000.0,-88000000.0,-316000000.0,0.0,-1171000000.0,-1011000000.0,38000000.0,-262000000.0,-1049000000.0,6490000000.0,1.0088,21.5829,6.8366,0.0,-1541000000.0,-0.04488111156328121,-0.008319772391719025,0.2540309312273774,,0.4208621256992432,-0.013783664364000818,-0.053986746021696,0.345179335307667,0.5070746956235603,0.37730364513691067,1.0088340291643976,6276000000.0,1988000000.0,2583000000.0,2399000000.0,3169000000.0,244000000.0,3.0,3.0,2.0479646576207005,10.586065573770492,1.048419,189.35,143.17,3.4547,92555.69,27.9203,3.1937,7.3224
2019-03-31,93857000000.0,67485000000.0,67035000000.0,76656000000.0,17106000000.0,6492000000.0,,653000000.0,1583000000.0,,665000000.0,484000000.0,71000000.0,134000000.0,0.85,570000000.0,654000000.0,26000000.0,158000000.0,628000000.0,6492000000.0,,21.6936,6.9375,0.85,823000000.0,0.028294165789781365,0.005156781060549559,0.3057485786481364,,0.4200884396715098,0.00708524670509392,0.02818035426731079,0.3967150979153506,0.5198989260897031,0.3795159593125219,1.0067129111658089,6279000000.0,2008000000.0,2598000000.0,2468000000.0,3204000000.0,263000000.0,3.85,3.85,2.0262172284644193,9.87832699619772,1.048419,189.35,143.17,3.4547,92555.69,27.9203,3.1937,7.3224
2019-06-30,90930000000.0,64372000000.0,64131000000.0,73712000000.0,17115000000.0,6494000000.0,,837000000.0,3217000000.0,,1345000000.0,956000000.0,142000000.0,284000000.0,1.68,568000000.0,1382000000.0,57000000.0,315000000.0,1325000000.0,6494000000.0,,23.9914,7.6424,1.68,1660000000.0,0.05585743499853929,0.01051358187616848,0.29717127758781475,,0.41809138949331676,0.014791597932475531,0.056969799652674825,0.41187441715884365,0.5160087037612683,0.3794332456909144,1.0037579329809296,6360000000.0,2045000000.0,2638000000.0,2590000000.0,3278000000.0,298000000.0,4.529999999999999,4.529999999999999,1.9810860280658937,8.85234899328859,1.048419,189.35,143.17,3.4547,92555.69,27.9203,3.1937,7.3224
2019-09-30,95339000000.0,68871000000.0,68534000000.0,78082000000.0,17161000000.0,6496000000.0,,655000000.0,4880000000.0,,2051000000.0,1485000000.0,214000000.0,387000000.0,2.62,566000000.0,1882000000.0,87000000.0,473000000.0,1795000000.0,6496000000.0,,24.6706,7.8862,2.62,2524000000.0,0.08653341879843832,0.015575997230933825,0.3043032786885246,,0.42028688524590163,0.021512707286629816,0.08669738343830578,0.367827868852459,0.5172131147540984,0.37853271953848844,1.0049172673417575,6641000000.0,2153000000.0,2782000000.0,2699000000.0,3466000000.0,339000000.0,5.15,5.15,1.8742065781881132,8.206489675516224,1.048419,189.35,143.17,3.4547,92555.69,27.9203,3.1937,7.3224
2019-12-31,94493000000.0,67979000000.0,68816000000.0,77129000000.0,17255000000.0,5250000000.0,,,-3133000000.0,,-1388000000.0,-992000000.0,-142000000.0,-284000000.0,-1.7300000000000004,-1139000000.0,-1259000000.0,-17000000.0,-284000000.0,-1276000000.0,5250000000.0,0.9878,26.6614,7.8718,-1.7300000000000004,-1672000000.0,-0.0574905824398725,-0.010498132136772037,0.31662942866262367,,0.44302585381423554,-0.01468891875588668,-0.061675183292601646,0.4072773699329716,0.5336737950845835,0.30425963488843816,0.9878371308997907,6547000000.0,1933000000.0,2673000000.0,2472000000.0,3335000000.0,285000000.0,3.4199999999999995,3.4199999999999995,1.5742128935532234,9.378947368421052,1.048419,189.35,143.17,3.4547,92555.69,27.9203,3.1937,7.3224
2020-03-31,138901000000.0,112253000000.0,113526000000.0,121839000000.0,16939000000.0,5252000000.0,,583000000.0,2115000000.0,,882000000.0,650000000.0,72000000.0,178000000.0,1.17,555000000.0,520000000.0,15000000.0,157000000.0,505000000.0,5252000000.0,,21.1257,6.264,1.17,1039000000.0,0.03837298541826554,0.004679591939582868,0.3073286052009456,,0.41702127659574467,0.006349846293403215,0.03974584290928755,0.23877068557919623,0.4912529550827423,0.31005372217958554,0.9887867096524144,7079000000.0,2099000000.0,2890000000.0,2349000000.0,3551000000.0,286000000.0,3.7399999999999993,3.7399999999999993,1.4790199943677838,10.104895104895105,1.048419,189.35,143.17,3.4547,92555.69,27.9203,3.1937,7.3224
2020-06-30,124060000000.0,97435000000.0,96193000000.0,106971000000.0,16953000000.0,7703000000.0,,880000000.0,4081000000.0,,1626000000.0,1173000000.0,156000000.0,323000000.0,2.13,552000000.0,1378000000.0,48000000.0,314000000.0,1330000000.0,7703000000.0,,23.3142,6.7637,2.13,1940000000.0,0.06919129357635817,0.009455102369821054,0.287429551580495,,0.39843175692232297,0.013106561341286474,0.0659474367293965,0.3259005145797599,0.47537368292085275,0.45437385713443046,1.0129115424199266,7943000000.0,2316000000.0,3171000000.0,2354000000.0,3831000000.0,300000000.0,4.1899999999999995,4.1899999999999995,2.0107021665361526,10.57,1.048419,189.35,143.17,3.4547,92555.69,27.9203,3.1937,7.3224
2020-09-30,128080000000.0,89137000000.0,89686000000.0,108934000000.0,19021000000.0,14869000000.0,,610000000.0,6011000000.0,4365000000.0,2253000000.0,1563000000.0,245000000.0,512000000.0,2.83,552000000.0,1815000000.0,114000000.0,494000000.0,1701000000.0,14869000000.0,,27.9229,7.3135,2.83,2747000000.0,0.08217233583933548,0.012203310430980637,0.26002329063383794,0.726168690733655,0.3748128431209449,0.01759056839475328,0.06647978754794925,0.28298120113125935,0.4569955082349027,0.7817149466379265,0.9938786432665075,9074000000.0,2394000000.0,3373000000.0,2260000000.0,4054000000.0,331000000.0,4.3999999999999995,4.3999999999999995,3.6677355698075975,10.190332326283988,1.048419,189.35,143.17,3.4547,92555.69,27.9203,3.1937,7.3224
2020-12-31,126200000000.0,87219000000.0,87999000000.0,106573000000.0,19498000000.0,14126000000.0,,,-3963000000.0,,-1728000000.0,-1297000000.0,-116000000.0,-355000000.0,-2.36,-1104000000.0,-832000000.0,30000000.0,-214000000.0,-862000000.0,14126000000.0,0.9911,30.9767,7.8494,-2.36,-1942000000.0,-0.06651964304031183,-0.010277337559429478,0.3272773151652788,,0.4360333080999243,-0.013692551505546751,-0.05139186295503212,0.21751198586929094,0.4900328034317436,0.7244845625192328,0.9911362629120786,8244000000.0,2089000000.0,3033000000.0,2674000000.0,3784000000.0,357000000.0,3.77,3.77,3.733086680761099,8.495798319327731,1.048419,189.35,143.17,3.4547,92555.69,27.9203,3.1937,7.3224
2021-03-31,128045000000.0,89175000000.0,89402000000.0,107960000000.0,19963000000.0,14131000000.0,,562000000.0,2429000000.0,,892000000.0,646000000.0,107000000.0,183000000.0,1.14,565000000.0,734000000.0,40000000.0,255000000.0,694000000.0,14131000000.0,,30.1409,7.3433,1.14,1147000000.0,0.032359865751640536,0.005045101331563122,0.26595306710580485,,0.36722931247426926,0.006966300909836386,0.026162961224848947,0.2857142857142857,0.4722107863318238,0.7078595401492762,0.9974609069148341,8558000000.0,2085000000.0,3043000000.0,2863000000.0,3892000000.0,392000000.0,3.74,3.74,3.630781089414183,7.762755102040816,1.048419,189.35,143.17,3.4547,92555.69,27.9203,3.1937,7.3224
2021-06-30,134190000000.0,96066000000.0,94250000000.0,112985000000.0,21080000000.0,14135000000.0,,602000000.0,4563000000.0,,1691000000.0,1898000000.0,213000000.0,862000000.0,3.36,565000000.0,1607000000.0,95000000.0,506000000.0,1512000000.0,14135000000.0,,23.7386,7.6553,3.36,2197000000.0,0.09003795066413663,0.014144124003278934,0.41595441595441596,,0.3705895244356783,0.012601535136746405,0.04801930995314497,0.33136094674556216,0.48148148148148145,0.6705407969639469,1.0192679045092838,9040000000.0,2810000000.0,3108000000.0,3045000000.0,4149000000.0,449000000.0,4.97,4.97,3.4068450228970835,6.922048997772828,1.048419,189.35,143.17,3.4547,92555.69,27.9203,3.1937,7.3224
2021-09-30,150662000000.0,112720000000.0,112032000000.0,128983000000.0,21559000000.0,12394000000.0,,618000000.0,6840000000.0,,2569000000.0,2531000000.0,321000000.0,1049000000.0,4.48,565000000.0,2130000000.0,117000000.0,759000000.0,2013000000.0,12394000000.0,,21.1519,7.1268,4.48,3328000000.0,0.1173987661765388,0.016799192895355166,0.3700292397660819,,0.3755847953216374,0.017051413096865833,0.07566341707654699,0.2942982456140351,0.4865497076023392,0.574887517973932,1.0061411025421307,9869000000.0,3778000000.0,3424000000.0,3357000000.0,4730000000.0,525000000.0,6.62,6.62,2.6202959830866805,6.521904761904762,1.048419,189.35,143.17,3.4547,92555.69,27.9203,3.1937,7.3224
2021-12-31,193502000000.0,154300000000.0,153411000000.0,170754000000.0,22709000000.0,12397000000.0,,,-4664000000.0,,-1703000000.0,-1017000000.0,-218000000.0,-465000000.0,-1.8000000000000007,-1130000000.0,-1348000000.0,-73000000.0,-511000000.0,-1421000000.0,12397000000.0,1.0058,18.9889,8.405,-1.8000000000000007,-2214000000.0,-0.04478400634109824,-0.0052557596303914175,0.2180531732418525,,0.36513722126929676,-0.00880094262591601,-0.0485102261721643,0.30467409948542024,0.47469982847341335,0.5459069091549605,1.0057948908487657,9168000000.0,4058000000.0,3449000000.0,2798000000.0,4458000000.0,423000000.0,7.18,7.18,2.780843427545985,8.153664302600474,1.048419,189.35,143.17,3.4547,92555.69,27.9203,3.1937,7.3224
2022-03-31,208488000000.0,169378000000.0,168479000000.0,185785000000.0,22667000000.0,12401000000.0,,638000000.0,2459000000.0,,992000000.0,657000000.0,103000000.0,165000000.0,1.16,564000000.0,756000000.0,36000000.0,254000000.0,720000000.0,12401000000.0,,18.1973,8.0501,1.16,1246000000.0,0.028984867869590154,0.0031512605042016808,0.26718178121187475,,0.40341602277348515,0.0047580676106058865,0.02828789779856279,0.2928019520130134,0.5067100447336316,0.547094895663299,1.0053359765905543,9198000000.0,4069000000.0,3549000000.0,2824000000.0,4557000000.0,419000000.0,7.199999999999999,7.199999999999999,2.7213078779899056,8.47016706443914,1.048419,189.35,143.17,3.4547,92555.69,27.9203,3.1937,7.3224
2022-06-30,215207000000.0,176375000000.0,169422000000.0,192346000000.0,22814000000.0,18109000000.0,,830000000.0,4872000000.0,,1861000000.0,1212000000.0,264000000.0,338000000.0,2.16,562000000.0,1725000000.0,70000000.0,510000000.0,1655000000.0,18109000000.0,,15.5692,5.5397,2.16,2371000000.0,0.05312527395458929,0.005631787070123183,0.24876847290640394,,0.3819786535303777,0.008647488232260104,0.0454756493903184,0.33969622331691296,0.48665845648604267,0.7937669851845358,1.0410395344170178,9507000000.0,3383000000.0,3719000000.0,2967000000.0,4731000000.0,470000000.0,6.0,6.0,3.827731980553794,7.912765957446808,1.048419,189.35,143.17,3.4547,92555.69,27.9203,3.1937,7.3224
2022-09-30,211292000000.0,173712000000.0,166321000000.0,188872000000.0,22379000000.0,18113000000.0,,1183000000.0,7259000000.0,,2774000000.0,1021000000.0,440000000.0,186000000.0,1.82,561000000.0,2462000000.0,125000000.0,768000000.0,2337000000.0,18113000000.0,,19.8025,5.263,1.82,3542000000.0,0.04562312882613164,0.00483217537814967,0.1406529825044772,,0.3821463011434082,0.013128750733581962,0.06850735947841549,0.3219451715112274,0.4879459980713597,0.809374860360159,1.044438164753699,9926000000.0,1873000000.0,3924000000.0,3291000000.0,4945000000.0,589000000.0,3.34,3.34,3.662891809908999,6.66213921901528,1.048419,189.35,143.17,3.4547,92555.69,27.9203,3.1937,7.3224
2022-12-31,194338000000.0,156947000000.0,149171000000.0,171577000000.0,22706000000.0,18118000000.0,,,-4954000000.0,,-1989000000.0,-1444000000.0,-191000000.0,-379000000.0,-2.5600000000000005,-1126000000.0,-1389000000.0,-6000000.0,-501000000.0,-1395000000.0,18118000000.0,1.0521,39.6278,5.9466,-2.5600000000000005,-2490000000.0,-0.06359552541178543,-0.007430353301979027,0.29148163100524827,,0.4014937424303593,-0.010234745649332607,-0.04872134038800705,0.2815906338312475,0.5026241421073879,0.7979388707830529,1.0521280946028384,9636000000.0,1446000000.0,3638000000.0,3317000000.0,4669000000.0,616000000.0,2.58,2.58,3.880488327264939,5.9058441558441555,1.048419,189.35,143.17,3.4547,92555.69,27.9203,3.1937,7.3224
2023-03-31,151550000000.0,114336000000.0,106006000000.0,128339000000.0,23167000000.0,18123000000.0,,2069000000.0,2472000000.0,,969000000.0,655000000.0,176000000.0,175000000.0,1.17,561000000.0,653000000.0,21000000.0,260000000.0,632000000.0,18123000000.0,,40.4243,6.0496,1.17,1229000000.0,0.02827297448957569,0.004322005938634114,0.26496763754045305,,0.3919902912621359,0.006393929396238865,0.02346815209493824,0.255663430420712,0.49716828478964403,0.7822765140069927,1.078580457709941,9649000000.0,1444000000.0,3615000000.0,3229000000.0,4652000000.0,689000000.0,2.59,2.59,3.895743766122098,5.246734397677794,1.048419,189.35,143.17,3.4547,92555.69,27.9203,3.1937,7.3224
2023-06-30,136283000000.0,99222000000.0,90204000000.0,112394000000.0,23820000000.0,18128000000.0,,2877000000.0,4808000000.0,,1924000000.0,1454000000.0,351000000.0,207000000.0,2.59,561000000.0,1805000000.0,61000000.0,527000000.0,1744000000.0,18128000000.0,,37.5058,6.6141,2.59,2451000000.0,0.06104114189756507,0.010668975587564113,0.3024126455906822,,0.4001663893510815,0.014117681589046322,0.04586631067035377,0.3627287853577371,0.5097753743760399,0.7610411418975651,1.0999733936410803,9585000000.0,1686000000.0,3678000000.0,3318000000.0,4732000000.0,776000000.0,3.0199999999999996,3.0199999999999996,3.830938292476754,4.739690721649485,1.048419,189.35,143.17,3.4547,92555.69,27.9203,3.1937,7.3224
2023-09-30,137022000000.0,85397000000.0,85282000000.0,111510000000.0,25459000000.0,21042000000.0,,837000000.0,7237000000.0,,2769000000.0,1995000000.0,557000000.0,330000000.0,3.55,562000000.0,2573000000.0,104000000.0,836000000.0,2469000000.0,21042000000.0,,25.7796,6.4891,3.55,3605000000.0,0.07836128677481441,0.014559705740683979,0.2756667127262678,,0.3826171065358574,0.020208433682182423,0.05954710651383841,0.34116346552438853,0.4981345861544839,0.8265053615617267,1.0013484674374429,9563000000.0,2660000000.0,3673000000.0,3450000000.0,4795000000.0,893000000.0,4.749999999999999,4.749999999999999,4.388321167883212,4.113101903695409,1.048419,189.35,143.17,3.4547,92555.69,27.9203,3.1937,7.3224
2023-12-31,136084000000.0,84973000000.0,84626000000.0,110298000000.0,25717000000.0,20659000000.0,,899000000.0,-4614000000.0,,-1968000000.0,-1736000000.0,-276000000.0,-256000000.0,-3.119999999999999,-1119000000.0,-1489000000.0,4000000.0,-408000000.0,-1493000000.0,20659000000.0,1.0041,31.0425,7.4229,-3.119999999999999,-2376000000.0,-0.06750398569039935,-0.012756826665882837,0.37624620719549196,,0.4265279583875163,-0.014461656035977778,-0.042435742625495945,0.32358040745557,0.5149544863459038,0.8033207605863826,1.0041003946777587,9903000000.0,2368000000.0,3694000000.0,3352000000.0,4909000000.0,808000000.0,4.19,4.19,4.2083927480138525,4.571782178217822,1.048419,189.35,143.17,3.4547,92555.69,27.9203,3.1937,7.3224
2024-03-31,131397000000.0,80542000000.0,80048000000.0,105108000000.0,26239000000.0,20068000000.0,,863000000.0,2801000000.0,,1063000000.0,767000000.0,241000000.0,181000000.0,1.33,575000000.0,1009000000.0,58000000.0,381000000.0,951000000.0,20068000000.0,,31.6843,7.6795,1.33,1444000000.0,0.029231296924425474,0.005837271779416577,0.2738307747233131,,0.379507318814709,0.00808998683379377,0.022955492690090052,0.3395215994287754,0.5155301677972153,0.7648157323068715,1.006171297221667,10232000000.0,2480000000.0,3788000000.0,3671000000.0,5124000000.0,873000000.0,4.3500000000000005,4.3500000000000005,3.916471506635441,4.3390607101947305,1.048419,189.35,143.17,3.4547,92555.69,27.9203,3.1937,7.3224
2024-06-30,137682000000.0,86991000000.0,87464000000.0,110938000000.0,26687000000.0,18573000000.0,,885000000.0,5698000000.0,,2129000000.0,1399000000.0,,403000000.0,2.43,575000000.0,2205000000.0,133000000.0,762000000.0,2072000000.0,18573000000.0,,33.9563,7.277,2.43,2891000000.0,0.052422527822535314,0.010161095858572652,0.2455247455247455,,0.37363987363987367,0.015463168751180256,0.04703932832523199,0.36363636363636365,0.5073710073710074,0.6959568329149024,0.994592060733559,11122000000.0,2425000000.0,3993000000.0,3999000000.0,5564000000.0,,4.190000000000001,4.190000000000001,3.3380661394680087,,1.048419,189.35,143.17,3.4547,92555.69,27.9203,3.1937,7.3224
2024-09-30,135201000000.0,84695000000.0,84562000000.0,107928000000.0,27233000000.0,18581000000.0,,755000000.0,8731000000.0,,3232000000.0,2056000000.0,,630000000.0,3.57,576000000.0,3103000000.0,212000000.0,1148000000.0,2891000000.0,18581000000.0,,37.9704,8.0925,3.57,4380000000.0,0.07549664010575405,0.01520698811399324,0.23548276257015233,,0.3701752376589165,0.023905148630557465,0.07054612127297333,0.3311190012598786,0.5016607490550911,0.6822972129401829,1.0015728104822497,12616000000.0,2486000000.0,4456000000.0,4421000000.0,6339000000.0,,4.210000000000001,4.210000000000001,2.9312194352421517,,1.048419,189.35,143.17,3.4547,92555.69,27.9203,3.1937,7.3224
2024-12-31,139428000000.0,89095000000.0,89553000000.0,111708000000.0,27647000000.0,17341000000.0,,844000000.0,-5469000000.0,,-2115000000.0,-1468000000.0,,-388000000.0,-2.55,-1150000000.0,-1708000000.0,3000000.0,-754000000.0,-1711000000.0,17341000000.0,0.9949,31.0668,7.2747,-2.55,-2869000000.0,-0.05309798531486237,-0.010528731675129816,0.2684220149936003,,0.3867251782775645,-0.015169119545571909,-0.04701253667644705,0.3128542695191077,0.5245931614554763,0.6272289941042428,0.9948857101381305,11761000000.0,2754000000.0,4309000000.0,4203000000.0,5846000000.0,,4.78,4.78,2.9663017447827573,,1.048419,189.35,143.17,3.4547,92555.69,27.9203,3.1937,7.3224
2025-03-31,142870000000.0,92644000000.0,92720000000.0,114827000000.0,27974000000.0,17349000000.0,,783000000.0,3229000000.0,,1221000000.0,797000000.0,,255000000.0,1.38,577000000.0,966000000.0,85000000.0,389000000.0,881000000.0,17349000000.0,,35.5966,8.1304,1.38,1610000000.0,0.02849074140273111,0.005578497935185833,0.24682564261381232,,0.37813564571074637,0.00854623083922447,0.02693996425655848,0.2728398885103747,0.49860637968411275,0.6201830270965897,0.9991803278688525,12189000000.0,2784000000.0,4467000000.0,4133000000.0,6012000000.0,,4.83,4.83,2.8857285429141717,,1.048419,189.35,143.17,3.4547,92555.69,27.9203,3.1937,7.3224
2025-06-30,144175000000.0,93969000000.0,93443000000.0,115648000000.0,28444000000.0,17358000000.0,,1003000000.0,6491000000.0,,2518000000.0,1648000000.0,,522000000.0,2.86,576000000.0,2472000000.0,145000000.0,784000000.0,2327000000.0,17358000000.0,,35.046,8.3832,2.86,3302000000.0,0.057938405287582616,0.011430553147216924,0.25389000154059466,,0.38792173779078726,0.01746488642275013,0.054975765250425745,0.35849637960252656,0.5087043598829148,0.610251722683167,1.0056291000931048,12982000000.0,3033000000.0,4856000000.0,4388000000.0,6423000000.0,,5.26,5.26,2.7024754787482483,,1.048419,189.35,143.17,3.4547,92555.69,27.9203,3.1937,7.3224
2025-09-30,140901000000.0,90846000000.0,89780000000.0,112192000000.0,28644000000.0,17366000000.0,,850000000.0,9498000000.0,,3692000000.0,2464000000.0,,772000000.0,4.28,576000000.0,3387000000.0,207000000.0,1171000000.0,3180000000.0,17366000000.0,,30.5003,7.6981,4.28,4863000000.0,0.08602150537634409,0.01748745573132909,0.25942303642872183,,0.388713413350179,0.02620279487015706,0.08024342534231689,0.33480732785849654,0.5120025268477574,0.6062700740120095,1.011873468478503,13749000000.0,3441000000.0,5316000000.0,4677000000.0,6906000000.0,,5.970000000000001,5.970000000000001,2.5146249637995948,,1.048419,189.35,143.17,3.4547,92555.69,27.9203,3.1937,7.3224
2025-12-31,136887000000.0,85778000000.0,84116000000.0,107896000000.0,28915000000.0,18609000000.0,,837000000.0,-6578000000.0,,-2502000000.0,-1594000000.0,,-573000000.0,-2.75,-1154000000.0,-2163000000.0,-64000000.0,-784000000.0,-2227000000.0,18609000000.0,1.0198,27.8571,7.3059,-2.75,-3286000000.0,-0.05512709666263185,-0.011644641200406175,0.24232289449680755,,0.3803587716631195,-0.0182778496131846,-0.052647083578823334,0.3385527515962299,0.49954393432654304,0.643575998616635,1.0197584288363688,12640000000.0,3315000000.0,4929000000.0,4161000000.0,6489000000.0,,5.769999999999999,5.769999999999999,2.8677762367082757,,1.048419,189.35,143.17,3.4547,92555.69,27.9203,3.1937,7.3224
