report_date,total_assets,current_assets,current_liabilities,total_liabilities,total_equity,long_term_debt,short_term_debt,cash,shares_outstanding,revenue,gross_profit,operating_income,net_income,interest_expense,income_tax,eps_diluted,shares_diluted,operating_cash_flow,depreciation,total_debt,bf_current_ratio,bf_pe,bf_ps,eps,ebitda,roe,roa,net_margin,gross_margin,operating_margin,roi,roic,ebitda_margin,debt_equity,current_ratio,revenue_ttm,net_income_ttm,operating_income_ttm,gross_profit_ttm,ebitda_ttm,interest_expense_ttm,eps_diluted_ttm,eps_ttm,debt_to_ebitda,interest_coverage,bf_beta,bf_52w_high,bf_52w_low,bf_10d_avg_vol,bf_market_cap,bf_pe_ttm,bf_pb_annual,bf_ps_ttm
2010-06-30,2130742000.0,800533000.0,195650000.0,,1289898000.0,,27080000.0,190477000.0,,1188197000.0,544556000.0,159538000.0,91842000.0,14431000.0,55517000.0,0.63,145307000.0,101191000.0,20011000.0,27080000.0,,17.4078,1.23,0.63,179549000.0,0.07120097868203533,0.04310329453307815,0.07729526332754585,0.45830447307980077,0.1342689806488318,0.07487438648132903,0.12113945715114452,0.1511104640055479,0.020993908045442353,4.091658573984155,,,,,,,,,,,0.88559794,43.47,27.64,3.41795,7192.171,11.8879,1.1825,0.5168
2010-09-30,2205449000.0,821500000.0,225292000.0,,1336911000.0,,39880000.0,168678000.0,,1795818000.0,805980000.0,224745000.0,127743000.0,21617000.0,77911000.0,0.88,145470000.0,144563000.0,30389000.0,39880000.0,,18.0572,1.2662,0.88,255134000.0,0.09555086314646226,0.05792153887938465,0.07113360039825863,0.4488094005071783,0.12514909640063748,0.10190441946288488,0.16323828380632935,0.14207118984217776,0.02982995876314878,3.646378921577331,,,,,,,,,,,0.88559794,43.47,27.64,3.41795,7192.171,11.8879,1.1825,0.5168
2010-12-31,2299509000.0,836876000.0,225321000.0,,1414161000.0,,52888000.0,95689000.0,,2469881000.0,1093480000.0,297877000.0,169071000.0,29765000.0,103007000.0,1.16,,159183000.0,41428000.0,52888000.0,3.72,19.3815,1.3285,1.16,339305000.0,0.11955569415363597,0.07352482638685041,0.06845309551350855,0.4427257831450179,0.12060378617431367,0.12953939297476114,0.20304502439932137,0.13737706391522506,0.037398853454451084,3.714150034839185,,,,,,,,,,,0.88559794,43.47,27.64,3.41795,7192.171,11.8879,1.1825,0.5168
2011-03-31,2355379000.0,852117000.0,208272000.0,,1485370000.0,,14817000.0,64517000.0,,786648000.0,343646000.0,107371000.0,58182000.0,6409000.0,37541000.0,0.39,147920000.0,77315000.0,11926000.0,14817000.0,,20.2495,1.325,0.39,119297000.0,0.039170038441600406,0.02470175712698466,0.07396192452024285,0.43684850148986587,0.13649179811046364,0.04558544506000945,0.0715717440559077,0.15165232734336068,0.00997529235140066,4.091366098179304,6240544000.0,446838000.0,789531000.0,2787662000.0,893285000.0,72222000.0,3.06,3.06,0.0165870914657696,10.93200132923486,0.88559794,43.47,27.64,3.41795,7192.171,11.8879,1.1825,0.5168
2011-06-30,2417714000.0,890376000.0,193469000.0,,1535702000.0,,,42256000.0,,1546332000.0,665882000.0,185857000.0,104888000.0,11080000.0,66647000.0,0.71,148007000.0,101080000.0,24797000.0,0.0,,20.8673,1.3459,0.71,210654000.0,0.06829970918837118,0.04338312968365986,0.06783019429204078,0.43062033250298126,0.12019217089214994,0.07687302964701366,0.12102413098374555,0.13622818385702423,0.0,4.602163654125467,6598679000.0,459884000.0,815850000.0,2908988000.0,924390000.0,68871000.0,3.14,3.14,0.0,11.846060025264626,0.88559794,43.47,27.64,3.41795,7192.171,11.8879,1.1825,0.5168
2011-09-30,2538012000.0,936590000.0,227526000.0,2538012000.0,1579723000.0,613691000.0,,45112000.0,,2330230000.0,1000204000.0,271345000.0,154119000.0,15927000.0,97434000.0,1.04,148144000.0,159182000.0,38308000.0,613691000.0,,18.0775,1.1776,1.04,309653000.0,0.09756077489534558,0.06072429917589042,0.06613896482321488,0.4292297326873313,0.11644558691631299,0.10691241806579323,0.12370897605285641,0.13288516584199844,0.3884801322763548,4.116408674173501,7133091000.0,486260000.0,862450000.0,3103212000.0,978909000.0,63181000.0,3.3,3.3,0.6269132268678702,13.650464538389706,0.88559794,43.47,27.64,3.41795,7192.171,11.8879,1.1825,0.5168
2011-12-31,3199704000.0,1149735000.0,397693000.0,3199704000.0,1644085000.0,926552000.0,,48247000.0,,-1393348000.0,-617739000.0,-203090000.0,-106925000.0,-9109000.0,-76115000.0,-0.7200000000000002,,-125805000.0,-20526000.0,926552000.0,2.8894,21.518,1.3833,-0.7200000000000002,-223616000.0,-0.06503617513693027,-0.03341715358670677,0.07673962283650602,0.4433486824540603,0.14575683892322663,-0.0634714961133905,-0.07900376443659685,0.1604882628029753,0.563566968861099,2.891011408297355,3269862000.0,210264000.0,361483000.0,1391993000.0,415988000.0,24307000.0,1.42,1.42,2.2273527120974643,14.871559633027523,0.88559794,43.47,27.64,3.41795,7192.171,11.8879,1.1825,0.5168
2012-03-31,3260001000.0,1174278000.0,457074000.0,3260001000.0,1745085000.0,856068000.0,,55169000.0,,1031777000.0,447383000.0,133608000.0,80991000.0,7367000.0,47106000.0,0.54,,110155000.0,16257000.0,856068000.0,,19.8712,1.3172,0.54,149865000.0,0.04641091981192893,0.024843857409859692,0.07849661312473528,0.4336043544293001,0.1294930978302482,0.04098403650796426,0.051364913943931785,0.14524940951387752,0.4905594856411006,2.569120098714869,3514991000.0,233073000.0,387720000.0,1495730000.0,446556000.0,25265000.0,1.5699999999999998,1.5699999999999998,1.917045118641335,15.346131011280427,0.88559794,43.47,27.64,3.41795,7192.171,11.8879,1.1825,0.5168
2012-06-30,3425409000.0,1253007000.0,445322000.0,3425409000.0,1813728000.0,954067000.0,,59353000.0,,2038308000.0,869314000.0,242175000.0,144989000.0,14723000.0,84307000.0,0.97,,121012000.0,33446000.0,954067000.0,,19.8777,1.3226,0.97,275621000.0,0.07993977046172304,0.04232750016129461,0.0711320369639917,0.42648804792994977,0.11881177918155647,0.07069958653112665,0.08749744832980766,0.13522048679591112,0.5260254018243088,2.81371007944813,4006967000.0,273174000.0,444038000.0,1699162000.0,511523000.0,28908000.0,1.83,1.83,1.8651497586618784,15.360384668603846,0.88559794,43.47,27.64,3.41795,7192.171,11.8879,1.1825,0.5168
2012-09-30,3502575000.0,1296349000.0,464519000.0,3502575000.0,1888641000.0,929743000.0,,69214000.0,,3055015000.0,1279019000.0,333609000.0,199037000.0,22687000.0,113511000.0,0.66,,182072000.0,51574000.0,929743000.0,,21.5666,1.3773,0.66,385183000.0,0.1053863598216919,0.05682590665438998,0.0651509076060183,0.41866210149541,0.10920044582432492,0.09524678272413867,0.11836889508313984,0.12608219599576434,0.492281487058684,2.790734071157477,4731752000.0,318092000.0,506302000.0,1977977000.0,587053000.0,35668000.0,1.45,1.45,1.583746271631352,14.194852528877425,0.88559794,43.47,27.64,3.41795,7192.171,11.8879,1.1825,0.5168
2012-12-31,3723456000.0,1384351000.0,487944000.0,3723456000.0,1964094000.0,1046762000.0,,59770000.0,,-2002170000.0,-871576000.0,-271439000.0,-163792000.0,-13348000.0,-96982000.0,-1.2999999999999998,,-207049000.0,-31112000.0,1046762000.0,2.8361,22.9385,1.5211,-1.2999999999999998,-302551000.0,-0.08339315735397593,-0.04398924010381753,0.08180723914552711,0.4353156824845043,0.13557240394172324,-0.07289974690180305,-0.09015343144939512,0.15111154397478735,0.5329490340075373,2.837110406112177,4122930000.0,261225000.0,437953000.0,1724140000.0,508118000.0,31429000.0,0.8700000000000001,0.8700000000000001,2.0600765963811556,13.934678163479589,0.88559794,43.47,27.64,3.41795,7192.171,11.8879,1.1825,0.5168
2013-03-31,3722699000.0,1399562000.0,504739000.0,,2041229000.0,,,62997000.0,,1195997000.0,501949000.0,141588000.0,84592000.0,,47176000.0,0.0,,106433000.0,19040000.0,0.0,,23.073,1.4908,0.0,160628000.0,0.041441700073828074,0.022723298338114362,0.07072927440453446,0.4196908520673547,0.11838491233673663,0.03803369544515955,0.06936409388657519,0.1343046847107476,0.0,2.7728429941019024,4287150000.0,264826000.0,445933000.0,1778706000.0,518881000.0,,0.3300000000000003,0.3300000000000003,0.0,,0.88559794,43.47,27.64,3.41795,7192.171,11.8879,1.1825,0.5168
2013-06-30,4218315000.0,1658490000.0,559110000.0,,2137653000.0,,,161590000.0,,2447745000.0,1011822000.0,272966000.0,160314000.0,,87892000.0,0.0,,209490000.0,39711000.0,0.0,,27.4668,1.7496,0.0,312677000.0,0.07499533366734451,0.0380042742184972,0.06549456744881513,0.4133690396671222,0.11151733534334664,0.06470972414340798,0.1276942515927515,0.12774083901713618,0.0,2.9663035896335246,4696587000.0,280151000.0,476724000.0,1921214000.0,555937000.0,,-0.6399999999999997,-0.6399999999999997,0.0,,0.88559794,43.47,27.64,3.41795,7192.171,11.8879,1.1825,0.5168
2013-09-30,4361059000.0,1675651000.0,642513000.0,,2254106000.0,,,107337000.0,,3745839000.0,1529729000.0,396361000.0,233759000.0,,123492000.0,0.0,,340929000.0,61868000.0,0.0,,31.0888,1.9898,0.0,458229000.0,0.10370364126620488,0.053601430294797664,0.06240497789680763,0.40838087274973645,0.10581367752324645,0.0908864108465398,0.17583955679102936,0.12233013752059285,0.0,2.6079643524722456,5387411000.0,314873000.0,539476000.0,2171924000.0,628983000.0,,-1.2999999999999998,-1.2999999999999998,0.0,,0.88559794,43.47,27.64,3.41795,7192.171,11.8879,1.1825,0.5168
2013-12-31,4518774000.0,1799817000.0,677953000.0,,2350745000.0,,,150488000.0,,-2327053000.0,-968098000.0,-280735000.0,-167042000.0,51184000.0,-94356000.0,,,-228796000.0,-34156000.0,0.0,2.6549,31.7407,1.9537,,-314891000.0,-0.07105917485733246,-0.03696622136889342,0.07178263666534454,0.41601888740823695,0.12063971039765746,-0.06212636436343132,-0.11942384222874025,0.1353175024376325,0.0,2.6547813786501426,5062528000.0,311623000.0,530180000.0,2075402000.0,616643000.0,,,,0.0,,0.88559794,43.47,27.64,3.41795,7192.171,11.8879,1.1825,0.5168
2014-03-31,5209828000.0,2093481000.0,775915000.0,,2471027000.0,,,113246000.0,,1625777000.0,651884000.0,173834000.0,104653000.0,,54021000.0,,,97009000.0,27846000.0,0.0,,23.9757,1.448,,201680000.0,0.04235202610088842,0.02008761133764877,0.06437106688063615,0.40096766038638754,0.10692364327949036,0.03336655260020101,0.07034888732498673,0.12405145355113278,0.0,2.6980803309640877,5492308000.0,331684000.0,562426000.0,2225337000.0,657695000.0,,,,0.0,,0.88559794,43.47,27.64,3.41795,7192.171,11.8879,1.1825,0.5168
2014-06-30,5498845000.0,2240726000.0,750208000.0,,2602516000.0,,,109564000.0,,3334909000.0,1322943000.0,347430000.0,209535000.0,,108362000.0,,,152204000.0,58893000.0,0.0,,22.3481,1.3556,,406323000.0,0.0805124733142851,0.03810527483498807,0.06283079988089631,0.3966953820928847,0.10417975423017539,0.06318235920452386,0.13349773834243478,0.12183930655978918,0.0,2.986806325712336,6379472000.0,380905000.0,636890000.0,2536458000.0,751341000.0,,,,0.0,,0.88559794,43.47,27.64,3.41795,7192.171,11.8879,1.1825,0.5168
2014-09-30,5534578000.0,2345538000.0,771388000.0,,2667694000.0,,,244646000.0,,5055933000.0,1987354000.0,503618000.0,301050000.0,,155926000.0,,,322642000.0,90647000.0,0.0,,21.2342,1.2629,,594265000.0,0.11285027443177516,0.05439439104480956,0.05954390613957899,0.3930736423920175,0.09960931048730273,0.09099483284904468,0.18878402095592672,0.11753814775630927,0.0,3.040672139053239,7689566000.0,448196000.0,744147000.0,2994083000.0,887377000.0,,,,0.0,,0.88559794,43.47,27.64,3.41795,7192.171,11.8879,1.1825,0.5168
2014-12-31,5573492000.0,2317417000.0,750696000.0,,2720657000.0,,,114605000.0,,-3276555000.0,-1310268000.0,-375014000.0,-233719000.0,64542000.0,-114045000.0,,,-200958000.0,-51949000.0,0.0,3.0013,22.3613,1.266,,-426963000.0,-0.08590535300848287,-0.04193403345694226,0.07133071167735625,0.3998919596954728,0.11445374791511206,-0.06728528541890794,-0.1378394997972916,0.13030851000517313,0.0,3.0870245745281713,6740064000.0,381519000.0,649868000.0,2651913000.0,775305000.0,,,,0.0,,0.88559794,43.47,27.64,3.41795,7192.171,11.8879,1.1825,0.5168
2015-03-31,5522466000.0,2337179000.0,772314000.0,,2779907000.0,,,175492000.0,,1773912000.0,699479000.0,185926000.0,107095000.0,,60098000.0,,,180145000.0,30669000.0,0.0,,20.2432,1.1285,,216595000.0,0.03852467006989802,0.019392604680590158,0.06037221688561777,0.39431437410649456,0.1048112871438944,0.03366720591851539,0.06688209353766152,0.12210019437266335,0.0,3.026203072843429,6888199000.0,383961000.0,661960000.0,2699508000.0,790220000.0,,,,0.0,,0.88559794,43.47,27.64,3.41795,7192.171,11.8879,1.1825,0.5168
2015-06-30,5634542000.0,2372621000.0,726365000.0,,2954093000.0,,,143423000.0,,3611982000.0,1423423000.0,386211000.0,226817000.0,,124780000.0,,,282699000.0,61714000.0,0.0,,23.0698,1.3111,,447925000.0,0.07678058883048029,0.04025473587737921,0.0627957171436624,0.3940836360757058,0.10692495145324644,0.06854345925542839,0.13073759018419528,0.1240108616266637,0.0,3.266430788928431,7165272000.0,401243000.0,700741000.0,2799988000.0,831822000.0,,,,0.0,,0.88559794,43.47,27.64,3.41795,7192.171,11.8879,1.1825,0.5168
2015-09-30,5704032000.0,2387143000.0,797698000.0,,3036713000.0,,,137086000.0,,5443714000.0,2136202000.0,552956000.0,328163000.0,,177255000.0,,,491323000.0,94688000.0,0.0,,21.2022,1.2154,,647644000.0,0.10806520076148125,0.05753175999012628,0.06028292448868548,0.39241628050261274,0.10157697483739961,0.09694125138147892,0.18209030619620623,0.1189709819435775,0.0,2.9925397832262335,7553053000.0,428356000.0,750079000.0,2948836000.0,885201000.0,,,,0.0,,0.88559794,43.47,27.64,3.41795,7192.171,11.8879,1.1825,0.5168
2015-12-31,5647837000.0,2340712000.0,751970000.0,,3114682000.0,,,87397000.0,,-3636975000.0,-1425575000.0,-420466000.0,-238852000.0,57860000.0,-142430000.0,,,-424330000.0,-58879000.0,0.0,3.113,21.3885,1.2585,,-479345000.0,-0.076685838233245,-0.0422908805618859,0.06567325868338386,0.39196722551021107,0.11560871328507895,-0.07444726184555256,-0.13499484056478317,0.13179771650891195,0.0,3.1127731159487744,7192633000.0,423223000.0,704627000.0,2833529000.0,832819000.0,,,,0.0,,0.88559794,43.47,27.64,3.41795,7192.171,11.8879,1.1825,0.5168
2016-03-31,7356857000.0,2993887000.0,1049410000.0,,3234409000.0,,,229220000.0,,1921476000.0,760437000.0,185672000.0,107732000.0,,57567000.0,,,130207000.0,33166000.0,0.0,,22.8331,1.3323,,218838000.0,0.03330809430718255,0.014643753439818118,0.0560673149183232,0.39575669953723075,0.09662988244453743,0.025237951478464242,0.05740523230055321,0.11389057162306476,0.0,2.8529240239753766,7340197000.0,423860000.0,704373000.0,2894487000.0,835062000.0,,,,0.0,,0.88559794,43.47,27.64,3.41795,7192.171,11.8879,1.1825,0.5168
2016-06-30,8185944000.0,3298428000.0,1168382000.0,,3307639000.0,,,273203000.0,,4372169000.0,1682384000.0,428856000.0,248469000.0,,132441000.0,,,355230000.0,90882000.0,0.0,,21.5443,1.2457,,519738000.0,0.07511974553450361,0.030353127263025498,0.05682968796494372,0.3847939089271252,0.09808769972066496,0.052389315148014697,0.1296562291108552,0.1188741789258375,0.0,2.8230732756923675,8100384000.0,445512000.0,747018000.0,3153448000.0,906875000.0,,,,0.0,,0.88559794,43.47,27.64,3.41795,7192.171,11.8879,1.1825,0.5168
2016-09-30,8203952000.0,3295541000.0,1149208000.0,,3427277000.0,,,271851000.0,,6758999000.0,2565796000.0,631854000.0,377644000.0,,182751000.0,,,524151000.0,150370000.0,0.0,,23.0615,1.3325,,782224000.0,0.11018776713991894,0.04603196118163539,0.05587277050936093,0.3796118330539774,0.09348336935691216,0.07701824681568102,0.1843603537152089,0.11573074652030574,0.0,2.8676627729706023,9415669000.0,494993000.0,825916000.0,3583042000.0,1041455000.0,,,,0.0,,0.88559794,43.47,27.64,3.41795,7192.171,11.8879,1.1825,0.5168
2016-12-31,8303199000.0,3567594000.0,1210785000.0,,3442949000.0,,,227400000.0,,-4468613000.0,-1656914000.0,-482984000.0,-269870000.0,88263000.0,-152193000.0,1.0,,-374574000.0,-76084000.0,0.0,2.9463,20.5648,1.1554,1.0,-559068000.0,-0.07838338587065914,-0.03250193088230211,0.06039234097918079,0.37078932545736226,0.10808364922180551,-0.05816842400139994,-0.14028206633325094,0.12510996141308275,0.0,2.9465132125026328,8584031000.0,463975000.0,763398000.0,3351703000.0,961732000.0,,,,0.0,,0.88559794,43.47,27.64,3.41795,7192.171,11.8879,1.1825,0.5168
2017-03-31,8122246000.0,3318126000.0,1159701000.0,,3606871000.0,,,264614000.0,,2342843000.0,930093000.0,235692000.0,136278000.0,,72155000.0,0.0,,172293000.0,50604000.0,0.0,,18.4869,1.0396,0.0,286296000.0,0.03778288716175322,0.01677836401409167,0.058167790159221085,0.39699331111815855,0.1006008511880651,0.029018081944329192,0.06534528127010919,0.122200249867362,0.0,2.861190944907351,9005398000.0,492521000.0,813418000.0,3521359000.0,1029190000.0,,,,0.0,,0.88559794,43.47,27.64,3.41795,7192.171,11.8879,1.1825,0.5168
2017-06-30,8430942000.0,3500735000.0,1221660000.0,,3856685000.0,,,303544000.0,,4801254000.0,1895102000.0,480265000.0,287192000.0,48584000.0,148017000.0,0.0,,362097000.0,106606000.0,0.0,,20.4716,1.1499,0.0,586871000.0,0.0744660245781027,0.03406404646123767,0.05981603972628818,0.394709798731748,0.10002907573729697,0.056964571693174974,0.12452793007466256,0.12223285833242732,0.0,2.8655558829788976,9434483000.0,531244000.0,864827000.0,3734077000.0,1096323000.0,,,,0.0,,0.88559794,43.47,27.64,3.41795,7192.171,11.8879,1.1825,0.5168
2017-09-30,8863938000.0,3668373000.0,1302338000.0,,4041037000.0,,,275077000.0,309018211.0,7267054000.0,2851978000.0,679364000.0,409573000.0,73806000.0,206206000.0,1.0,,449243000.0,166508000.0,0.0,,22.5838,1.2318,1.0,845872000.0,0.10135343972351651,0.046206663449135134,0.056360252724143786,0.39245311786591924,0.09348547568244298,0.0766435866315852,0.16811625332804425,0.11639819932533871,0.0,2.816759550899997,9942538000.0,563173000.0,912337000.0,4020259000.0,1159971000.0,,2.0,2.0,0.0,,0.88559794,43.47,27.64,3.41795,7192.171,11.8879,1.1825,0.5168
2017-12-31,9366872000.0,3822134000.0,1322724000.0,,4198169000.0,,,279766000.0,,-4674242000.0,-1877550000.0,-548003000.0,-299299000.0,-20750000.0,-190818000.0,0.0,,-464733000.0,-93515000.0,0.0,2.8889,23.946,1.3128,0.0,-641518000.0,-0.07129274690942647,-0.031952929430443804,0.06403155848584648,0.4016801012870108,0.11723890205085659,-0.05850437584713446,-0.13053381128773045,0.13724535443393818,0.0,2.889592991432831,9736909000.0,533744000.0,847318000.0,3799623000.0,1077521000.0,,1.0,1.0,0.0,,0.88559794,43.47,27.64,3.41795,7192.171,11.8879,1.1825,0.5168
2018-03-31,9636178000.0,4039143000.0,1474788000.0,,4406587000.0,,,245679000.0,,2720764000.0,1053971000.0,226568000.0,152960000.0,28515000.0,49584000.0,0.0,,145163000.0,61066000.0,0.0,,20.8945,1.1372,0.0,287634000.0,0.03471167141372677,0.015873513336926735,0.05621950305134881,0.38738052988057764,0.08327366871952142,0.02351222652798651,0.05141575554958974,0.10571809976903546,0.0,2.7387956777516496,10114830000.0,550426000.0,838194000.0,3923501000.0,1078859000.0,130155000.0,1.0,1.0,0.0,6.439967730782529,0.88559794,43.47,27.64,3.41795,7192.171,11.8879,1.1825,0.5168
2018-06-30,11548631000.0,4593606000.0,1788308000.0,,4719472000.0,,,345202000.0,,5751515000.0,2215850000.0,483362000.0,309967000.0,66787000.0,110359000.0,0.0,,328669000.0,129504000.0,0.0,,17.6667,0.9201,0.0,612866000.0,0.06567832164276004,0.026840151010106738,0.05389310468633047,0.385263708779339,0.08404081359433123,0.04185448474368953,0.10241866039251848,0.10655731576810631,0.0,2.5686883914851357,11065091000.0,573201000.0,841291000.0,4244249000.0,1104854000.0,148358000.0,1.0,1.0,0.0,5.670681729330403,0.88559794,43.47,27.64,3.41795,7192.171,11.8879,1.1825,0.5168
2018-09-30,11585336000.0,4593060000.0,1735680000.0,,4840460000.0,,,341346000.0,,8873893000.0,3413048000.0,718095000.0,444069000.0,107647000.0,156427000.0,1.0,,521167000.0,210977000.0,0.0,,17.7044,0.8869,1.0,929072000.0,0.09174107419542771,0.038330265086830455,0.050042185543594,0.3846167629021445,0.08092220629660511,0.0619830965627583,0.14835263590650474,0.10469722815003517,0.0,2.6462596792035398,12671930000.0,607697000.0,880022000.0,4805319000.0,1188054000.0,182199000.0,1.0,1.0,0.0,4.830004555458592,0.88559794,43.47,27.64,3.41795,7192.171,11.8879,1.1825,0.5168
2018-12-31,11393402000.0,4520949000.0,1690348000.0,,4782298000.0,,,331761000.0,,-5469498000.0,-2108012000.0,-545784000.0,-426878000.0,-56572000.0,-124975000.0,0.0,,-284260000.0,-107470000.0,0.0,2.6751,15.6262,0.6317,0.0,-653254000.0,-0.08926210788202658,-0.03746712351587349,0.07804701638066236,0.38541233583045464,0.0997868542963175,-0.04790351468332286,-0.11412588675987988,0.11943582390925091,0.0,2.6745670122365337,11876674000.0,480118000.0,882241000.0,4574857000.0,1176318000.0,146377000.0,1.0,1.0,0.0,6.027183232338414,0.88559794,43.47,27.64,3.41795,7192.171,11.8879,1.1825,0.5168
2019-03-31,12665910000.0,4644770000.0,1971488000.0,12665910000.0,4799482000.0,,,316066000.0,,3100303000.0,1208264000.0,222400000.0,98048000.0,,51550000.0,0.31,,177225000.0,76207000.0,0.0,,21.5741,0.7483,0.31,298607000.0,0.02042887128235922,0.007741094007457814,0.031625295979134944,0.3897244882193773,0.07173492397356,0.01755894365268662,0.046338334011878785,0.09631542465365482,0.0,2.355971733026019,12256213000.0,425206000.0,878073000.0,4729150000.0,1187291000.0,,1.31,1.31,0.0,,0.88559794,43.47,27.64,3.41795,7192.171,11.8879,1.1825,0.5168
2019-06-30,12704236000.0,4631849000.0,2106946000.0,,4840489000.0,,,,,6348476000.0,2455451000.0,458511000.0,248609000.0,,107375000.0,0.0,,638404000.0,152361000.0,0.0,,20.0078,0.6716,0.0,610872000.0,0.051360306778922546,0.019568984707148074,0.03916042212335685,0.38677802357605195,0.07222379040261001,0.0360911903714635,0.09472410741972558,0.0962234085786888,0.0,2.1983710071354463,12853174000.0,363848000.0,853222000.0,4968751000.0,1185297000.0,,1.31,1.31,0.0,,0.88559794,43.47,27.64,3.41795,7192.171,11.8879,1.1825,0.5168
2019-09-30,12411690000.0,4483858000.0,2054051000.0,,4817767000.0,,,,,9496249000.0,3655780000.0,689875000.0,400872000.0,,165122000.0,1.0,,965171000.0,230239000.0,0.0,,22.0562,0.771,1.0,920114000.0,0.08320701270941497,0.03229793847574343,0.04221372038580707,0.3849709501088272,0.07264710518858551,0.05558268052134721,0.14319393196059502,0.0968923624475306,0.0,2.1829341140994063,13475530000.0,320651000.0,825002000.0,5211483000.0,1176339000.0,,1.31,1.31,0.0,,0.88559794,43.47,27.64,3.41795,7192.171,11.8879,1.1825,0.5168
2019-12-31,12779956000.0,4687819000.0,2178512000.0,,5008876000.0,,,,,-6438919000.0,-2467701000.0,-474143000.0,-206269000.0,138504000.0,-108717000.0,-0.31000000000000005,,-716767000.0,-144401000.0,0.0,2.1514,20.2296,0.8756,-0.31000000000000005,-618544000.0,-0.04118069602841037,-0.016140039918760285,0.03203472508351169,0.38324771595977525,0.07363704994580612,-0.0371005189689229,-0.09466055857641514,0.09606332988503194,0.0,2.1518444699868535,12506109000.0,541260000.0,896643000.0,4851794000.0,1211049000.0,,1.0,1.0,0.0,,0.88559794,43.47,27.64,3.41795,7192.171,11.8879,1.1825,0.5168
2020-03-31,12354070000.0,4442664000.0,1938968000.0,,4957835000.0,,,,,3000935000.0,1213876000.0,241849000.0,145136000.0,,60411000.0,0.0,,194563000.0,71379000.0,0.0,,10.5946,0.5025,0.0,313228000.0,0.02927406821727629,0.011748031215623678,0.048363593346740265,0.4044992643959299,0.08059121573776173,0.01957646346507669,0.04878117162027377,0.10437680256320113,0.0,2.29125184118562,12406741000.0,588348000.0,916092000.0,4857406000.0,1225670000.0,,0.69,0.69,0.0,,0.88559794,43.47,27.64,3.41795,7192.171,11.8879,1.1825,0.5168
2020-06-30,12035299000.0,4106973000.0,1949768000.0,,5118506000.0,,,,,5627258000.0,2224880000.0,422302000.0,263928000.0,,102280000.0,0.0,,913052000.0,144309000.0,0.0,,14.3114,0.6759,0.0,566611000.0,0.0515634835633679,0.0219294925701472,0.046901705946306355,0.3953755097065036,0.07504578606490052,0.03508861724166554,0.0825049340569299,0.10069042507025625,0.0,2.1063906064721545,11685523000.0,603667000.0,879883000.0,4626835000.0,1181409000.0,,0.69,0.69,0.0,,0.88559794,43.47,27.64,3.41795,7192.171,11.8879,1.1825,0.5168
2020-09-30,12161212000.0,4102508000.0,1926495000.0,,5388188000.0,,,,,8674942000.0,3423422000.0,718304000.0,457411000.0,,180790000.0,1.0,,1134641000.0,220636000.0,0.0,,14.1171,0.7222,1.0,938940000.0,0.08489143288986947,0.03761228732794067,0.05272784532738086,0.39463341656924045,0.08280216743812235,0.059065165544355286,0.13331086443160484,0.1082358821534484,0.0,2.1295191526580655,10864216000.0,660206000.0,908312000.0,4394477000.0,1200235000.0,,0.69,0.69,0.0,,0.88559794,43.47,27.64,3.41795,7192.171,11.8879,1.1825,0.5168
2020-12-31,12360533000.0,4034032000.0,1988491000.0,,5655718000.0,,,,,-5674305000.0,-2268907000.0,-396878000.0,-228052000.0,103784000.0,-93983000.0,1.0899999999999999,,-798386000.0,-136827000.0,0.0,2.0292,16.7563,0.9199,1.0899999999999999,-533705000.0,-0.04032237816666248,-0.018450013441976977,0.040190296432778994,0.39985637007527797,0.06994301504765782,-0.032108485936650145,-0.07017287637042724,0.09405645272857205,0.0,2.028690097164131,11628830000.0,638423000.0,985577000.0,4593271000.0,1285074000.0,,2.09,2.09,0.0,,0.88559794,43.47,27.64,3.41795,7192.171,11.8879,1.1825,0.5168
2021-03-31,12665457000.0,4453946000.0,2436626000.0,,5842626000.0,,,,,3170786000.0,1293714000.0,371448000.0,265913000.0,,92969000.0,0.88,,522512000.0,71597000.0,0.0,,16.8614,1.085,0.88,443045000.0,0.04551258286941522,0.020995136614494054,0.08386343323075099,0.40801050591241417,0.11714697869865705,0.029327642895159645,0.06357552237641088,0.1397271843637508,0.0,1.8279153222529843,11798681000.0,759200000.0,1115176000.0,4673109000.0,1414891000.0,,2.9699999999999998,2.9699999999999998,0.0,,0.88559794,43.47,27.64,3.41795,7192.171,11.8879,1.1825,0.5168
2021-06-30,12438059000.0,4168534000.0,2278156000.0,,5877924000.0,,,,,6605900000.0,2709423000.0,816122000.0,570537000.0,,200688000.0,1.89,,933090000.0,142340000.0,0.0,,15.7379,1.1796,1.89,958462000.0,0.09706437170674544,0.04587025998188302,0.08636779242798105,0.4101519853464327,0.1235444072722869,0.06561490020267632,0.13884527938775662,0.14509181186515085,0.0,1.8297842641153634,12777323000.0,1065809000.0,1508996000.0,5157652000.0,1806742000.0,,4.859999999999999,4.859999999999999,0.0,,0.88559794,43.47,27.64,3.41795,7192.171,11.8879,1.1825,0.5168
2021-09-30,12460860000.0,4259398000.0,2322259000.0,,5901809000.0,,,,,9902511000.0,4052815000.0,1194276000.0,854592000.0,,290028000.0,2.85,,1362028000.0,212690000.0,0.0,,14.2002,1.1438,2.85,1406966000.0,0.14480170401990305,0.068582104284937,0.0863005352884738,0.40927144640384644,0.12060334999880333,0.09584218103726388,0.20235761611397454,0.14208174068173213,0.0,1.8341614781124758,14004892000.0,1462990000.0,1984968000.0,5787045000.0,2274768000.0,,6.71,6.71,0.0,,0.88559794,43.47,27.64,3.41795,7192.171,11.8879,1.1825,0.5168
2021-12-31,12606154000.0,4254368000.0,2165446000.0,,5771744000.0,,,,,-6590693000.0,-2733517000.0,-907474000.0,-600169000.0,72078000.0,-253094000.0,-1.96,,-1450583000.0,-142624000.0,0.0,1.9649,15.7938,1.3164,-1.96,-1050098000.0,-0.10398399513214723,-0.04760920737601651,0.091063109751888,0.414754108558842,0.13769022468502173,-0.07198658686860401,-0.15722700105895202,0.15933043763379662,0.0,1.9646613215014366,13088504000.0,1090873000.0,1474372000.0,5322435000.0,1758375000.0,,3.66,3.66,0.0,,0.88559794,43.47,27.64,3.41795,7192.171,11.8879,1.1825,0.5168
2022-03-31,12778000000.0,4682000000.0,2495000000.0,,5784000000.0,,,327000000.0,284700000.0,3348000000.0,1357000000.0,371000000.0,273000000.0,,89000000.0,0.95,,409000000.0,65000000.0,0.0,,11.7863,0.9756,0.95,436000000.0,0.04719917012448133,0.021364845828768197,0.08154121863799284,0.40531660692951016,0.11081242532855436,0.029034277664736267,0.06414246196403872,0.13022700119474312,0.0,1.8765531062124248,13265718000.0,1097960000.0,1473924000.0,5385721000.0,1751330000.0,,3.7300000000000004,3.7300000000000004,0.0,,0.88559794,43.47,27.64,3.41795,7192.171,11.8879,1.1825,0.5168
2022-06-30,12134000000.0,4331000000.0,2485000000.0,,5590000000.0,,,265000000.0,276600000.0,6689000000.0,2724000000.0,930000000.0,693000000.0,,216000000.0,2.44,,737000000.0,133000000.0,0.0,,11.1903,1.0309,2.44,1063000000.0,0.12397137745974955,0.05711224657985825,0.10360293018388399,0.40723576020331886,0.13903423531170578,0.07664414043184441,0.16636851520572452,0.15891762595305725,0.0,1.7428571428571429,13348818000.0,1220423000.0,1587802000.0,5400298000.0,1855868000.0,,4.279999999999999,4.279999999999999,0.0,,0.88559794,43.47,27.64,3.41795,7192.171,11.8879,1.1825,0.5168
2022-09-30,11666000000.0,4202000000.0,2351000000.0,,5262000000.0,,,269000000.0,270100000.0,9793000000.0,4000000000.0,1288000000.0,955000000.0,,304000000.0,3.0,,1010000000.0,197000000.0,0.0,,10.6902,0.9812,3.0,1485000000.0,0.1814899277841125,0.08186182067546717,0.09751863576023691,0.40845501889104463,0.13152251608291637,0.11040630893193897,0.24477385024705436,0.15163892576330032,0.0,1.7873245427477669,13239307000.0,1320831000.0,1681526000.0,5347483000.0,1933902000.0,,4.43,4.43,0.0,,0.88559794,43.47,27.64,3.41795,7192.171,11.8879,1.1825,0.5168
2022-12-31,12038000000.0,4258000000.0,2271000000.0,,5453000000.0,,,278000000.0,267300000.0,-7036000000.0,-2858000000.0,-1008000000.0,-772000000.0,-78000000.0,-224000000.0,-2.3899999999999997,,-906000000.0,-131000000.0,0.0,1.8749,12.4193,1.1154,-2.3899999999999997,-1139000000.0,-0.14157344580964606,-0.06413025419504902,0.10972143263217737,0.4061967026719727,0.14326321773735076,-0.08373483967436451,-0.18485237483953787,0.16188175099488344,0.0,1.8749449581682078,12794000000.0,1149000000.0,1581000000.0,5223000000.0,1845000000.0,,4.0,4.0,0.0,,0.88559794,43.47,27.64,3.41795,7192.171,11.8879,1.1825,0.5168
2023-03-31,12508000000.0,4623000000.0,2412000000.0,,5691000000.0,,,342000000.0,267600000.0,3349000000.0,1372000000.0,365000000.0,270000000.0,-36000000.0,94000000.0,1.0,,223000000.0,65000000.0,0.0,,13.2539,1.1871,1.0,430000000.0,0.047443331576172906,0.02158618484170131,0.08062108091967751,0.4096745297103613,0.10898775753956405,0.029181323952670292,0.06413635564927078,0.1283965362794864,0.0,1.9166666666666667,12795000000.0,1146000000.0,1575000000.0,5238000000.0,1839000000.0,,4.05,4.05,0.0,,0.88559794,43.47,27.64,3.41795,7192.171,11.8879,1.1825,0.5168
2023-06-30,14155000000.0,6156000000.0,3028000000.0,,5953000000.0,,,1904000000.0,267700000.0,6797000000.0,2786000000.0,772000000.0,,-88000000.0,203000000.0,2.0,,703000000.0,135000000.0,0.0,,15.4904,1.209,2.0,907000000.0,,,,0.4098867147270855,0.11357952037663675,0.05453903214411868,0.12968251301864606,0.1334412240694424,0.0,2.033025099075297,12903000000.0,,1417000000.0,5300000000.0,1683000000.0,,3.6100000000000003,3.6100000000000003,0.0,,0.88559794,43.47,27.64,3.41795,7192.171,11.8879,1.1825,0.5168
2023-09-30,15168000000.0,5286000000.0,3559000000.0,,5958000000.0,,,401000000.0,267900000.0,10365000000.0,4176000000.0,1080000000.0,,-150000000.0,263000000.0,2.0,,1144000000.0,219000000.0,0.0,,13.811,0.9847,2.0,1299000000.0,,,,0.4028943560057887,0.10419681620839363,0.07120253164556962,0.18126888217522658,0.12532561505065123,0.0,1.4852486653554369,13475000000.0,,1209000000.0,5476000000.0,1497000000.0,-352000000.0,2.6100000000000003,2.6100000000000003,0.0,3.434659090909091,0.88559794,43.47,27.64,3.41795,7192.171,11.8879,1.1825,0.5168
2023-12-31,15079000000.0,4868000000.0,3318000000.0,,6167000000.0,,,299000000.0,267200000.0,-6645000000.0,-2759000000.0,-860000000.0,,60000000.0,-254000000.0,-2.0,,-714000000.0,-100000000.0,0.0,1.4671,13.663,0.9223,-2.0,-960000000.0,,,,0.4151993980436418,0.1294206170052671,-0.0570329597453412,-0.1394519215177558,0.14446952595936793,0.0,1.467148884870404,13866000000.0,,1357000000.0,5575000000.0,1676000000.0,-214000000.0,3.0,3.0,0.0,6.341121495327103,0.88559794,43.47,27.64,3.41795,7192.171,11.8879,1.1825,0.5168
2024-03-31,15270000000.0,5202000000.0,3059000000.0,,6159000000.0,,,344000000.0,267000000.0,3703000000.0,1452000000.0,289000000.0,,-64000000.0,71000000.0,0.59,,253000000.0,100000000.0,0.0,,17.2319,0.9985,0.59,389000000.0,,,,0.3921145017553335,0.07804482851741831,0.018925998690242304,0.04692320181847703,0.10504995949230354,0.0,1.7005557371690094,14220000000.0,,1281000000.0,5655000000.0,1635000000.0,-242000000.0,2.59,2.59,0.0,5.293388429752066,0.88559794,43.47,27.64,3.41795,7192.171,11.8879,1.1825,0.5168
2024-06-30,15211000000.0,5085000000.0,2904000000.0,,6129000000.0,,,276000000.0,264200000.0,7414000000.0,2893000000.0,618000000.0,,-130000000.0,153000000.0,1.29,,466000000.0,200000000.0,0.0,,15.0609,0.757,1.29,818000000.0,,,,0.39020771513353114,0.08335581332613974,0.040628492538294654,0.10083210964268233,0.11033180469382249,0.0,1.7510330578512396,14837000000.0,,1127000000.0,5762000000.0,1546000000.0,-284000000.0,1.88,1.88,0.0,3.9683098591549295,0.88559794,43.47,27.64,3.41795,7192.171,11.8879,1.1825,0.5168
2024-09-30,15466000000.0,5145000000.0,2990000000.0,,6234000000.0,,,353000000.0,261200000.0,10998000000.0,4286000000.0,928000000.0,,-196000000.0,216000000.0,2.0,,886000000.0,300000000.0,0.0,,15.0023,0.7357,2.0,1228000000.0,,,,0.3897072194944535,0.08437897799599928,0.060002586318375795,0.14886108437600257,0.11165666484815422,0.0,1.7207357859531773,15470000000.0,,975000000.0,5872000000.0,1475000000.0,-330000000.0,1.88,1.88,0.0,2.9545454545454546,0.88559794,43.47,27.64,3.41795,7192.171,11.8879,1.1825,0.5168
2024-12-31,14955000000.0,4906000000.0,2862000000.0,,6017000000.0,,,234000000.0,259100000.0,-7760000000.0,-3020000000.0,-636000000.0,,,-167000000.0,-1.88,,-484000000.0,-194000000.0,0.0,1.7142,13.8457,0.6655,-1.88,-830000000.0,,,,0.38917525773195877,0.08195876288659794,-0.04252758274824473,-0.10570051520691374,0.10695876288659793,0.0,1.7141858839972048,14355000000.0,,1199000000.0,5611000000.0,1605000000.0,,2.0,2.0,0.0,,0.88559794,43.47,27.64,3.41795,7192.171,11.8879,1.1825,0.5168
2025-03-31,15469000000.0,5339000000.0,3516000000.0,,6174000000.0,,,227000000.0,258300000.0,3463000000.0,1377000000.0,287000000.0,,,66000000.0,0.65,,-3000000.0,100000000.0,0.0,,15.6749,0.7785,0.65,387000000.0,,,,0.39763211088651457,0.0828761189719896,0.018553235503264594,0.046485260770975055,0.11175281547790933,0.0,1.5184869169510808,14115000000.0,,1197000000.0,5536000000.0,1603000000.0,,2.06,2.06,0.0,,0.88559794,43.47,27.64,3.41795,7192.171,11.8879,1.1825,0.5168
2025-06-30,15944000000.0,5465000000.0,3012000000.0,,6518000000.0,,,289000000.0,257300000.0,7105000000.0,2789000000.0,599000000.0,,,134000000.0,1.4,,293000000.0,205000000.0,0.0,,13.4501,0.678,1.4,804000000.0,,,,0.39254046446164675,0.08430682617874737,0.03756899147014551,0.09189935563056152,0.11315974665728361,0.0,1.8144090305444887,13806000000.0,,1178000000.0,5432000000.0,1589000000.0,,2.17,2.17,0.0,,0.88559794,43.47,27.64,3.41795,7192.171,11.8879,1.1825,0.5168
2025-09-30,15600000000.0,5715000000.0,3581000000.0,,6554000000.0,,,289000000.0,256300000.0,10339000000.0,4010000000.0,840000000.0,,,173000000.0,2.0,,733000000.0,312000000.0,0.0,,11.2301,0.5607,2.0,1152000000.0,,,,0.38785182319373246,0.08124576844955991,0.05384615384615385,0.1281660054928288,0.11142276815939646,0.0,1.5959229265568278,13147000000.0,,1090000000.0,5156000000.0,1513000000.0,,2.17,2.17,0.0,,0.88559794,43.47,27.64,3.41795,7192.171,11.8879,1.1825,0.5168
2025-12-31,15137000000.0,5248000000.0,3137000000.0,,6537000000.0,,,319000000.0,255000000.0,-7256000000.0,-2911000000.0,-733000000.0,,,-169000000.0,-2.05,,40000000.0,-199000000.0,0.0,1.6729,12.7771,0.5555,-2.05,-932000000.0,,,,0.40118522601984563,0.10101984564498347,-0.048424390566162386,-0.11213094691754627,0.12844542447629548,0.0,1.672935926043991,13651000000.0,,993000000.0,5265000000.0,1411000000.0,,2.0,2.0,0.0,,0.88559794,43.47,27.64,3.41795,7192.171,11.8879,1.1825,0.5168
