report_date,total_assets,current_assets,current_liabilities,total_liabilities,total_equity,long_term_debt,short_term_debt,cash,revenue,gross_profit,operating_income,net_income,income_tax,eps_diluted,shares_diluted,operating_cash_flow,depreciation,total_debt,bf_current_ratio,bf_pe,bf_ps,eps,ebitda,roe,roa,net_margin,gross_margin,operating_margin,roi,roic,ebitda_margin,debt_equity,current_ratio,revenue_ttm,net_income_ttm,operating_income_ttm,gross_profit_ttm,ebitda_ttm,eps_diluted_ttm,eps_ttm,debt_to_ebitda,bf_beta,bf_52w_high,bf_52w_low,bf_10d_avg_vol,bf_market_cap,bf_pe_ttm,bf_pb_annual,bf_ps_ttm
2010-04-03,25260000000.0,15896000000.0,7873000000.0,,9944000000.0,3372000000.0,532000000.0,3188000000.0,5044000000.0,1786000000.0,76000000.0,69000000.0,-5000000.0,0.03,2341300000.0,485000000.0,173000000.0,3904000000.0,,67.0984,1.1463,0.03,249000000.0,0.006938857602574417,0.0027315914489311165,0.013679619349722442,0.3540840602696273,0.01506740681998414,0.0030087094220110845,0.005488157134604275,0.04936558287073751,0.3925985518905873,2.019052457767052,,,,,,,,,0.99503,492.22,359.36,1.08817,78177.75,36.2942,26.4912,6.6922
2010-07-03,24812000000.0,16014000000.0,7887000000.0,,10116000000.0,2907000000.0,531000000.0,2893000000.0,10458000000.0,3788000000.0,439000000.0,231000000.0,174000000.0,0.1,2352900000.0,727000000.0,341000000.0,3438000000.0,,39.6457,1.2007,0.1,780000000.0,0.022835112692763938,0.009310011284862163,0.02208835341365462,0.36221074775291645,0.0419774335436986,0.017693051749153636,0.03238896266784713,0.07458405048766495,0.3398576512455516,2.0304298212248004,,,,,,,,,0.99503,492.22,359.36,1.08817,78177.75,36.2942,26.4912,6.6922
2010-10-02,25925000000.0,17373000000.0,8709000000.0,,10441000000.0,2864000000.0,532000000.0,3848000000.0,13619000000.0,4865000000.0,411000000.0,340000000.0,278000000.0,0.14,2360000000.0,915000000.0,426000000.0,3396000000.0,,41.1507,1.9452,0.14,837000000.0,0.03256393065798295,0.013114754098360656,0.024965122255672222,0.357221528746604,0.030178427197297894,0.015853423336547733,0.0297029702970297,0.06145825684705191,0.325256201513265,1.994832931450224,,,,,,,,,0.99503,492.22,359.36,1.08817,78177.75,36.2942,26.4912,6.6922
2010-12-31,25577000000.0,17154000000.0,8710000000.0,,10885000000.0,2194000000.0,605000000.0,4208000000.0,-9839000000.0,-3541000000.0,-137000000.0,-7000000.0,-41000000.0,1.6,-6716100000.0,-593000000.0,-368000000.0,2799000000.0,1.9695,33.6676,2.7979,1.6,-505000000.0,-0.0006430868167202572,-0.0002736833874183837,0.0007114544160991971,0.3598942982010367,0.013924179286512857,-0.005356374868045509,-0.010011692487576732,0.051326354304299215,0.2571428571428571,1.9694603903559127,19282000000.0,633000000.0,789000000.0,6898000000.0,1361000000.0,1.87,1.87,2.056576047024247,0.99503,492.22,359.36,1.08817,78177.75,36.2942,26.4912,6.6922
2011-04-02,16560000000.0,10861000000.0,4904000000.0,,6310000000.0,2093000000.0,605000000.0,2764000000.0,1884000000.0,942000000.0,170000000.0,497000000.0,-186000000.0,1.44,344200000.0,231000000.0,91000000.0,2698000000.0,,14.1764,1.9506,1.44,261000000.0,0.07876386687797148,0.03001207729468599,0.2638004246284501,0.5,0.09023354564755838,0.010265700483091788,0.018872113676731795,0.13853503184713375,0.42757527733755946,2.2147226753670473,16122000000.0,1061000000.0,883000000.0,6054000000.0,1373000000.0,3.2800000000000002,3.2800000000000002,1.9650400582665695,0.99503,492.22,359.36,1.08817,78177.75,36.2942,26.4912,6.6922
2011-07-02,15597000000.0,10269000000.0,4131000000.0,,6739000000.0,1548000000.0,606000000.0,2203000000.0,3939000000.0,1981000000.0,340000000.0,846000000.0,-169000000.0,2.44,346300000.0,333000000.0,181000000.0,2154000000.0,,12.5487,1.9963,2.44,521000000.0,0.12553791363703815,0.054241200230813615,0.21477532368621477,0.5029195227215029,0.08631632394008631,0.021799063922549208,0.038232317553131674,0.13226707286113226,0.3196319928772815,2.485838779956427,9603000000.0,1676000000.0,784000000.0,4247000000.0,1114000000.0,5.619999999999999,5.619999999999999,1.933572710951526,0.99503,492.22,359.36,1.08817,78177.75,36.2942,26.4912,6.6922
2011-10-01,14771000000.0,9715000000.0,4169000000.0,14771000000.0,6098000000.0,1538000000.0,605000000.0,1785000000.0,5969000000.0,3001000000.0,580000000.0,974000000.0,-91000000.0,2.84,343400000.0,803000000.0,273000000.0,2143000000.0,,10.4449,1.6349,2.84,853000000.0,0.1597244998360118,0.06594001760205809,0.1631764114592059,0.5027642821243089,0.09716870497570783,0.03926612957822761,0.07037980827569469,0.14290500921427374,0.351426697277796,2.330295034780523,1953000000.0,2310000000.0,953000000.0,2383000000.0,1130000000.0,8.32,8.32,1.8964601769911504,0.99503,492.22,359.36,1.08817,78177.75,36.2942,26.4912,6.6922
2011-12-31,13929000000.0,8768000000.0,3815000000.0,13929000000.0,5214000000.0,1130000000.0,405000000.0,1881000000.0,-3589000000.0,-1778000000.0,-232000000.0,-1159000000.0,443000000.0,-3.3099999999999996,-694200000.0,-519000000.0,-179000000.0,1535000000.0,2.2983,13.1058,1.8501,-3.3099999999999996,-411000000.0,-0.2222861526658995,-0.08320769617345107,0.3229311786012817,0.49540261911395933,0.06464196154917805,-0.016655897767248188,-0.03437546303156023,0.1145165784341042,0.2943996931338703,2.2982961992136306,8203000000.0,1158000000.0,858000000.0,4146000000.0,1224000000.0,3.4099999999999997,3.4099999999999997,1.2540849673202614,0.99503,492.22,359.36,1.08817,78177.75,36.2942,26.4912,6.6922
2012-03-31,12443000000.0,7377000000.0,3583000000.0,12443000000.0,4085000000.0,1126000000.0,404000000.0,1720000000.0,1956000000.0,973000000.0,232000000.0,157000000.0,85000000.0,0.49,317700000.0,69000000.0,53000000.0,1530000000.0,,18.145,1.7829,0.49,285000000.0,0.03843329253365973,0.012617535963995822,0.08026584867075665,0.49744376278118607,0.11860940695296524,0.018645021297114844,0.041317898486197685,0.14570552147239263,0.37454100367197063,2.0588891989952556,8275000000.0,818000000.0,920000000.0,4177000000.0,1248000000.0,2.46,2.46,1.2259615384615385,0.99503,492.22,359.36,1.08817,78177.75,36.2942,26.4912,6.6922
2012-06-30,12193000000.0,7223000000.0,2990000000.0,12193000000.0,3848000000.0,1861000000.0,4000000.0,1772000000.0,4104000000.0,2033000000.0,510000000.0,339000000.0,148000000.0,1.1,308100000.0,322000000.0,106000000.0,1865000000.0,,20.8243,1.597,1.1,616000000.0,0.0880977130977131,0.027802837693758714,0.08260233918128655,0.49537037037037035,0.12426900584795321,0.041827277946362665,0.0892700857692981,0.15009746588693956,0.4846673596673597,2.4157190635451506,8440000000.0,311000000.0,1090000000.0,4229000000.0,1343000000.0,1.12,1.12,1.3886820551005212,0.99503,492.22,359.36,1.08817,78177.75,36.2942,26.4912,6.6922
2012-09-29,12020000000.0,7271000000.0,3125000000.0,12020000000.0,3872000000.0,1860000000.0,4000000.0,1779000000.0,6257000000.0,3120000000.0,833000000.0,545000000.0,266000000.0,1.81,301500000.0,504000000.0,151000000.0,1864000000.0,,19.4772,1.6593,1.81,984000000.0,0.14075413223140495,0.04534109816971714,0.08710244526130734,0.49864152149592456,0.13313089339939269,0.06930116472545757,0.1452231520223152,0.15726386447179158,0.48140495867768596,2.32672,8728000000.0,-118000000.0,1343000000.0,4348000000.0,1474000000.0,0.0900000000000003,0.0900000000000003,1.2645861601085482,0.99503,492.22,359.36,1.08817,78177.75,36.2942,26.4912,6.6922
2012-12-31,12679000000.0,7401000000.0,3335000000.0,12679000000.0,3265000000.0,1859000000.0,4000000.0,1468000000.0,-3619000000.0,-1778000000.0,-319000000.0,-160000000.0,-162000000.0,-0.4400000000000004,-629900000.0,173000000.0,-102000000.0,1863000000.0,2.2192,,2.4914,-0.4400000000000004,-421000000.0,-0.04900459418070444,-0.012619291742250967,0.04421110804089527,0.4912959381044487,0.08814589665653495,-0.025159712911112863,-0.06220748829953198,0.1163304780326057,0.5705972434915774,2.219190404797601,8698000000.0,881000000.0,1256000000.0,4348000000.0,1464000000.0,2.9599999999999995,2.9599999999999995,1.2725409836065573,0.99503,492.22,359.36,1.08817,78177.75,36.2942,26.4912,6.6922
2013-03-30,12597000000.0,7366000000.0,2889000000.0,12597000000.0,3097000000.0,2450000000.0,4000000.0,1470000000.0,1973000000.0,955000000.0,216000000.0,192000000.0,13000000.0,0.68,280700000.0,-31000000.0,52000000.0,2454000000.0,,,3.0311,0.68,268000000.0,0.061995479496286726,0.015241724220052393,0.09731373542828181,0.4840344652812975,0.10947795235681702,0.017146939747558942,0.03891190776436678,0.13583375570197667,0.7923797223119148,2.5496711664935963,8715000000.0,916000000.0,1240000000.0,4330000000.0,1447000000.0,3.15,3.15,1.695922598479613,0.99503,492.22,359.36,1.08817,78177.75,36.2942,26.4912,6.6922
2013-06-29,12160000000.0,6841000000.0,2794000000.0,,2791000000.0,2452000000.0,4000000.0,1457000000.0,4080000000.0,1984000000.0,482000000.0,450000000.0,-25000000.0,1.0,277700000.0,51000000.0,109000000.0,2456000000.0,,,3.0475,1.0,591000000.0,0.16123253314224292,0.03700657894736842,0.11029411764705882,0.48627450980392156,0.11813725490196078,0.03963815789473684,0.09186201639031828,0.1448529411764706,0.8799713364385525,2.4484609878310666,8691000000.0,1027000000.0,1212000000.0,4281000000.0,1422000000.0,3.05,3.05,1.7271448663853728,0.99503,492.22,359.36,1.08817,78177.75,36.2942,26.4912,6.6922
2013-09-28,12058000000.0,6580000000.0,2840000000.0,,2676000000.0,2458000000.0,4000000.0,1721000000.0,6192000000.0,3028000000.0,802000000.0,757000000.0,-8000000.0,2.0,273500000.0,203000000.0,168000000.0,2462000000.0,,,3.4741,2.0,970000000.0,0.2828849028400598,0.06277989716370874,0.12225452196382429,0.48901808785529716,0.1295219638242894,0.06651185934649195,0.15609186453873103,0.15665374677002583,0.9200298953662183,2.316901408450704,8626000000.0,1239000000.0,1181000000.0,4189000000.0,1408000000.0,3.2399999999999993,3.2399999999999993,1.7485795454545454,0.99503,492.22,359.36,1.08817,78177.75,36.2942,26.4912,6.6922
2013-12-31,11851000000.0,7020000000.0,3220000000.0,11851000000.0,3659000000.0,2457000000.0,4000000.0,3225000000.0,-3549000000.0,-1726000000.0,-285000000.0,-300000000.0,60000000.0,0.37999999999999945,-561400000.0,721000000.0,-101000000.0,2461000000.0,2.1801,15.89,2.8044,0.37999999999999945,-386000000.0,-0.08198961464881115,-0.02531431946671167,0.08453085376162299,0.48633417864187095,0.08030431107354184,-0.024048603493376085,-0.04656862745098039,0.10876303183995492,0.6725881388357474,2.1801242236024843,8696000000.0,1099000000.0,1215000000.0,4241000000.0,1443000000.0,4.06,4.06,1.7054747054747055,0.99503,492.22,359.36,1.08817,78177.75,36.2942,26.4912,6.6922
2014-03-29,11615000000.0,6781000000.0,3026000000.0,,3717000000.0,2462000000.0,4000000.0,3141000000.0,1801000000.0,845000000.0,170000000.0,,24000000.0,0.0,258300000.0,46000000.0,55000000.0,2466000000.0,,15.8056,2.6973,0.0,225000000.0,,,,0.4691837867851194,0.09439200444197668,0.014636246233318984,0.027494743651948893,0.1249305941143809,0.6634382566585957,2.240912095175149,8524000000.0,,1169000000.0,4131000000.0,1400000000.0,3.379999999999999,3.379999999999999,1.7614285714285713,0.99503,492.22,359.36,1.08817,78177.75,36.2942,26.4912,6.6922
2014-06-28,11868000000.0,7066000000.0,2924000000.0,,4139000000.0,2446000000.0,4000000.0,2876000000.0,2622000000.0,1233000000.0,245000000.0,951000000.0,23000000.0,3.0,257200000.0,130000000.0,86000000.0,2450000000.0,,10.4381,2.8045,3.0,331000000.0,0.22976564387533222,0.0801314459049545,0.36270022883295194,0.4702517162471396,0.09344012204424104,0.02064374789349511,0.037183184094703295,0.12623951182303586,0.5919304179753564,2.4165526675786593,7066000000.0,,932000000.0,3380000000.0,1140000000.0,5.379999999999999,5.379999999999999,2.1491228070175437,0.99503,492.22,359.36,1.08817,78177.75,36.2942,26.4912,6.6922
2014-09-27,12195000000.0,7168000000.0,3024000000.0,,3211000000.0,3401000000.0,4000000.0,2845000000.0,4058000000.0,1919000000.0,452000000.0,1098000000.0,107000000.0,4.0,254000000.0,15000000.0,131000000.0,3405000000.0,,10.5617,2.5892,4.0,583000000.0,0.3419495484272812,0.09003690036900369,0.27057663873829474,0.47289305076392313,0.11138491867915229,0.037064370643706435,0.06831922611850061,0.1436668309512075,1.0604173154780443,2.3703703703703702,4932000000.0,,582000000.0,2271000000.0,753000000.0,7.379999999999999,7.379999999999999,4.52191235059761,0.99503,492.22,359.36,1.08817,78177.75,36.2942,26.4912,6.6922
2014-12-31,10423000000.0,6879000000.0,2250000000.0,,2735000000.0,3396000000.0,4000000.0,3954000000.0,-2600000000.0,-1166000000.0,-1873000000.0,-750000000.0,-619000000.0,-2.0,-523900000.0,-876000000.0,-99000000.0,3400000000.0,3.0573,12.4309,2.7462,-2.0,-1972000000.0,-0.2742230347349177,-0.07195625059963542,0.28846153846153844,0.44846153846153847,0.7203846153846154,-0.17969874316415618,-0.3052974735126324,0.7584615384615384,1.243144424131627,3.0573333333333332,5881000000.0,,-1006000000.0,2831000000.0,-833000000.0,5.0,5.0,-4.081632653061225,0.99503,492.22,359.36,1.08817,78177.75,36.2942,26.4912,6.6922
2015-04-04,9425000000.0,5884000000.0,1977000000.0,,2086000000.0,3392000000.0,4000000.0,3353000000.0,1223000000.0,548000000.0,119000000.0,74000000.0,40000000.0,0.0,217800000.0,151000000.0,41000000.0,3396000000.0,,10.4083,2.2074,0.0,160000000.0,0.03547459252157239,0.007851458885941645,0.06050695012264922,0.44807849550286183,0.0973017170891251,0.012625994694960212,0.021707406056183876,0.13082583810302534,1.6279961649089165,2.9762266059686393,5303000000.0,1373000000.0,-1057000000.0,2534000000.0,-898000000.0,5.0,5.0,-3.7817371937639197,0.99503,492.22,359.36,1.08817,78177.75,36.2942,26.4912,6.6922
2015-07-04,9160000000.0,5632000000.0,1971000000.0,,1815000000.0,3393000000.0,4000000.0,3112000000.0,2591000000.0,1196000000.0,373000000.0,217000000.0,104000000.0,1.0,213800000.0,291000000.0,81000000.0,3397000000.0,,20.9784,2.0225,1.0,454000000.0,0.11955922865013774,0.02368995633187773,0.08375144731763798,0.4615978386723273,0.14395986105750674,0.04072052401746725,0.07156561780506523,0.17522192203782325,1.8716253443526172,2.8574327752409943,5272000000.0,639000000.0,-929000000.0,2497000000.0,-775000000.0,2.9999999999999996,2.9999999999999996,-4.3832258064516125,0.99503,492.22,359.36,1.08817,78177.75,36.2942,26.4912,6.6922
2015-10-03,8086000000.0,4787000000.0,2029000000.0,,-307000000.0,4386000000.0,4000000.0,2200000000.0,4013000000.0,1881000000.0,605000000.0,331000000.0,175000000.0,1.0,209200000.0,591000000.0,113000000.0,4390000000.0,,23.1489,2.1102,1.0,718000000.0,-1.0781758957654723,0.04093494929507791,0.08248193371542487,0.46872663842511836,0.15076002990281584,0.07482067771456839,0.14817536125397993,0.17891851482681287,-14.299674267100977,2.3592902907836373,5227000000.0,-128000000.0,-776000000.0,2459000000.0,-640000000.0,-4.440892098500626e-16,-4.440892098500626e-16,-6.859375,0.99503,492.22,359.36,1.08817,78177.75,36.2942,26.4912,6.6922
2015-12-31,8387000000.0,4582000000.0,2193000000.0,,-106000000.0,4386000000.0,4000000.0,1980000000.0,-2132000000.0,-906000000.0,-103000000.0,-12000000.0,-45000000.0,1.0,-439000000.0,-28000000.0,-85000000.0,4390000000.0,2.1062,19.8125,2.1221,1.0,-188000000.0,0.11320754716981132,-0.0014307857398354596,0.005628517823639775,0.424953095684803,0.04831144465290807,-0.012280910933587696,-0.02404295051353875,0.08818011257035648,-41.41509433962264,2.08937528499772,5695000000.0,610000000.0,994000000.0,2719000000.0,1144000000.0,2.9999999999999996,2.9999999999999996,3.8374125874125875,0.99503,492.22,359.36,1.08817,78177.75,36.2942,26.4912,6.6922
2016-04-02,9049000000.0,4001000000.0,2032000000.0,,-147000000.0,5023000000.0,4000000.0,1940000000.0,1193000000.0,502000000.0,100000000.0,17000000.0,5000000.0,0.0,177000000.0,13000000.0,62000000.0,5027000000.0,,24.0973,2.3523,0.0,162000000.0,-0.11564625850340136,0.001878660625483479,0.014249790444258172,0.42078792958927075,0.08382229673093043,0.01105094485578517,0.020491803278688523,0.1357921207041073,-34.197278911564624,1.968996062992126,5665000000.0,553000000.0,975000000.0,2673000000.0,1146000000.0,2.9999999999999996,2.9999999999999996,4.386561954624782,0.99503,492.22,359.36,1.08817,78177.75,36.2942,26.4912,6.6922
2016-07-02,8467000000.0,3547000000.0,2045000000.0,,-689000000.0,5028000000.0,5000000.0,1545000000.0,2623000000.0,1179000000.0,323000000.0,124000000.0,64000000.0,0.0,175700000.0,304000000.0,144000000.0,5033000000.0,,20.8471,1.8856,0.0,467000000.0,-0.1799709724238026,0.014645092712885319,0.0472741136103698,0.4494853221502097,0.1231414410979794,0.03814810440533837,0.07435543278084715,0.17804041174227983,-7.304789550072569,1.7344743276283618,5697000000.0,460000000.0,925000000.0,2656000000.0,1159000000.0,1.9999999999999996,1.9999999999999996,4.342536669542709,0.99503,492.22,359.36,1.08817,78177.75,36.2942,26.4912,6.6922
2016-10-01,8619000000.0,3804000000.0,2161000000.0,,-659000000.0,5044000000.0,5000000.0,1687000000.0,4155000000.0,1941000000.0,664000000.0,317000000.0,164000000.0,1.0,174000000.0,652000000.0,220000000.0,5049000000.0,,20.9896,2.1396,1.0,884000000.0,-0.48103186646433993,0.036779208724910084,0.0762936221419976,0.4671480144404332,0.15980746089049339,0.07703909966353405,0.15125284738041003,0.21275571600481347,-7.661608497723824,1.7602961591855621,5839000000.0,446000000.0,984000000.0,2716000000.0,1325000000.0,1.9999999999999996,1.9999999999999996,3.8105660377358492,0.99503,492.22,359.36,1.08817,78177.75,36.2942,26.4912,6.6922
2016-12-31,8463000000.0,3468000000.0,2668000000.0,,-964000000.0,4392000000.0,4000000.0,1030000000.0,-1933000000.0,-753000000.0,-20000000.0,102000000.0,49000000.0,2.0,-353600000.0,196000000.0,-131000000.0,4396000000.0,1.2999,24.8202,2.2979,2.0,-151000000.0,-0.10580912863070539,0.012052463665366891,-0.05276771857216762,0.38954992240041386,0.010346611484738748,-0.0023632281696797826,-0.005827505827505828,0.07811691670977755,-4.560165975103734,1.2998500749625188,6038000000.0,560000000.0,1067000000.0,2869000000.0,1362000000.0,2.9999999999999996,2.9999999999999996,3.2276064610866375,0.99503,492.22,359.36,1.08817,78177.75,36.2942,26.4912,6.6922
2017-04-01,8140000000.0,3073000000.0,2385000000.0,,-1050000000.0,4414000000.0,44000000.0,766000000.0,1281000000.0,570000000.0,176000000.0,77000000.0,42000000.0,0.0,169900000.0,142000000.0,80000000.0,4458000000.0,,22.4024,2.2636,0.0,256000000.0,-0.07333333333333333,0.00945945945945946,0.060109289617486336,0.4449648711943794,0.13739266198282593,0.021621621621621623,0.051643192488262914,0.19984387197501952,-4.2457142857142856,1.2884696016771489,6126000000.0,620000000.0,1143000000.0,2937000000.0,1456000000.0,2.9999999999999996,2.9999999999999996,3.0618131868131866,0.99503,492.22,359.36,1.08817,78177.75,36.2942,26.4912,6.6922
2017-07-01,8295000000.0,3211000000.0,2410000000.0,,-988000000.0,4421000000.0,46000000.0,742000000.0,2777000000.0,1260000000.0,433000000.0,208000000.0,114000000.0,1.0,169500000.0,315000000.0,166000000.0,4467000000.0,,21.9266,2.2766,1.0,599000000.0,-0.21052631578947367,0.025075346594333935,0.07490097227223623,0.45372704357220023,0.15592365862441485,0.052200120554550936,0.12446105202644438,0.21570039611091105,-4.521255060728745,1.3323651452282157,6280000000.0,704000000.0,1253000000.0,3018000000.0,1588000000.0,3.9999999999999996,3.9999999999999996,2.8129722921914357,0.99503,492.22,359.36,1.08817,78177.75,36.2942,26.4912,6.6922
2017-09-30,8618000000.0,3336000000.0,2563000000.0,,-830000000.0,4423000000.0,47000000.0,653000000.0,4423000000.0,2054000000.0,770000000.0,420000000.0,188000000.0,2.0,169300000.0,585000000.0,254000000.0,4470000000.0,,20.9745,2.2052,2.0,1024000000.0,-0.5060240963855421,0.048735205384079834,0.09495817318562062,0.46439068505539227,0.1740899841736378,0.08934787653747969,0.21153846153846154,0.23151706986208456,-5.385542168674699,1.3015996878657823,6548000000.0,807000000.0,1359000000.0,3131000000.0,1728000000.0,5.0,5.0,2.5868055555555554,0.99503,492.22,359.36,1.08817,78177.75,36.2942,26.4912,6.6922
2017-12-31,8208000000.0,3950000000.0,2931000000.0,,-1742000000.0,4419000000.0,52000000.0,1205000000.0,-2101000000.0,-860000000.0,-97000000.0,-860000000.0,883000000.0,-3.0,-345800000.0,304000000.0,-157000000.0,4471000000.0,1.3477,,2.2992,-3.0,-254000000.0,0.4936854190585534,-0.10477582846003898,0.40932889100428366,0.40932889100428366,0.0461684911946692,-0.011817738791423001,-0.035544155368266765,0.12089481199428843,-2.5665901262916186,1.3476629136813374,6380000000.0,-155000000.0,1282000000.0,3024000000.0,1625000000.0,-4.440892098500626e-16,-4.440892098500626e-16,2.7513846153846155,0.99503,492.22,359.36,1.08817,78177.75,36.2942,26.4912,6.6922
2018-03-31,9051000000.0,3621000000.0,3096000000.0,,-1554000000.0,5304000000.0,492000000.0,795000000.0,1468000000.0,669000000.0,171000000.0,117000000.0,23000000.0,0.0,170600000.0,-500000000.0,82000000.0,5796000000.0,,,2.5805,0.0,253000000.0,-0.07528957528957529,0.012926748425588332,0.07970027247956403,0.45572207084468663,0.1164850136239782,0.0188929400066291,0.04031117397454031,0.1723433242506812,-3.72972972972973,1.1695736434108528,6567000000.0,-115000000.0,1277000000.0,3123000000.0,1622000000.0,-4.440892098500626e-16,-4.440892098500626e-16,3.5733662145499383,0.99503,492.22,359.36,1.08817,78177.75,36.2942,26.4912,6.6922
2018-06-30,8881000000.0,3581000000.0,2922000000.0,,-1507000000.0,5298000000.0,347000000.0,878000000.0,3227000000.0,1491000000.0,445000000.0,297000000.0,69000000.0,1.0,171100000.0,-75000000.0,178000000.0,5645000000.0,,,2.768,1.0,623000000.0,-0.19708029197080293,0.03344217993469204,0.09203594669972111,0.46203904555314534,0.13789897737837,0.050106969935818035,0.10753987433542775,0.19305856832971802,-3.7458526874585267,1.2255304585900069,7017000000.0,-26000000.0,1289000000.0,3354000000.0,1646000000.0,-4.440892098500626e-16,-4.440892098500626e-16,3.4295261239368164,0.99503,492.22,359.36,1.08817,78177.75,36.2942,26.4912,6.6922
2018-09-29,8963000000.0,3664000000.0,3088000000.0,,-1411000000.0,5095000000.0,337000000.0,839000000.0,5089000000.0,2392000000.0,739000000.0,544000000.0,91000000.0,3.0,171600000.0,263000000.0,267000000.0,5432000000.0,,,2.9747,3.0,1006000000.0,-0.3855421686746988,0.060693964074528615,0.10689722931813715,0.47003340538416194,0.14521516997445472,0.08245007252036149,0.18378512807759265,0.19768127333464336,-3.84975194897236,1.1865284974093264,7683000000.0,98000000.0,1258000000.0,3692000000.0,1628000000.0,0.9999999999999996,0.9999999999999996,3.3366093366093366,0.99503,492.22,359.36,1.08817,78177.75,36.2942,26.4912,6.6922
2018-12-31,9409000000.0,4272000000.0,3096000000.0,,-1293000000.0,5289000000.0,31000000.0,1246000000.0,-2441000000.0,-1072000000.0,-100000000.0,8000000.0,-50000000.0,,-341300000.0,1387000000.0,-167000000.0,5320000000.0,1.3798,19.4743,2.5616,,-267000000.0,-0.006187161639597835,0.0008502497608672548,-0.0032773453502662844,0.4391642769356821,0.04096681687832855,-0.010628122010840685,-0.024832381425378695,0.10938140106513723,-4.11446249033256,1.37984496124031,7343000000.0,966000000.0,1255000000.0,3480000000.0,1615000000.0,,,3.2941176470588234,0.99503,492.22,359.36,1.08817,78177.75,36.2942,26.4912,6.6922
2019-03-30,9993000000.0,3714000000.0,2979000000.0,9993000000.0,-1108000000.0,5287000000.0,28000000.0,886000000.0,1657000000.0,773000000.0,229000000.0,151000000.0,33000000.0,0.86,174600000.0,251000000.0,95000000.0,5315000000.0,,23.2876,3.0914,0.86,324000000.0,-0.13628158844765342,0.015110577404182928,0.09112854556427279,0.46650573325286665,0.13820156910078454,0.022916041228860203,0.05443308771095793,0.1955340977670489,-4.796931407942238,1.2467270896273916,7532000000.0,1000000000.0,1313000000.0,3584000000.0,1686000000.0,,,3.1524317912218267,0.99503,492.22,359.36,1.08817,78177.75,36.2942,26.4912,6.6922
2019-06-29,9974000000.0,3831000000.0,2876000000.0,,-970000000.0,5315000000.0,28000000.0,953000000.0,3517000000.0,1704000000.0,579000000.0,358000000.0,100000000.0,2.04,175300000.0,502000000.0,191000000.0,5343000000.0,,26.7782,3.6029,2.04,770000000.0,-0.36907216494845363,0.03589332263886104,0.1017912994029002,0.4845038384987205,0.16462894512368495,0.05805093242430319,0.1324033844042991,0.2189365936878021,-5.508247422680412,1.332058414464534,7822000000.0,1061000000.0,1447000000.0,3797000000.0,1833000000.0,,,2.9148936170212765,0.99503,492.22,359.36,1.08817,78177.75,36.2942,26.4912,6.6922
2019-09-28,10373000000.0,4154000000.0,3656000000.0,,-1101000000.0,5112000000.0,617000000.0,1138000000.0,5511000000.0,2711000000.0,991000000.0,625000000.0,180000000.0,3.56,175700000.0,1028000000.0,290000000.0,5729000000.0,,26.9458,3.6333,3.56,1281000000.0,-0.5676657584014533,0.06025257881037308,0.11340954454726909,0.49192524042823443,0.1798221738341499,0.09553648896172756,0.2141313742437338,0.23244420250408274,-5.203451407811081,1.136214442013129,8244000000.0,1142000000.0,1699000000.0,4116000000.0,2108000000.0,,,2.717741935483871,0.99503,492.22,359.36,1.08817,78177.75,36.2942,26.4912,6.6922
2019-12-31,10642000000.0,4178000000.0,3439000000.0,,-700000000.0,5113000000.0,,1001000000.0,-2798000000.0,-1257000000.0,-218000000.0,-266000000.0,-183000000.0,-1.5099999999999998,-350000000.0,42000000.0,-182000000.0,5113000000.0,1.2149,31.8077,3.5006,-1.5099999999999998,-400000000.0,0.38,-0.024995301635031008,0.09506790564689063,0.4492494639027877,0.07791279485346676,-0.02048487126479985,-0.049399501472920916,0.14295925661186562,-7.304285714285714,1.2148880488514102,7887000000.0,868000000.0,1581000000.0,3931000000.0,1975000000.0,4.949999999999999,4.949999999999999,2.588860759493671,0.99503,492.22,359.36,1.08817,78177.75,36.2942,26.4912,6.6922
2020-03-28,10716000000.0,4481000000.0,3879000000.0,,-948000000.0,5111000000.0,814000000.0,1672000000.0,1655000000.0,787000000.0,259000000.0,197000000.0,26000000.0,1.12,175900000.0,308000000.0,99000000.0,5925000000.0,,25.0329,2.9017,1.12,358000000.0,-0.20780590717299577,0.018383725270623368,0.1190332326283988,0.4755287009063444,0.1564954682779456,0.024169466218738334,0.052039381153305204,0.2163141993957704,-6.25,1.1551946377932456,7885000000.0,914000000.0,1611000000.0,3945000000.0,2009000000.0,5.209999999999999,5.209999999999999,2.9492284718765553,0.99503,492.22,359.36,1.08817,78177.75,36.2942,26.4912,6.6922
2020-06-27,10374000000.0,4086000000.0,3480000000.0,,-830000000.0,5111000000.0,517000000.0,1341000000.0,3273000000.0,1553000000.0,476000000.0,332000000.0,67000000.0,1.9,174800000.0,517000000.0,197000000.0,5628000000.0,,27.9015,3.0738,1.9,673000000.0,-0.4,0.03200308463466358,0.10143599144515734,0.4744882370913535,0.14543232508402076,0.04588394062078273,0.09920800333472281,0.20562175374274366,-6.780722891566265,1.1741379310344828,7641000000.0,888000000.0,1508000000.0,3794000000.0,1912000000.0,5.07,5.07,2.9435146443514646,0.99503,492.22,359.36,1.08817,78177.75,36.2942,26.4912,6.6922
2020-09-26,10361000000.0,3971000000.0,3312000000.0,,-756000000.0,5162000000.0,212000000.0,1007000000.0,5141000000.0,2462000000.0,828000000.0,537000000.0,112000000.0,3.08,174300000.0,909000000.0,300000000.0,5374000000.0,,34.0946,3.5378,3.08,1128000000.0,-0.7103174603174603,0.05182897403725509,0.10445438630616612,0.47889515658432213,0.16105815989107178,0.07991506611330952,0.17929839757470767,0.21941256564870648,-7.108465608465608,1.1989734299516908,7271000000.0,800000000.0,1345000000.0,3545000000.0,1759000000.0,4.59,4.59,3.0551449687322343,0.99503,492.22,359.36,1.08817,78177.75,36.2942,26.4912,6.6922
2020-12-31,10876000000.0,4327000000.0,3489000000.0,,-558000000.0,5163000000.0,,1254000000.0,-2655000000.0,-1194000000.0,-180000000.0,-117000000.0,16000000.0,-0.6499999999999995,-350900000.0,-121000000.0,-187000000.0,5163000000.0,1.2402,30.3784,3.8885,-0.6499999999999995,-367000000.0,0.20967741935483872,-0.01075763148216256,0.04406779661016949,0.4497175141242938,0.06779661016949153,-0.01655020228025009,-0.03908794788273615,0.13822975517890773,-9.25268817204301,1.24018343364861,7414000000.0,949000000.0,1383000000.0,3608000000.0,1792000000.0,5.45,5.45,2.881138392857143,0.99503,492.22,359.36,1.08817,78177.75,36.2942,26.4912,6.6922
2021-04-03,10423000000.0,3942000000.0,3095000000.0,10423000000.0,-496000000.0,5164000000.0,11000000.0,1320000000.0,1773000000.0,860000000.0,298000000.0,244000000.0,44000000.0,1.41,173200000.0,370000000.0,110000000.0,5175000000.0,,32.5345,4.3022,1.41,408000000.0,-0.49193548387096775,0.023409766861748057,0.13761985335589397,0.485053581500282,0.16807670614777215,0.028590616904921807,0.06368882239794828,0.23011844331641285,-10.433467741935484,1.2736672051696285,7532000000.0,996000000.0,1422000000.0,3681000000.0,1842000000.0,5.74,5.74,2.8094462540716614,0.99503,492.22,359.36,1.08817,78177.75,36.2942,26.4912,6.6922
2021-07-03,11131000000.0,4660000000.0,3184000000.0,,-358000000.0,5686000000.0,9000000.0,1921000000.0,3744000000.0,1812000000.0,668000000.0,537000000.0,90000000.0,3.1,173100000.0,758000000.0,220000000.0,5695000000.0,,32.7882,4.7987,3.1,888000000.0,-1.5,0.04824364387745935,0.14342948717948717,0.483974358974359,0.17841880341880342,0.060012577486299526,0.12516394978452314,0.23717948717948717,-15.90782122905028,1.4635678391959799,8003000000.0,1201000000.0,1614000000.0,3940000000.0,2057000000.0,6.9399999999999995,6.9399999999999995,2.768595041322314,0.99503,492.22,359.36,1.08817,78177.75,36.2942,26.4912,6.6922
2021-10-02,11422000000.0,4735000000.0,3429000000.0,,-263000000.0,5687000000.0,6000000.0,1653000000.0,5851000000.0,2857000000.0,1118000000.0,844000000.0,186000000.0,4.87,173400000.0,1134000000.0,325000000.0,5693000000.0,,31.2051,4.8244,4.87,1443000000.0,-3.209125475285171,0.0738924881807039,0.1442488463510511,0.48829259955563153,0.19107844812852504,0.09788128173699877,0.20589318600368325,0.24662450863100324,-21.64638783269962,1.3808690580344123,8713000000.0,1508000000.0,1904000000.0,4335000000.0,2372000000.0,8.73,8.73,2.4000843170320403,0.99503,492.22,359.36,1.08817,78177.75,36.2942,26.4912,6.6922
2021-12-31,12189000000.0,5412000000.0,4063000000.0,,-40000000.0,5688000000.0,,1874000000.0,-3197000000.0,-1489000000.0,-417000000.0,-380000000.0,-18000000.0,-2.209999999999999,-346100000.0,-425000000.0,-217000000.0,5688000000.0,1.332,36.859,5.6161,-2.209999999999999,-634000000.0,9.5,-0.031175650176388545,0.118861432593056,0.4657491398185799,0.13043478260869565,-0.034211174009352696,-0.0738314447592068,0.19831091648420393,-142.2,1.332020674378538,8171000000.0,1245000000.0,1667000000.0,4040000000.0,2105000000.0,7.17,7.17,2.702137767220903,0.99503,492.22,359.36,1.08817,78177.75,36.2942,26.4912,6.6922
2022-04-02,11649000000.0,4280000000.0,3886000000.0,,-316000000.0,5689000000.0,4000000.0,878000000.0,1892000000.0,857000000.0,239000000.0,267000000.0,-49000000.0,1.54,173100000.0,152000000.0,111000000.0,5693000000.0,,31.6791,4.8455,1.54,350000000.0,-0.8449367088607594,0.022920422353850115,0.14112050739957716,0.45295983086680763,0.1263213530655391,0.02051678255644261,0.044448577273572626,0.1849894291754757,-18.015822784810126,1.10138960370561,8290000000.0,1268000000.0,1608000000.0,4037000000.0,2047000000.0,7.300000000000001,7.300000000000001,2.78114313629702,0.99503,492.22,359.36,1.08817,78177.75,36.2942,26.4912,6.6922
2022-07-02,11672000000.0,4411000000.0,3801000000.0,,-443000000.0,6011000000.0,2000000.0,717000000.0,4032000000.0,1846000000.0,597000000.0,495000000.0,23000000.0,2.88,172000000.0,162000000.0,223000000.0,6013000000.0,,29.2151,4.1548,2.88,820000000.0,-1.1173814898419865,0.04240918437285812,0.12276785714285714,0.45783730158730157,0.1480654761904762,0.05114804660726525,0.10718132854578097,0.20337301587301587,-13.573363431151241,1.1604840831360168,8578000000.0,1226000000.0,1537000000.0,4071000000.0,1979000000.0,7.080000000000001,7.080000000000001,3.0384032339565437,0.99503,492.22,359.36,1.08817,78177.75,36.2942,26.4912,6.6922
2022-10-01,11625000000.0,4707000000.0,3768000000.0,,-408000000.0,6012000000.0,1000000.0,822000000.0,6405000000.0,2878000000.0,970000000.0,774000000.0,75000000.0,4.5,171900000.0,550000000.0,331000000.0,6013000000.0,,32.5206,4.3796,4.5,1301000000.0,-1.8970588235294117,0.06658064516129032,0.12084309133489461,0.4493364558938329,0.15144418423106948,0.08344086021505376,0.17305976806422838,0.20312256049960967,-14.737745098039216,1.249203821656051,9132000000.0,1156000000.0,1389000000.0,4092000000.0,1837000000.0,6.710000000000001,6.710000000000001,3.2732716385411,0.99503,492.22,359.36,1.08817,78177.75,36.2942,26.4912,6.6922
2022-12-31,12814000000.0,5255000000.0,4560000000.0,,116000000.0,6013000000.0,,1325000000.0,-3217000000.0,-1352000000.0,-145000000.0,-173000000.0,99000000.0,-0.9900000000000002,-345100000.0,959000000.0,-225000000.0,6013000000.0,1.1524,31.614,4.7289,-0.9900000000000002,-370000000.0,-1.4913793103448276,-0.013500858436085532,0.053776810693192414,0.42026732981038234,0.04507304942493006,-0.011315748400187295,-0.02365801925273291,0.11501398818775256,51.83620689655172,1.1524122807017543,9112000000.0,1363000000.0,1661000000.0,4229000000.0,2101000000.0,7.93,7.93,2.8619704902427414,0.99503,492.22,359.36,1.08817,78177.75,36.2942,26.4912,6.6922
2023-04-01,12353000000.0,4826000000.0,3966000000.0,,234000000.0,6014000000.0,1000000.0,1022000000.0,2171000000.0,1046000000.0,399000000.0,278000000.0,79000000.0,1.61,172600000.0,-8000000.0,98000000.0,6015000000.0,,34.789,5.09,1.61,497000000.0,1.188034188034188,0.022504654739739335,0.12805158912943343,0.4818056195301704,0.18378627360663288,0.03229984619120861,0.06385021603456553,0.22892676186089359,25.705128205128204,1.2168431669188098,9391000000.0,1374000000.0,1821000000.0,4418000000.0,2248000000.0,8.0,8.0,2.675711743772242,0.99503,492.22,359.36,1.08817,78177.75,36.2942,26.4912,6.6922
2023-07-01,12252000000.0,4626000000.0,3766000000.0,,337000000.0,6015000000.0,0.0,710000000.0,4574000000.0,2235000000.0,917000000.0,649000000.0,194000000.0,3.76,172500000.0,85000000.0,185000000.0,6015000000.0,,32.3671,5.0861,3.76,1102000000.0,1.9258160237388724,0.0529709435194254,0.14188893747267162,0.4886313948404023,0.2004809794490599,0.0748449232778322,0.1443639798488665,0.2409269785745518,17.8486646884273,1.2283590015932024,9933000000.0,1528000000.0,2141000000.0,4807000000.0,2530000000.0,8.879999999999999,8.879999999999999,2.377470355731225,0.99503,492.22,359.36,1.08817,78177.75,36.2942,26.4912,6.6922
2023-09-30,12436000000.0,5032000000.0,5288000000.0,,362000000.0,4704000000.0,1313000000.0,910000000.0,7129000000.0,3515000000.0,1556000000.0,1113000000.0,321000000.0,6.46,172200000.0,799000000.0,271000000.0,6017000000.0,,26.782,4.6338,6.46,1827000000.0,3.074585635359116,0.08949823094242522,0.15612287838406508,0.49305652966755503,0.21826343105624912,0.125120617561917,0.2439253801536291,0.2562771777247861,16.62154696132597,0.9515885022692889,10657000000.0,1867000000.0,2727000000.0,5444000000.0,3056000000.0,10.84,10.84,1.968913612565445,0.99503,492.22,359.36,1.08817,78177.75,36.2942,26.4912,6.6922
2023-12-31,13336000000.0,5725000000.0,5736000000.0,,724000000.0,4705000000.0,1313000000.0,1705000000.0,-3896000000.0,-1826000000.0,-578000000.0,-331000000.0,-162000000.0,-1.9000000000000004,-345200000.0,1168000000.0,-198000000.0,6018000000.0,0.9981,30.4055,5.2072,-1.9000000000000004,-776000000.0,-0.457182320441989,-0.02482003599280144,0.08495893223819302,0.4686858316221766,0.14835728952772073,-0.04334133173365327,-0.08573123702165529,0.19917864476386038,8.312154696132596,0.9980822873082287,9978000000.0,1709000000.0,2294000000.0,4970000000.0,2650000000.0,9.93,9.93,2.270943396226415,0.99503,492.22,359.36,1.08817,78177.75,36.2942,26.4912,6.6922
2024-03-30,13326000000.0,5521000000.0,4626000000.0,,521000000.0,5994000000.0,313000000.0,1512000000.0,2389000000.0,1192000000.0,519000000.0,-39000000.0,-52000000.0,-0.23,166300000.0,382000000.0,83000000.0,6307000000.0,,42.3663,5.7835,-0.23,602000000.0,-0.07485604606525911,-0.002926609635299415,-0.016324822101297615,0.4989535370447886,0.21724570950188363,0.038946420531292214,0.07601054481546574,0.2519882796149016,12.105566218809981,1.19347168179853,10196000000.0,1392000000.0,2414000000.0,5116000000.0,2755000000.0,8.09,8.09,2.2892921960072594,0.99503,492.22,359.36,1.08817,78177.75,36.2942,26.4912,6.6922
2024-06-29,13345000000.0,5571000000.0,4644000000.0,,802000000.0,5743000000.0,565000000.0,1381000000.0,5017000000.0,2531000000.0,1163000000.0,404000000.0,83000000.0,2.37,170300000.0,562000000.0,166000000.0,6308000000.0,,44.0174,6.1832,2.37,1329000000.0,0.5037406483790524,0.030273510678156614,0.0805262108829978,0.5044847518437313,0.23181183974486744,0.08714874484825777,0.16357243319268636,0.2648993422363963,7.865336658354114,1.199612403100775,10639000000.0,1147000000.0,2660000000.0,5412000000.0,2982000000.0,6.699999999999999,6.699999999999999,2.1153588195841717,0.99503,492.22,359.36,1.08817,78177.75,36.2942,26.4912,6.6922
2024-09-28,13889000000.0,5808000000.0,4665000000.0,,1326000000.0,5674000000.0,322000000.0,1404000000.0,7806000000.0,3963000000.0,1874000000.0,966000000.0,214000000.0,5.66,170600000.0,1321000000.0,250000000.0,5996000000.0,,48.0261,7.0399,5.66,2124000000.0,0.7285067873303167,0.06955144358845129,0.12375096079938509,0.5076863950807071,0.24007173968741993,0.13492692058463532,0.2559409997268506,0.27209838585703305,4.521870286576169,1.245016077170418,11316000000.0,1000000000.0,2978000000.0,5860000000.0,3279000000.0,5.8999999999999995,5.8999999999999995,1.8286062824031717,0.99503,492.22,359.36,1.08817,78177.75,36.2942,26.4912,6.6922
2024-12-31,14595000000.0,6479000000.0,5055000000.0,,1703000000.0,5675000000.0,322000000.0,2102000000.0,-4395000000.0,-2174000000.0,-868000000.0,246000000.0,145000000.0,1.4299999999999997,-336400000.0,126000000.0,-163000000.0,5997000000.0,1.2817,48.9842,7.1414,1.4299999999999997,-1031000000.0,0.1444509688784498,0.016855087358684483,-0.05597269624573379,0.49465301478953355,0.1974971558589306,-0.05947242206235012,-0.11272727272727273,0.23458475540386803,3.521432765707575,1.2817012858555885,10817000000.0,1577000000.0,2688000000.0,5512000000.0,3024000000.0,9.23,9.23,1.9831349206349207,0.99503,492.22,359.36,1.08817,78177.75,36.2942,26.4912,6.6922
2025-03-29,14433000000.0,5899000000.0,4922000000.0,,1641000000.0,5677000000.0,322000000.0,1564000000.0,2528000000.0,1300000000.0,582000000.0,430000000.0,115000000.0,2.53,169800000.0,510000000.0,81000000.0,5999000000.0,,35.7274,6.672,2.53,663000000.0,0.2620353443022547,0.029792835862260097,0.17009493670886075,0.5142405063291139,0.23022151898734178,0.04032425691124506,0.07617801047120419,0.2622626582278481,3.65569774527727,1.1984965461194637,10956000000.0,2046000000.0,2751000000.0,5620000000.0,3085000000.0,11.99,11.99,1.9445705024311184,0.99503,492.22,359.36,1.08817,78177.75,36.2942,26.4912,6.6922
2025-06-28,16412000000.0,7714000000.0,4464000000.0,,1968000000.0,7661000000.0,70000000.0,3206000000.0,5293000000.0,2713000000.0,1274000000.0,943000000.0,280000000.0,5.57,169400000.0,783000000.0,167000000.0,7731000000.0,,33.167,6.3266,5.57,1441000000.0,0.4791666666666667,0.05745795759200585,0.17815983374267902,0.5125637634611752,0.24069525788777632,0.07762612722398245,0.13135374780905248,0.27224636312110334,3.9283536585365852,1.728046594982079,11232000000.0,2585000000.0,2862000000.0,5802000000.0,3197000000.0,15.19,15.19,2.4182045667813576,0.99503,492.22,359.36,1.08817,78177.75,36.2942,26.4912,6.6922
2025-09-27,18799000000.0,5811000000.0,5659000000.0,,2327000000.0,8411000000.0,928000000.0,894000000.0,8302000000.0,4267000000.0,2044000000.0,1505000000.0,442000000.0,8.89,169200000.0,1581000000.0,282000000.0,9339000000.0,,35.76,6.6892,8.89,2326000000.0,0.6467554791577138,0.0800574498643545,0.1812816188870152,0.5139725367381354,0.24620573355817876,0.10872918772275121,0.17521001200068576,0.28017345218019757,4.013321873657069,1.0268598692348472,11728000000.0,3124000000.0,3032000000.0,6106000000.0,3399000000.0,18.42,18.42,2.7475728155339807,0.99503,492.22,359.36,1.08817,78177.75,36.2942,26.4912,6.6922
2025-12-31,19389000000.0,6300000000.0,6078000000.0,,2410000000.0,8413000000.0,749000000.0,1165000000.0,-4441000000.0,-2245000000.0,-912000000.0,-724000000.0,-185000000.0,-4.240000000000002,-339400000.0,-37000000.0,-105000000.0,9162000000.0,1.0365,29.6397,5.4651,-4.240000000000002,-1017000000.0,-0.3004149377593361,-0.03734076022486977,0.16302634541769873,0.5055167755010133,0.20535915334384147,-0.04703697973077518,-0.0788109229173868,0.2290024769196127,3.801659751037344,1.0365251727541955,11682000000.0,2154000000.0,2988000000.0,6035000000.0,3413000000.0,12.749999999999998,12.749999999999998,2.6844418400234398,0.99503,492.22,359.36,1.08817,78177.75,36.2942,26.4912,6.6922
