report_date,total_assets,current_assets,current_liabilities,total_liabilities,total_equity,long_term_debt,short_term_debt,cash,revenue,gross_profit,operating_income,net_income,income_tax,eps_diluted,shares_diluted,operating_cash_flow,capex,depreciation,fcf,total_debt,bf_current_ratio,bf_pe,bf_ps,eps,ebitda,roe,roa,net_margin,gross_margin,operating_margin,roi,roic,fcf_margin,ebitda_margin,debt_equity,current_ratio,revenue_ttm,net_income_ttm,operating_income_ttm,fcf_ttm,ebitda_ttm,eps_diluted_ttm,eps_ttm,debt_to_ebitda,bf_beta,bf_52w_high,bf_52w_low,bf_10d_avg_vol,bf_market_cap,bf_pe_ttm,bf_pb_annual,bf_ps_ttm
2010-06-27,2991735000.0,481125000.0,444463000.0,,652018000.0,,,102431000.0,1177454000.0,,113483000.0,44826000.0,52462000.0,0.29,153855000.0,60592000.0,12429000.0,60716000.0,48163000.0,0.0,,14.0875,0.5807,0.29,174199000.0,0.06874963574625241,0.014983278933461687,0.038070277055409385,,0.09637998596972791,0.037932169794450375,0.1740488759512774,0.04090435804710842,0.14794548237128585,0.0,1.0824860562071534,,,,,,,,,0.9912738,87.1,51.03,1.9164,12746.103,37.0547,5.521,4.512
2010-09-26,3016507000.0,534790000.0,456450000.0,,657940000.0,,,128641000.0,1731787000.0,,122476000.0,40565000.0,50444000.0,0.26,153092000.0,92629000.0,20305000.0,90816000.0,72324000.0,0.0,,8.5671,0.4665,0.26,213292000.0,0.06165455816639815,0.013447673086785477,0.023423781331075935,,0.07072232324183055,0.04060192799154784,0.18615071283095724,0.04176264171055678,0.12316295248780595,0.0,1.1716288750136927,,,,,,,,,0.9912738,87.1,51.03,1.9164,12746.103,37.0547,5.521,4.512
2010-12-26,3285741000.0,857232000.0,504377000.0,,659927000.0,,,369668000.0,2393463000.0,,234120000.0,107704000.0,68516000.0,0.71,152600000.0,153327000.0,33565000.0,120950000.0,119762000.0,0.0,1.6994,13.2007,0.7171,0.71,355070000.0,0.16320593035290268,0.032779211751626194,0.04499923332844502,,0.09781642749438783,0.07125333372289538,0.35476651205360593,0.05003712194422893,0.14834990137720952,0.0,1.69958582568198,,,,,,,,,0.9912738,87.1,51.03,1.9164,12746.103,37.0547,5.521,4.512
2011-03-27,3171438000.0,768247000.0,426209000.0,,685681000.0,,,152537000.0,566504000.0,,31074000.0,5419000.0,1406000.0,0.04,153760000.0,-45154000.0,12852000.0,28648000.0,-58006000.0,0.0,,13.4663,0.7126,0.04,59722000.0,0.007903091962589018,0.0017086886138086255,0.009565687091353282,,0.05485221640094333,0.009798078978684118,0.045318449833085646,-0.1023929222035502,0.10542202702893537,0.0,1.802512382422708,5869208000.0,198514000.0,501153000.0,182243000.0,802283000.0,1.3,1.3,0.0,0.9912738,87.1,51.03,1.9164,12746.103,37.0547,5.521,4.512
2011-06-26,3056902000.0,823718000.0,663179000.0,,569528000.0,,229724000.0,178451000.0,1143206000.0,,-83003000.0,-114299000.0,-15209000.0,-0.78,146976000.0,45161000.0,23449000.0,58195000.0,21712000.0,229724000.0,,,0.6906,-0.78,-24808000.0,-0.20069074742593868,-0.0373904691743471,-0.09998110576746448,,-0.07260546218266874,-0.027152653241746056,-0.10385085054525982,0.018992202630147146,-0.021700375960238136,0.403358570605835,1.2420749149173904,5834960000.0,39389000.0,304667000.0,155792000.0,603276000.0,0.22999999999999998,0.22999999999999998,0.38079419701761713,0.9912738,87.1,51.03,1.9164,12746.103,37.0547,5.521,4.512
2011-09-25,2834961000.0,680075000.0,440322000.0,2834961000.0,589048000.0,771991000.0,,93685000.0,1680441000.0,,-49958000.0,-98614000.0,153000.0,-0.67,147103000.0,55874000.0,35457000.0,87597000.0,20417000.0,771991000.0,,,0.5239,-0.67,37639000.0,-0.1674125028860127,-0.03478495824104811,-0.05868340512996291,,-0.02972910087292562,-0.017622111909123266,-0.03670578139201008,0.012149786871422442,0.022398287116298637,1.3105740109464763,1.5444947106889957,5783614000.0,-99790000.0,132233000.0,103885000.0,427623000.0,-0.7,-0.7,1.805307478783882,0.9912738,87.1,51.03,1.9164,12746.103,37.0547,5.521,4.512
2011-12-25,2883450000.0,748589000.0,513308000.0,2883450000.0,506360000.0,698220000.0,74920000.0,175151000.0,-1066750000.0,,158594000.0,167825000.0,50156000.0,1.1400000000000001,-300649000.0,18046000.0,-26871000.0,-57986000.0,-8825000.0,773140000.0,2.4589,,0.5827,1.1400000000000001,100608000.0,0.3314341575163915,0.05820284728363592,-0.15732364659011014,,-0.14867026013592688,0.055001473928800566,0.12394998046111762,0.008272791188188423,-0.09431263182563862,1.52685836163994,1.4583622308633413,2323401000.0,-39669000.0,56707000.0,-24702000.0,173161000.0,-0.2699999999999998,-0.2699999999999998,4.464862180283089,0.9912738,87.1,51.03,1.9164,12746.103,37.0547,5.521,4.512
2012-03-25,2817780000.0,848314000.0,447927000.0,2817780000.0,552835000.0,699349000.0,,206468000.0,499376000.0,,19616000.0,42130000.0,4076000.0,0.28,151468000.0,-9607000.0,9357000.0,32628000.0,-18964000.0,699349000.0,,,0.5639,0.28,52244000.0,0.07620718659274467,0.014951486631319691,0.08436528787927333,,0.039281022716350006,0.006961508705434775,0.01566542936181903,-0.03797539329082695,0.10461856396783185,1.265023017717764,1.893866634518571,2256273000.0,-2958000.0,45249000.0,14340000.0,165683000.0,-0.02999999999999975,-0.02999999999999975,4.22100637965271,0.9912738,87.1,51.03,1.9164,12746.103,37.0547,5.521,4.512
2012-06-24,2716806000.0,962440000.0,443726000.0,2716806000.0,463772000.0,700820000.0,,290292000.0,1014588000.0,,-124008000.0,-46019000.0,-32465000.0,-0.31,147936000.0,73871000.0,19215000.0,57811000.0,54656000.0,700820000.0,,33.3098,0.5568,-0.31,-66197000.0,-0.0992276377185341,-0.0169386404476433,-0.0453573273092132,,-0.12222498196312198,-0.045644775519488694,-0.1064819267176831,0.05387014236320556,-0.06524520297894318,1.5111304692823198,2.1689961823287343,2127655000.0,65322000.0,4244000.0,47284000.0,124294000.0,0.4400000000000002,0.4400000000000002,5.638405715481037,0.9912738,87.1,51.03,1.9164,12746.103,37.0547,5.521,4.512
2012-09-23,2725565000.0,1194678000.0,463100000.0,2725565000.0,472086000.0,701678000.0,,334374000.0,1414262000.0,,64332000.0,-43737000.0,27707000.0,-0.29,151762000.0,124269000.0,29978000.0,82538000.0,94291000.0,701678000.0,,85.6602,0.8492,-0.29,146870000.0,-0.09264625513148028,-0.016046948063979397,-0.03092567006679102,,0.045488035455948046,0.02360317952424543,0.05480829195647507,0.06667152196693399,0.10384921605756217,1.4863351169066654,2.579740876700497,1861476000.0,120199000.0,118534000.0,121158000.0,233525000.0,0.8200000000000003,0.8200000000000003,3.004723263033936,0.9912738,87.1,51.03,1.9164,12746.103,37.0547,5.521,4.512
2012-12-30,2806335000.0,1308408000.0,422577000.0,2806335000.0,632500000.0,696914000.0,164000.0,820489000.0,-938146000.0,,148400000.0,180799000.0,104164000.0,1.19,-298473000.0,-109224000.0,-23662000.0,-69202000.0,-132886000.0,697078000.0,3.3025,9.3275,0.7941,1.19,79198000.0,0.2858482213438735,0.06442530916658204,-0.19271947010380047,,-0.15818433378173546,0.052880358189596036,0.11161436185015094,0.1416474621221004,-0.08441969586823372,1.102099604743083,3.0962593799473233,1990080000.0,133173000.0,108340000.0,-2903000.0,212115000.0,0.8700000000000001,0.8700000000000001,3.2863210994036254,0.9912738,87.1,51.03,1.9164,12746.103,37.0547,5.521,4.512
2013-03-31,2650977000.0,991332000.0,337991000.0,2650977000.0,643272000.0,698071000.0,,308014000.0,465933000.0,,22870000.0,3138000.0,2967000.0,0.02,155270000.0,-87557000.0,4554000.0,21800000.0,-92111000.0,698071000.0,,14.5853,0.8869,0.02,44670000.0,0.004878185277767414,0.0011837145324157848,0.006734873898178493,,0.049084310405144084,0.008627008080417144,0.01705007593136133,-0.1976915135867174,0.09587215329242617,1.0851879142882015,2.933013009222139,1956637000.0,94181000.0,111594000.0,-76050000.0,204541000.0,0.6100000000000001,0.6100000000000001,3.41286588019028,0.9912738,87.1,51.03,1.9164,12746.103,37.0547,5.521,4.512
2013-06-30,2647621000.0,1053507000.0,353101000.0,,701671000.0,,,358601000.0,951296000.0,,77095000.0,23703000.0,21516000.0,0.0,156101000.0,-26562000.0,6983000.0,43408000.0,-33545000.0,0.0,,8.5177,1.092,0.0,120503000.0,0.033780789002253196,0.008952565340734192,0.024916534916576964,,0.08104207312970936,0.029118593635569442,0.10987343071040416,-0.03526242094994618,0.12667245526103338,0.0,2.983585433063061,1893345000.0,163903000.0,312697000.0,-164251000.0,391241000.0,0.9200000000000002,0.9200000000000002,0.0,0.9912738,87.1,51.03,1.9164,12746.103,37.0547,5.521,4.512
2013-09-29,2628270000.0,1147963000.0,365015000.0,,683074000.0,,,390008000.0,1133370000.0,,87210000.0,-521000.0,21473000.0,0.0,156460000.0,10070000.0,11660000.0,64799000.0,-1590000.0,0.0,,10.5778,1.173,0.0,152009000.0,-0.0007627284891534446,-0.00019822925346330475,-0.0004596910099967354,,0.07694751052171842,0.03318152244632401,0.12767284364505163,-0.001402895788665661,0.1341212490184141,0.0,3.144974864046683,1612453000.0,207119000.0,335575000.0,-260132000.0,396380000.0,1.21,1.21,0.0,0.9912738,87.1,51.03,1.9164,12746.103,37.0547,5.521,4.512
2013-12-29,2572552000.0,1172267000.0,348511000.0,2572552000.0,842910000.0,684142000.0,,482745000.0,-973369000.0,,-31088000.0,38785000.0,-8064000.0,0.38999999999999996,-310057000.0,138904000.0,-6255000.0,-44530000.0,132649000.0,684142000.0,3.3638,37.0147,1.5277,0.38999999999999996,-75618000.0,0.046013216120344994,0.015076468813847105,-0.039846142624225755,,0.03193855567621323,-0.012084498194788677,-0.020358180337015374,-0.13627822542119175,0.0776868792821633,0.8116429986594061,3.3636441891360676,1577230000.0,65105000.0,156087000.0,5403000.0,241564000.0,0.41,0.41,2.8321355831166897,0.9912738,87.1,51.03,1.9164,12746.103,37.0547,5.521,4.512
2014-03-30,2507837000.0,1032935000.0,552215000.0,,844828000.0,,,308689000.0,390408000.0,,22059000.0,1743000.0,3764000.0,0.0,161920000.0,-4443000.0,10533000.0,20092000.0,-14976000.0,0.0,,40.4622,1.6113,0.0,42151000.0,0.0020631418466244018,0.0006950212473936703,0.004464560152455892,,0.05650242822892974,0.008796026217014901,0.026110640272339457,-0.03835986967480175,0.10796653757095141,0.0,1.8705304998958738,1501705000.0,63710000.0,155276000.0,82538000.0,239045000.0,0.38999999999999996,0.38999999999999996,0.0,0.9912738,87.1,51.03,1.9164,12746.103,37.0547,5.521,4.512
2014-06-29,2464492000.0,1044288000.0,551622000.0,,853930000.0,,,374626000.0,779127000.0,,38556000.0,10931000.0,-1979000.0,0.0,161962000.0,8098000.0,18283000.0,39261000.0,-10185000.0,0.0,,43.4633,1.4344,0.0,77817000.0,0.012800815055098193,0.0044353968282307265,0.014029805153716917,,0.04948615565883354,0.01564460343145768,0.045151241905074184,-0.01307232325410363,0.09987717021743567,0.0,1.8931224642962028,1329536000.0,50938000.0,116737000.0,105898000.0,196359000.0,0.38999999999999996,0.38999999999999996,0.0,0.9912738,87.1,51.03,1.9164,12746.103,37.0547,5.521,4.512
2014-09-28,2444110000.0,1085823000.0,588515000.0,,851242000.0,,,414591000.0,1143845000.0,,29524000.0,-1568000.0,-12226000.0,0.0,150728000.0,36243000.0,25819000.0,58636000.0,10424000.0,0.0,,26.8606,1.0827,0.0,88160000.0,-0.0018420143742907422,-0.0006415423201083421,-0.0013708151016964712,,0.025811189453116463,0.012079652716121615,0.034683439022040734,0.009113122844441336,0.07707337969742403,0.0,1.8450217921378385,1340011000.0,49891000.0,59051000.0,117912000.0,132510000.0,0.38999999999999996,0.38999999999999996,0.0,0.9912738,87.1,51.03,1.9164,12746.103,37.0547,5.521,4.512
2014-12-28,2566474000.0,1148095000.0,600508000.0,,726328000.0,,,176607000.0,-724852000.0,,1809000.0,22201000.0,6900000.0,0.0,-313287000.0,40593000.0,-19285000.0,-38534000.0,21308000.0,0.0,1.9119,60.7844,1.2742,0.0,-36725000.0,0.03056608033835953,0.00865038960067392,-0.0306283213676723,,-0.0024956818771280204,0.0007048581049330716,0.0024906103027833157,-0.029396345736784887,0.05066551516723414,0.0,1.9118729475710565,1588528000.0,33307000.0,91948000.0,6571000.0,171403000.0,0.0,0.0,0.0,0.9912738,87.1,51.03,1.9164,12746.103,37.0547,5.521,4.512
2015-03-29,2360146000.0,943870000.0,307438000.0,,827830000.0,,,266175000.0,384239000.0,,-11064000.0,-14262000.0,-9407000.0,0.0,163988000.0,11073000.0,8791000.0,14844000.0,2282000.0,0.0,,129.9347,1.4206,0.0,3780000.0,-0.017228174866820482,-0.006042846501868952,-0.03711752320821156,,-0.028794578374397185,-0.004687845582434307,-0.013365062875228005,0.005939011917062037,0.009837627101881902,0.0,3.07011495000618,1582359000.0,17302000.0,58825000.0,23829000.0,133032000.0,0.0,0.0,0.0,0.9912738,87.1,51.03,1.9164,12746.103,37.0547,5.521,4.512
2015-06-28,2366215000.0,922663000.0,310357000.0,,842138000.0,,,155001000.0,767125000.0,,26987000.0,2138000.0,2293000.0,0.0,167491000.0,65680000.0,14446000.0,30654000.0,51234000.0,0.0,,91.5816,1.4232,0.0,57641000.0,0.00253877630507114,0.0009035527202726718,0.0027870294932377383,,0.03517940361740264,0.011405134360149014,0.032045816718875055,0.06678702949323774,0.0751389929933192,0.0,2.9729086181397553,1570357000.0,8509000.0,47256000.0,85248000.0,112856000.0,0.0,0.0,0.0,0.9912738,87.1,51.03,1.9164,12746.103,37.0547,5.521,4.512
2015-09-27,2339914000.0,914083000.0,323788000.0,,816838000.0,,,144606000.0,1134529000.0,,48920000.0,11553000.0,5904000.0,0.0,167574000.0,108034000.0,21150000.0,46023000.0,86884000.0,0.0,,40.981,1.2041,0.0,94943000.0,0.014143563350382818,0.00493736094574416,0.010183080379611275,,0.04311921511041146,0.020906751273764762,0.059889476248656405,0.07658155939601367,0.08368494767432123,0.0,2.823091034874671,1561041000.0,21630000.0,66652000.0,161708000.0,119639000.0,0.0,0.0,0.0,0.9912738,87.1,51.03,1.9164,12746.103,37.0547,5.521,4.512
2015-12-27,2417690000.0,862532000.0,563585000.0,,826751000.0,,,105776000.0,-706678000.0,,71742000.0,63817000.0,35120000.0,0.0,-332630000.0,-9461000.0,-17422000.0,-29924000.0,-26883000.0,0.0,1.5303,34.8655,1.3953,0.0,41818000.0,0.07719010923482403,0.026395857202536305,-0.09030562717390382,,-0.10152006996114213,0.0296737795168115,0.08677582488560642,0.03804137103461548,-0.059175466053846305,0.0,1.5304381770274227,1579215000.0,63246000.0,136585000.0,113517000.0,198182000.0,0.0,0.0,0.0,0.9912738,87.1,51.03,1.9164,12746.103,37.0547,5.521,4.512
2016-03-27,2311987000.0,846128000.0,513138000.0,,796691000.0,,,185693000.0,379515000.0,,27935000.0,-8271000.0,-9201000.0,0.0,161003000.0,-20684000.0,10542000.0,15472000.0,-31226000.0,0.0,,28.9682,1.2732,0.0,43407000.0,-0.010381691270517678,-0.003577442260704753,-0.021793604995849966,,0.07360710380353873,0.012082680395694266,0.035063782570657884,-0.08227869781168069,0.11437492589225723,0.0,1.6489287482119819,1574491000.0,69237000.0,175584000.0,80009000.0,237809000.0,0.0,0.0,0.0,0.9912738,87.1,51.03,1.9164,12746.103,37.0547,5.521,4.512
2016-06-26,2329241000.0,939142000.0,526217000.0,,803043000.0,,,400062000.0,752145000.0,,37076000.0,-8482000.0,-9077000.0,0.0,161052000.0,31504000.0,14592000.0,30619000.0,16912000.0,0.0,,35.1272,1.1812,0.0,67695000.0,-0.010562323561751985,-0.0036415295798073277,-0.011277080882010782,,0.049293686722639916,0.01591763153748367,0.04616938320862021,0.022485026158519966,0.0900025925852063,0.0,1.784704789088912,1559511000.0,58617000.0,185673000.0,45687000.0,247863000.0,0.0,0.0,0.0,0.9912738,87.1,51.03,1.9164,12746.103,37.0547,5.521,4.512
2016-09-25,2356880000.0,962750000.0,572808000.0,,797186000.0,,,156938000.0,1115692000.0,,46049000.0,-8076000.0,-8956000.0,0.0,161092000.0,76071000.0,21820000.0,46003000.0,54251000.0,0.0,,45.342,1.267,0.0,92052000.0,-0.010130634506877944,-0.003426563931977869,-0.007238556877704599,,0.041273935817411976,0.019538118190149688,0.05776443640505478,0.04862542708919666,0.08250664161793757,0.0,1.6807551570508792,1540674000.0,38988000.0,182802000.0,13054000.0,244972000.0,0.0,0.0,0.0,0.9912738,87.1,51.03,1.9164,12746.103,37.0547,5.521,4.512
2016-12-25,2185395000.0,796178000.0,398737000.0,,847815000.0,,,100692000.0,-692010000.0,,-9456000.0,53897000.0,31655000.0,0.0,-320330000.0,7356000.0,-16859000.0,-30371000.0,-9503000.0,0.0,1.997,75.8221,1.4138,0.0,-39827000.0,0.06357165183442143,0.02466236080891555,-0.07788471264866115,,0.013664542419907227,-0.004326906577529463,-0.011153376621078891,0.013732460513576393,0.057552636522593605,0.0,1.9967497372955105,1555342000.0,29068000.0,101604000.0,30434000.0,163327000.0,0.0,0.0,0.0,0.9912738,87.1,51.03,1.9164,12746.103,37.0547,5.521,4.512
2017-03-26,2170226000.0,767931000.0,387845000.0,,860600000.0,,,150964000.0,398804000.0,,29009000.0,13181000.0,10742000.0,0.0,162592000.0,30131000.0,8032000.0,16153000.0,22099000.0,0.0,,45.7822,1.4683,0.0,45162000.0,0.015316058563792702,0.006073561002402515,0.033051323457136836,,0.07273999257780764,0.01336681064552724,0.03370787822449454,0.05541318542441901,0.11324359835909369,0.0,1.9799945854658434,1574631000.0,50520000.0,102678000.0,83759000.0,165082000.0,0.0,0.0,0.0,0.9912738,87.1,51.03,1.9164,12746.103,37.0547,5.521,4.512
2017-06-25,2195168000.0,775407000.0,398456000.0,,887703000.0,,,204142000.0,805878000.0,,56678000.0,28780000.0,17453000.0,0.0,163673000.0,99461000.0,21411000.0,31284000.0,78050000.0,0.0,,42.4336,1.7484,0.0,87962000.0,0.03242075333754645,0.013110613857344858,0.03571260165930823,,0.07033074485219847,0.025819436143384014,0.06384793112110694,0.09685088809968755,0.10915051657943262,0.0,1.9460291726062602,1628364000.0,87782000.0,122280000.0,144897000.0,185349000.0,0.0,0.0,0.0,0.9912738,87.1,51.03,1.9164,12746.103,37.0547,5.521,4.512
2017-09-24,2238958000.0,767763000.0,418672000.0,,918678000.0,,,244667000.0,1191513000.0,,89691000.0,61109000.0,40873000.0,0.0,164005000.0,147895000.0,47831000.0,46961000.0,100064000.0,0.0,,32.3145,1.9454,0.0,136652000.0,0.06651841015023763,0.027293499922731914,0.05128689321895775,,0.07527488160011683,0.040059259709204015,0.09763050818676403,0.08398061959877903,0.11468779610461657,0.0,1.833805461076929,1704185000.0,156967000.0,165922000.0,190710000.0,229949000.0,0.0,0.0,0.0,0.9912738,87.1,51.03,1.9164,12746.103,37.0547,5.521,4.512
2017-12-31,2099780000.0,749699000.0,415657000.0,,897279000.0,,,182911000.0,-720556000.0,,-63012000.0,-98774000.0,34888000.0,0.0,-326007000.0,-190775000.0,7479000.0,-32527000.0,-198254000.0,0.0,1.8035,718.2558,1.8432,0.0,-95539000.0,-0.11008170256965782,-0.04704016611264037,0.1370802546922099,,0.08744913650014711,-0.030008858070845516,-0.07022564887844249,0.27514030831746594,0.13259066609673642,0.0,1.803648200319013,1675639000.0,4296000.0,112366000.0,1959000.0,174237000.0,0.0,0.0,0.0,0.9912738,87.1,51.03,1.9164,12746.103,37.0547,5.521,4.512
2018-04-01,2097094000.0,740015000.0,370429000.0,,957991000.0,,,213814000.0,413948000.0,,34055000.0,21912000.0,5251000.0,0.0,166237000.0,17899000.0,24882000.0,15041000.0,-6983000.0,0.0,,299.0723,2.2996,0.0,49096000.0,0.022872866237783028,0.010448744786833589,0.05293418497009286,,0.08226878738392261,0.016239138541238495,0.035548350663002055,-0.016869268603785983,0.11860426913525371,0.0,1.9977242602496026,1690783000.0,13027000.0,117412000.0,-27123000.0,178171000.0,0.0,0.0,0.0,0.9912738,87.1,51.03,1.9164,12746.103,37.0547,5.521,4.512
2018-07-01,2099122000.0,729954000.0,361864000.0,,979606000.0,,,236511000.0,828508000.0,,74057000.0,45509000.0,15250000.0,0.0,166515000.0,77669000.0,45529000.0,29122000.0,32140000.0,0.0,,206.7857,2.5571,0.0,103179000.0,0.04645643248408034,0.02168001669269342,0.05492886007135719,,0.08938598058196179,0.035279988490426,0.0755987611345786,0.03879262481472719,0.12453591274918287,0.0,2.017205358919373,1713413000.0,29756000.0,134791000.0,-73033000.0,193388000.0,0.0,0.0,0.0,0.9912738,87.1,51.03,1.9164,12746.103,37.0547,5.521,4.512
2018-09-30,2141388000.0,782637000.0,402962000.0,,1006588000.0,,,206179000.0,1245854000.0,,115500000.0,70485000.0,25342000.0,0.0,166671000.0,116376000.0,61983000.0,43969000.0,54393000.0,0.0,,274.7599,2.176,0.0,159469000.0,0.0700236839700056,0.03291556691267533,0.05657565011630576,,0.09270749221016267,0.05393697919293468,0.11474406609258207,0.043659208863959985,0.12799974956937168,0.0,1.94221043175287,1767754000.0,39132000.0,160600000.0,-118704000.0,216205000.0,0.0,0.0,0.0,0.9912738,87.1,51.03,1.9164,12746.103,37.0547,5.521,4.512
2018-12-30,2197123000.0,893946000.0,673304000.0,,1040781000.0,,253630000.0,241504000.0,-739712000.0,,-33445000.0,-12222000.0,2788000.0,0.0,-332484000.0,-54827000.0,-54907000.0,-29121000.0,-109734000.0,253630000.0,1.3276,29.3664,2.1112,0.0,-62566000.0,-0.011743104457133634,-0.005562729077980614,0.016522646651669838,,0.045213542567918326,-0.01522217918614479,-0.025838006630042546,0.14834692420834053,0.08458156688008306,0.24369199668325997,1.3277004146715303,1748598000.0,125684000.0,190167000.0,-30184000.0,249178000.0,0.0,0.0,1.017866745860389,0.9912738,87.1,51.03,1.9164,12746.103,37.0547,5.521,4.512
2019-03-31,2194563000.0,884121000.0,636311000.0,2194563000.0,1057954000.0,,254530000.0,235674000.0,439062000.0,,34598000.0,30156000.0,1300000.0,0.18,167129000.0,25184000.0,10473000.0,14918000.0,14711000.0,254530000.0,,41.5111,3.1361,0.18,49516000.0,0.02850407484635438,0.013741232309120312,0.06868278284160323,,0.07879980503892389,0.01576532548849133,0.026360702301894728,0.03350551858279696,0.11277678323334746,0.24058701985152472,1.389447927192835,1773712000.0,133928000.0,190710000.0,-8490000.0,249598000.0,0.18,0.18,1.0197597737161355,0.9912738,87.1,51.03,1.9164,12746.103,37.0547,5.521,4.512
2019-06-30,2206368000.0,922736000.0,631644000.0,,1083343000.0,,254378000.0,255790000.0,875320000.0,,72531000.0,55327000.0,10700000.0,0.0,167322000.0,64000000.0,23065000.0,30098000.0,40935000.0,254378000.0,,41.3656,3.1242,0.0,102629000.0,0.0510706212159953,0.025076052589595207,0.06320774116894393,,0.08286226751359503,0.03287348257407649,0.054219826107237606,0.04676575423844994,0.11724740666270621,0.23480836632534663,1.4608481993021385,1820524000.0,143746000.0,189184000.0,305000.0,249048000.0,0.18,0.18,1.0214014969001959,0.9912738,87.1,51.03,1.9164,12746.103,37.0547,5.521,4.512
2019-09-29,2254961000.0,909289000.0,659782000.0,,1095906000.0,,246208000.0,283795000.0,1303821000.0,,97617000.0,71754000.0,16800000.0,0.0,167384000.0,121600000.0,33101000.0,45548000.0,88499000.0,246208000.0,,37.2281,2.6171,0.0,143165000.0,0.0654745936239057,0.03182050598657804,0.05503362808238248,,0.07486993996875338,0.043289883949212425,0.07273376181158978,0.067876648711748,0.10980418324294516,0.22466160418868042,1.3781658184066858,1878491000.0,145015000.0,171301000.0,34411000.0,232744000.0,0.18,0.18,1.0578489671054894,0.9912738,87.1,51.03,1.9164,12746.103,37.0547,5.521,4.512
2019-12-29,2089138000.0,716831000.0,437695000.0,,1172003000.0,,0.0,230431000.0,-806019000.0,,-29164000.0,-17271000.0,-4306000.0,0.6499999999999999,-334290000.0,-20886000.0,-21198000.0,-29903000.0,-42084000.0,0.0,1.6377,38.1296,2.9455,0.6499999999999999,-59067000.0,-0.01473631040193583,-0.008267046025681405,0.021427534586653665,,0.036182769885077154,-0.013959824578366772,-0.024883895348390746,0.05221216869577516,0.0732823916061532,0.0,1.637740892630713,1812184000.0,139966000.0,175582000.0,102061000.0,236243000.0,0.8299999999999998,0.8299999999999998,0.0,0.9912738,87.1,51.03,1.9164,12746.103,37.0547,5.521,4.512
2020-03-29,2023470000.0,653697000.0,371044000.0,,1191714000.0,,,218316000.0,443636000.0,,27320000.0,32854000.0,6000000.0,0.0,167845000.0,38851000.0,15217000.0,15185000.0,23634000.0,0.0,,37.2903,2.929,0.0,42505000.0,0.027568695173506394,0.016236465082259684,0.07405620824279364,,0.06158201769017844,0.013501559202755663,0.022924963539909745,0.05327340432246256,0.09581052935289291,0.0,1.761777578939425,1816758000.0,142664000.0,168304000.0,110984000.0,229232000.0,0.6499999999999999,0.6499999999999999,0.0,0.9912738,87.1,51.03,1.9164,12746.103,37.0547,5.521,4.512
2020-06-28,2058357000.0,682517000.0,371112000.0,,1229171000.0,,,249312000.0,847386000.0,,56126000.0,56516000.0,11800000.0,0.0,167968000.0,118590000.0,21510000.0,30816000.0,97080000.0,0.0,,49.775,3.9389,0.0,86942000.0,0.045978956548763356,0.027456850293705124,0.06669451702057858,,0.0662342781211868,0.02726737878803337,0.04566166953174131,0.11456408295629146,0.10260023177158933,0.0,1.839113259608959,1788824000.0,143853000.0,151899000.0,167129000.0,213545000.0,0.6499999999999999,0.6499999999999999,0.0,0.9912738,87.1,51.03,1.9164,12746.103,37.0547,5.521,4.512
2020-09-27,2139541000.0,720984000.0,425928000.0,,1255394000.0,,,215763000.0,1274281000.0,,95722000.0,90094000.0,19100000.0,0.0,167943000.0,206683000.0,29236000.0,46368000.0,177447000.0,0.0,,44.468,3.9512,0.0,142090000.0,0.0717655174391466,0.04210903179700693,0.07070183107179656,,0.07511843933951774,0.044739502538161224,0.07624857216140908,0.13925264521718522,0.11150601790342947,0.0,1.6927368005860146,1759284000.0,162193000.0,150004000.0,256077000.0,212470000.0,0.6499999999999999,0.6499999999999999,0.0,0.9912738,87.1,51.03,1.9164,12746.103,37.0547,5.521,4.512
2020-12-27,2307689000.0,835835000.0,486748000.0,2307689000.0,1325517000.0,,,286079000.0,-781664000.0,,-2912000.0,-79361000.0,-22305000.0,0.6,-335718000.0,-66191000.0,-31512000.0,-30233000.0,-97703000.0,0.0,1.7173,86.1451,4.8392,0.6,-33145000.0,-0.059871733067173034,-0.034389815958736206,0.10152827813485078,,0.0037253858435337944,-0.0012618684753448147,-0.002196878651876966,0.12499360338969173,0.042403129733491626,0.0,1.7171821969479073,1783639000.0,100103000.0,176256000.0,200458000.0,238392000.0,0.6,0.6,0.0,0.9912738,87.1,51.03,1.9164,12746.103,37.0547,5.521,4.512
2021-03-28,2282762000.0,786652000.0,440706000.0,2282762000.0,1352868000.0,,,275242000.0,473045000.0,,51658000.0,41109000.0,9461000.0,0.24,168165000.0,32929000.0,6394000.0,14717000.0,26535000.0,0.0,,75.9083,4.5383,0.24,66375000.0,0.03038655655984176,0.01800844766121041,0.08690293735268315,,0.10920314135018867,0.0226296039622177,0.03818406525987753,0.05609402910928136,0.1403143464152459,0.0,1.7849813708004882,1813048000.0,108358000.0,200594000.0,203359000.0,262262000.0,0.84,0.84,0.0,0.9912738,87.1,51.03,1.9164,12746.103,37.0547,5.521,4.512
2021-06-27,2348007000.0,881238000.0,446517000.0,,1416782000.0,,,320871000.0,971542000.0,,124943000.0,95426000.0,27700000.0,0.57,168312000.0,110434000.0,14677000.0,29203000.0,95757000.0,0.0,,53.5519,3.9022,0.57,154146000.0,0.06735404600001976,0.04064127577132436,0.09822117829182886,,0.1286027778521155,0.053212362654796175,0.08818787929265053,0.09856187380473515,0.15866117985635206,0.0,1.9735821928392423,1937204000.0,147268000.0,269411000.0,202036000.0,329466000.0,1.41,1.41,0.0,0.9912738,87.1,51.03,1.9164,12746.103,37.0547,5.521,4.512
2021-09-26,2469412000.0,925654000.0,526594000.0,,1467527000.0,,,323990000.0,1480645000.0,,173919000.0,150082000.0,48000000.0,0.89,168492000.0,209557000.0,23750000.0,43529000.0,185807000.0,0.0,,54.0307,4.3462,0.89,217448000.0,0.10226864650531131,0.06077641155060395,0.1013625818477758,,0.11746164678231447,0.07042931677662537,0.1185116185255876,0.12549058011879957,0.14686032100874957,0.0,1.7578134198262798,2143568000.0,207256000.0,347608000.0,210396000.0,404824000.0,2.3,2.3,0.0,0.9912738,87.1,51.03,1.9164,12746.103,37.0547,5.521,4.512
2021-12-26,2564108000.0,952708000.0,559152000.0,,1538720000.0,,,319973000.0,-850355000.0,,-82486000.0,-66646000.0,-14631000.0,-0.3899999999999999,-336436000.0,-83822000.0,-10184000.0,-29947000.0,-94006000.0,0.0,1.7038,36.359,3.8546,-0.3899999999999999,-112433000.0,-0.043312623479255484,-0.02599188489720402,0.07837432601678122,,0.09700184040782966,-0.03216947180071978,-0.053606894041800975,0.11054912360131945,0.1322188968136837,0.0,1.7038443929378773,2074877000.0,219971000.0,268034000.0,214093000.0,325536000.0,1.31,1.31,0.0,0.9912738,87.1,51.03,1.9164,12746.103,37.0547,5.521,4.512
2022-03-27,2529266000.0,487015000.0,593013000.0,,1493071000.0,,,169171000.0,537425000.0,6284000.0,,4725000.0,1100000.0,0.03,168257000.0,-14659000.0,8580000.0,18685000.0,-23239000.0,0.0,,42.8857,3.6804,0.03,,0.0031646184273889186,0.0018681309122883872,0.008791924454575058,0.011692794343396753,,,,-0.04324138251849095,,0.0,0.8212551832759147,2139257000.0,183587000.0,,164319000.0,,1.1,1.1,,0.9912738,87.1,51.03,1.9164,12746.103,37.0547,5.521,4.512
2022-06-26,2512861000.0,473338000.0,534277000.0,,1538129000.0,,,161342000.0,1093105000.0,,57945000.0,66502000.0,25000000.0,0.4,167816000.0,16148000.0,19005000.0,39390000.0,-2857000.0,0.0,,25.9138,2.254,0.4,97335000.0,0.043235645384749916,0.026464655227646895,0.060837705435433924,,0.05300954620095965,0.02305937335968842,0.03767239288772268,-0.002613655595757041,0.08904451082009505,0.0,0.8859411878108172,2260820000.0,154663000.0,,65705000.0,,0.9300000000000002,0.9300000000000002,,0.9912738,87.1,51.03,1.9164,12746.103,37.0547,5.521,4.512
2022-09-25,2515392000.0,543208000.0,555758000.0,,1540353000.0,,,190050000.0,1640785000.0,,108960000.0,103119000.0,39200000.0,0.0,167418000.0,85024000.0,27809000.0,61150000.0,57215000.0,0.0,,26.839,2.0776,0.0,170110000.0,0.0669450444151438,0.0409952007480345,0.06284735660065152,,0.06640723799888468,0.04331730402259369,0.07073703235557044,0.03487050405750906,0.10367598436114421,0.0,0.9774182287974262,2420960000.0,107700000.0,,-62887000.0,,0.04000000000000015,0.04000000000000015,,0.9912738,87.1,51.03,1.9164,12746.103,37.0547,5.521,4.512
2022-12-31,2533752000.0,655675000.0,571210000.0,,1597967000.0,,,221385000.0,-962994000.0,,35062000.0,-441000.0,-3206000.0,0.57,-336350000.0,64174000.0,-18433000.0,-36571000.0,45741000.0,0.0,1.1479,30.8855,2.3269,0.57,-1509000.0,-0.0002759756615749887,-0.00017405018328549914,0.00045794677848460115,,-0.036409364959698605,0.01383797625024075,0.021941629583089012,-0.04749873830989601,0.0015669879563112543,0.0,1.1478703103937256,2308321000.0,173905000.0,,76860000.0,,1.0,1.0,,0.9912738,87.1,51.03,1.9164,12746.103,37.0547,5.521,4.512
2023-03-31,2472287000.0,634407000.0,540454000.0,,1574785000.0,,,235350000.0,560739000.0,,27900000.0,22321000.0,9400000.0,0.0,165398000.0,50730000.0,5985000.0,20840000.0,44745000.0,0.0,,33.4252,2.7453,0.0,48740000.0,0.014173998355331046,0.009028482534592465,0.03980639834218772,,0.04975576872662683,0.011285097563511032,0.01771670418501573,0.07979648285566011,0.08692100959626493,0.0,1.1738408819251962,2331635000.0,191501000.0,229867000.0,144844000.0,314676000.0,0.97,0.97,0.0,0.9912738,87.1,51.03,1.9164,12746.103,37.0547,5.521,4.512
2023-06-30,2479069000.0,674774000.0,532052000.0,,1605215000.0,,,245630000.0,1151592000.0,,83675000.0,68895000.0,23800000.0,0.0,165325000.0,119782000.0,10792000.0,42698000.0,108990000.0,0.0,,32.65,2.2151,0.0,126373000.0,0.04291948430584065,0.027790674644392714,0.05982587583102349,,0.07266028246114943,0.033752590186073884,0.05212697364527493,0.0946428943584186,0.10973765013998013,0.0,1.2682482163397564,2390122000.0,193894000.0,255597000.0,256691000.0,343714000.0,0.57,0.57,0.0,0.9912738,87.1,51.03,1.9164,12746.103,37.0547,5.521,4.512
2023-09-30,2546530000.0,658090000.0,554009000.0,,1653235000.0,,,235566000.0,1749937000.0,,147242000.0,122510000.0,40200000.0,0.0,165436000.0,224100000.0,16539000.0,64173000.0,207561000.0,0.0,,31.4628,2.2779,0.0,211415000.0,0.07410319767002271,0.0481086026867934,0.07000823458215924,,0.08414131480161857,0.05782064220723887,0.08906295838159729,0.11861055569429071,0.12081292069371641,0.0,1.1878687891351944,2499274000.0,213285000.0,293879000.0,407037000.0,385019000.0,0.57,0.57,0.0,0.9912738,87.1,51.03,1.9164,12746.103,37.0547,5.521,4.512
2023-12-31,2714595000.0,781653000.0,611559000.0,,1763219000.0,,,289472000.0,-1036116000.0,,17455000.0,18661000.0,-3564000.0,1.0,-330496000.0,-33994000.0,-10647000.0,-41596000.0,-44641000.0,0.0,1.2781,31.4716,2.6837,1.0,-24141000.0,0.010583483957466428,0.006874321952261756,-0.018010531639314518,,-0.01684656930305101,0.006430056785634689,0.009899507661838943,0.04308494415683186,0.023299514726150355,0.0,1.2781317910455083,2426152000.0,232387000.0,276272000.0,316655000.0,362387000.0,1.0,1.0,0.0,0.9912738,87.1,51.03,1.9164,12746.103,37.0547,5.521,4.512
2024-03-31,2622822000.0,681160000.0,544717000.0,,1747962000.0,,,206817000.0,594015000.0,,48319000.0,40417000.0,15200000.0,0.0,165630000.0,53079000.0,6424000.0,20706000.0,46655000.0,0.0,,25.8426,2.3343,0.0,69025000.0,0.023122356206828294,0.015409738060760509,0.06804036935094232,,0.08134306372734695,0.01842252352618668,0.027643049448443386,0.07854178766529464,0.11620076934084156,0.0,1.250484196380873,2459428000.0,250483000.0,296691000.0,318565000.0,382672000.0,1.0,1.0,0.0,0.9912738,87.1,51.03,1.9164,12746.103,37.0547,5.521,4.512
2024-06-30,2673368000.0,716153000.0,543129000.0,,1804986000.0,,,222946000.0,1219112000.0,,127729000.0,105957000.0,36800000.0,0.0,165716000.0,133310000.0,14054000.0,41243000.0,119256000.0,0.0,,31.3683,3.3894,0.0,168972000.0,0.058702394367601746,0.03963427406926394,0.08691326145587937,,0.10477216203269264,0.04777830811171526,0.07076453778588865,0.09782202127450144,0.1386025238042116,0.0,1.318568885108326,2526948000.0,287545000.0,340745000.0,328831000.0,425271000.0,1.0,1.0,0.0,0.9912738,87.1,51.03,1.9164,12746.103,37.0547,5.521,4.512
2024-09-30,2762101000.0,794980000.0,589598000.0,,1852052000.0,,,204620000.0,1859290000.0,,204456000.0,170100000.0,57700000.0,1.0,165834000.0,258816000.0,21115000.0,61865000.0,237701000.0,0.0,,32.6551,3.6059,1.0,266321000.0,0.09184407349253693,0.06158355541669186,0.09148653518278482,,0.10996455636291272,0.07402191302924839,0.11039430858312833,0.12784503762188792,0.14323801020819776,0.0,1.3483424299268314,2636301000.0,335135000.0,397959000.0,358971000.0,480177000.0,2.0,2.0,0.0,0.9912738,87.1,51.03,1.9164,12746.103,37.0547,5.521,4.512
2024-12-31,2841479000.0,936322000.0,613529000.0,,1927209000.0,,,199448000.0,-1086498000.0,,-29408000.0,-22649000.0,-20102000.0,0.0,-331378000.0,-34693000.0,-12420000.0,-40878000.0,-47113000.0,0.0,1.5261,29.0439,3.3001,0.0,-70286000.0,-0.011752228222263386,-0.007970848983927033,0.020845873623329264,,0.027066777849568062,-0.010349539799519898,-0.015259372491514931,0.04336225193235514,0.06469040900213346,0.0,1.526125089441575,2585919000.0,293825000.0,351096000.0,356499000.0,434032000.0,1.0,1.0,0.0,0.9912738,87.1,51.03,1.9164,12746.103,37.0547,5.521,4.512
2025-03-31,2735065000.0,801574000.0,554853000.0,,1884856000.0,,,182597000.0,635910000.0,,58634000.0,49551000.0,14400000.0,0.0,164908000.0,99088000.0,9237000.0,21378000.0,89851000.0,0.0,,26.7809,3.0876,0.0,80012000.0,0.026289010937705585,0.018116936891810615,0.07792140397226023,,0.09220487175858219,0.021437881732244025,0.031107946707865215,0.14129515182966143,0.1258228365649227,0.0,1.444660117184191,2627814000.0,302959000.0,361411000.0,399695000.0,445019000.0,1.0,1.0,0.0,0.9912738,87.1,51.03,1.9164,12746.103,37.0547,5.521,4.512
2025-06-30,2805036000.0,855002000.0,577985000.0,,1935708000.0,,,198242000.0,1321783000.0,,165185000.0,132496000.0,43100000.0,0.0,164787000.0,212726000.0,19573000.0,42774000.0,193153000.0,0.0,,28.4911,3.3949,0.0,207959000.0,0.06844834034885428,0.04723504439871717,0.10024035715393526,,0.12497134552343311,0.05888872727480146,0.08533570145910437,0.14613064322963754,0.15733217933654767,0.0,1.4792806041679283,2730485000.0,329498000.0,398867000.0,473592000.0,484006000.0,1.0,1.0,0.0,0.9912738,87.1,51.03,1.9164,12746.103,37.0547,5.521,4.512
2025-09-30,2887126000.0,938298000.0,615489000.0,,1980252000.0,,,249339000.0,2022604000.0,,269973000.0,214143000.0,69500000.0,1.0,164726000.0,420334000.0,27451000.0,64115000.0,392883000.0,0.0,,27.6611,3.3994,1.0,334088000.0,0.10813926712357821,0.07417168492126773,0.10587490185918746,,0.13347793240792563,0.09350925453201557,0.13633264857199992,0.19424613023607193,0.16517716765120607,0.0,1.5244756608160341,2893799000.0,373541000.0,464384000.0,628774000.0,551773000.0,1.0,1.0,0.0,0.9912738,87.1,51.03,1.9164,12746.103,37.0547,5.521,4.512
2025-12-31,2997090000.0,1028067000.0,666695000.0,,2041363000.0,,,255445000.0,-1155379000.0,,-62235000.0,-52209000.0,-19725000.0,1.0,-329478000.0,-147659000.0,-22277000.0,-43260000.0,-169936000.0,0.0,1.542,32.7642,3.9896,1.0,-105495000.0,-0.02557555907499058,-0.01741989730038137,0.045187769554405954,,0.05386544155640703,-0.020765142187922286,-0.03048698345174278,0.14708247250469325,0.0913077007631262,0.0,1.5420349635140507,2824918000.0,343981000.0,431557000.0,505951000.0,516564000.0,2.0,2.0,0.0,0.9912738,87.1,51.03,1.9164,12746.103,37.0547,5.521,4.512
