report_date,total_assets,current_assets,current_liabilities,total_liabilities,total_equity,long_term_debt,short_term_debt,cash,revenue,gross_profit,operating_income,net_income,interest_expense,income_tax,eps_diluted,shares_diluted,operating_cash_flow,capex,depreciation,fcf,total_debt,bf_current_ratio,bf_ps,bf_pe,eps,ebitda,roe,roa,net_margin,gross_margin,operating_margin,roi,roic,fcf_margin,ebitda_margin,debt_equity,current_ratio,net_income_ttm,operating_income_ttm,gross_profit_ttm,fcf_ttm,ebitda_ttm,interest_expense_ttm,eps_diluted_ttm,eps_ttm,debt_to_ebitda,interest_coverage,bf_beta,bf_52w_high,bf_52w_low,bf_10d_avg_vol,bf_market_cap,bf_pb_annual,bf_ps_ttm
2010-03-31,8371700000.0,2536700000.0,1898600000.0,,1477000000.0,3184900000.0,283100000.0,521400000.0,,310800000.0,,85300000.0,55600000.0,34200000.0,0.5,170671000.0,24500000.0,96800000.0,,-72300000.0,3468000000.0,,0.8778,29.038,0.5,,0.05775220040622884,0.010189089432253903,,,,,,,,2.348002708192282,1.3360897503423574,,,,,,,,,,,0.821717,16.91,9.227,2.40921,1576.9467,1.752,0.2454
2010-06-30,8358200000.0,2728000000.0,1919000000.0,,1538300000.0,3227800000.0,272700000.0,682300000.0,,707700000.0,,226400000.0,115600000.0,88900000.0,1.34,168554604.0,174600000.0,236500000.0,,-61900000.0,3500500000.0,,0.6613,22.3446,1.34,,0.14717545342260938,0.027087171879112727,,,,,,,,2.275563934213092,1.4215737363210006,,,,,,,,,,,0.821717,16.91,9.227,2.40921,1576.9467,1.752,0.2454
2010-09-30,9883200000.0,2965600000.0,2155900000.0,,1938200000.0,4005700000.0,339300000.0,700200000.0,,1084800000.0,,365100000.0,176600000.0,146200000.0,2.18,167557821.0,405000000.0,391600000.0,,13400000.0,4345000000.0,,0.6905,22.2894,2.18,,0.18837065318336602,0.03694147644487615,,,,,,,,2.2417707150964814,1.3755740062155017,,,,,,,,,,,0.821717,16.91,9.227,2.40921,1576.9467,1.752,0.2454
2010-12-31,9754000000.0,2738000000.0,2079000000.0,,1815000000.0,3924000000.0,257000000.0,640000000.0,,-753300000.0,,-723800000.0,-98800000.0,-140300000.0,-4.300000000000001,,-12100000.0,-224900000.0,,-237000000.0,4181000000.0,1.317,0.7577,,-4.300000000000001,,-0.3987878787878788,-0.07420545417264712,,,,,,,,2.303581267217631,1.316979316979317,-47000000.0,,1350000000.0,-357800000.0,,249000000.0,-0.28000000000000025,-0.28000000000000025,,,0.821717,16.91,9.227,2.40921,1576.9467,1.752,0.2454
2011-03-31,9976000000.0,2785000000.0,2077000000.0,,1980000000.0,3991000000.0,372000000.0,430000000.0,,333000000.0,,72000000.0,76000000.0,28000000.0,0.44,166114000.0,-85000000.0,73000000.0,,-158000000.0,4363000000.0,,0.7275,,0.44,,0.03636363636363636,0.007217321571772253,,,,,,,,2.2035353535353535,1.34087626384208,-60300000.0,,1372200000.0,-443500000.0,,269400000.0,-0.34000000000000025,-0.34000000000000025,,,0.821717,16.91,9.227,2.40921,1576.9467,1.752,0.2454
2011-06-30,10144000000.0,2751000000.0,2192000000.0,,2133000000.0,3969000000.0,371000000.0,260000000.0,,688000000.0,,145000000.0,176000000.0,60000000.0,0.87,166193000.0,94000000.0,153000000.0,,-59000000.0,4340000000.0,,0.5973,,0.87,,0.06797937177684013,0.01429416403785489,,,,,,,,2.03469292076887,1.2550182481751824,-141700000.0,,1352500000.0,-440600000.0,,329800000.0,-0.8100000000000004,-0.8100000000000004,,,0.821717,16.91,9.227,2.40921,1576.9467,1.752,0.2454
2011-09-30,9552000000.0,2639000000.0,2113000000.0,9552000000.0,1940000000.0,3743000000.0,345000000.0,256000000.0,,1075000000.0,363000000.0,261000000.0,246000000.0,85000000.0,1.57,166017000.0,280000000.0,204000000.0,,76000000.0,4088000000.0,,0.3417,,1.57,363000000.0,0.1345360824742268,0.027324120603015076,,,,0.03800251256281407,0.060218978102189784,,,2.107216494845361,1.2489351632749646,-245800000.0,,1342700000.0,-378000000.0,,399200000.0,-1.4200000000000006,-1.4200000000000006,,,0.821717,16.91,9.227,2.40921,1576.9467,1.752,0.2454
2011-12-31,8926000000.0,2694000000.0,2245000000.0,8926000000.0,839000000.0,3627000000.0,330000000.0,400000000.0,,-717000000.0,-769000000.0,-988000000.0,-184000000.0,-88000000.0,-5.99,,214000000.0,-145000000.0,,69000000.0,3957000000.0,1.2218,0.4518,,-5.99,-769000000.0,-1.1775923718712753,-0.11068787810889537,,,,-0.08615281200985885,-0.16034195162635528,,,4.716328963051252,1.2,-510000000.0,,1379000000.0,-72000000.0,,314000000.0,-3.1100000000000003,-3.1100000000000003,,,0.821717,16.91,9.227,2.40921,1576.9467,1.752,0.2454
2012-03-31,9161000000.0,2865000000.0,2116000000.0,9161000000.0,1131000000.0,3724000000.0,406000000.0,299000000.0,,378000000.0,170000000.0,121000000.0,64000000.0,44000000.0,0.72,166206000.0,-95000000.0,73000000.0,,-168000000.0,4130000000.0,,0.5224,,0.72,170000000.0,0.10698496905393456,0.0132081650474839,,,,0.018556926099770766,0.03231324843185706,,,3.651635720601238,1.3539697542533082,-461000000.0,,1424000000.0,-82000000.0,,302000000.0,-2.83,-2.83,,,0.821717,16.91,9.227,2.40921,1576.9467,1.752,0.2454
2012-06-30,8834000000.0,2847000000.0,2114000000.0,8834000000.0,1102000000.0,3567000000.0,452000000.0,336000000.0,,754000000.0,349000000.0,254000000.0,126000000.0,85000000.0,1.52,166062000.0,4000000.0,124000000.0,,-120000000.0,4019000000.0,,0.4397,,1.52,349000000.0,0.23049001814882034,0.0287525469775866,,,,0.03950645234321938,0.06815075180628784,,,3.647005444646098,1.346736045411542,-352000000.0,113000000.0,1490000000.0,-143000000.0,113000000.0,252000000.0,-2.1800000000000006,-2.1800000000000006,35.56637168141593,0.44841269841269843,0.821717,16.91,9.227,2.40921,1576.9467,1.752,0.2454
2012-09-30,8871000000.0,2788000000.0,2038000000.0,8871000000.0,1286000000.0,3537000000.0,356000000.0,336000000.0,,1096000000.0,476000000.0,344000000.0,187000000.0,113000000.0,2.07,165964000.0,227000000.0,178000000.0,,49000000.0,3893000000.0,,0.4457,,2.07,476000000.0,0.26749611197511663,0.03877804080712434,,,,0.05365798669823019,0.0919096350646843,,,3.027216174183515,1.368007850834151,-269000000.0,226000000.0,1511000000.0,-170000000.0,226000000.0,193000000.0,-1.6800000000000006,-1.6800000000000006,17.22566371681416,1.1709844559585492,0.821717,16.91,9.227,2.40921,1576.9467,1.752,0.2454
2012-12-31,8598000000.0,2648000000.0,2162000000.0,8598000000.0,881000000.0,3454000000.0,296000000.0,431000000.0,,-854000000.0,-667000000.0,-535000000.0,-129000000.0,-134000000.0,-3.2,,439000000.0,-85000000.0,,354000000.0,3750000000.0,1.2248,0.4999,19.0193,-3.2,-667000000.0,-0.6072644721906924,-0.062223772970458245,,,,-0.07757618050709467,-0.14402936730727706,,,4.256526674233825,1.2247918593894542,184000000.0,328000000.0,1374000000.0,115000000.0,328000000.0,248000000.0,1.1099999999999994,1.1099999999999994,11.432926829268293,1.3225806451612903,0.821717,16.91,9.227,2.40921,1576.9467,1.752,0.2454
2013-03-31,8517000000.0,2683000000.0,1929000000.0,8517000000.0,980000000.0,3550000000.0,347000000.0,359000000.0,,319000000.0,117000000.0,69000000.0,71000000.0,33000000.0,0.42,165501000.0,-136000000.0,94000000.0,,-230000000.0,3897000000.0,,0.6261,32.737,0.42,117000000.0,0.07040816326530612,0.008101444170482565,,,,0.013737231419513914,0.023990157883945047,,,3.976530612244898,1.3908761016070503,132000000.0,275000000.0,1315000000.0,53000000.0,275000000.0,255000000.0,0.8099999999999994,0.8099999999999994,14.170909090909092,1.0784313725490196,0.821717,16.91,9.227,2.40921,1576.9467,1.752,0.2454
2013-06-30,8410000000.0,2693000000.0,2119000000.0,,1034000000.0,,437000000.0,249000000.0,,688000000.0,,201000000.0,128000000.0,70000000.0,1.0,165617000.0,17000000.0,164000000.0,,-147000000.0,437000000.0,,0.6591,34.8039,1.0,,0.19439071566731142,0.023900118906064208,,,,,,,,0.42263056092843326,1.2708824917413875,79000000.0,,1249000000.0,26000000.0,,257000000.0,0.28999999999999937,0.28999999999999937,,,0.821717,16.91,9.227,2.40921,1576.9467,1.752,0.2454
2013-09-30,8472000000.0,2672000000.0,2087000000.0,,1210000000.0,,366000000.0,219000000.0,,1040000000.0,,331000000.0,184000000.0,110000000.0,1.0,165739000.0,242000000.0,239000000.0,,3000000.0,366000000.0,,0.7123,28.9657,1.0,,0.2735537190082645,0.03906987724268177,,,,,,,,0.30247933884297523,1.280306660277911,66000000.0,,1193000000.0,-20000000.0,,254000000.0,-0.7800000000000005,-0.7800000000000005,,,0.821717,16.91,9.227,2.40921,1576.9467,1.752,0.2454
2013-12-31,8419000000.0,2550000000.0,2254000000.0,8419000000.0,1456000000.0,3245000000.0,306000000.0,383000000.0,,-716000000.0,218000000.0,-417000000.0,-144000000.0,-93000000.0,-1.3099999999999998,,559000000.0,-136000000.0,,423000000.0,3551000000.0,1.1313,0.8474,32.0842,-1.3099999999999998,218000000.0,-0.2864010989010989,-0.049530823138139925,,,,0.025893811616581542,0.04353904533652886,,,2.4388736263736264,1.1313220940550133,184000000.0,,1331000000.0,49000000.0,,239000000.0,1.11,1.11,,,0.821717,16.91,9.227,2.40921,1576.9467,1.752,0.2454
2014-03-31,,,,,,,,,,321000000.0,,101000000.0,,27000000.0,0.0,166165000.0,,,,,0.0,,0.8018,25.854,0.0,,,,,,,,,,,,,216000000.0,,1333000000.0,,,,0.6900000000000002,0.6900000000000002,,,0.821717,16.91,9.227,2.40921,1576.9467,1.752,0.2454
2014-06-30,,,,,,,,,,679000000.0,,215000000.0,,66000000.0,1.0,166212000.0,,,,,0.0,,0.818,28.8393,1.0,,,,,,,,,,,,,230000000.0,,1324000000.0,,,,0.6900000000000002,0.6900000000000002,,,0.821717,16.91,9.227,2.40921,1576.9467,1.752,0.2454
2014-09-30,,,,,,,,,,1016000000.0,,275000000.0,,89000000.0,1.0,166187000.0,,,,,0.0,,0.6188,33.5617,1.0,,,,,,,,,,,,,174000000.0,,1300000000.0,,,,0.6900000000000002,0.6900000000000002,,,0.821717,16.91,9.227,2.40921,1576.9467,1.752,0.2454
2014-12-31,7858000000.0,2371000000.0,2328000000.0,,1158000000.0,,127000000.0,512000000.0,,-763000000.0,,-516000000.0,230000000.0,-90000000.0,-2.0,,675000000.0,369000000.0,,306000000.0,127000000.0,1.0185,0.6561,27.1397,-2.0,,-0.44559585492227977,-0.06566556375668109,,,,,,,,0.10967184801381692,1.0184707903780068,75000000.0,,1253000000.0,,,,0.0,0.0,,,0.821717,16.91,9.227,2.40921,1576.9467,1.752,0.2454
2015-03-31,7326000000.0,2199000000.0,2116000000.0,,1028000000.0,,637000000.0,257000000.0,,268000000.0,,71000000.0,47000000.0,25000000.0,0.0,163287000.0,-278000000.0,106000000.0,,-384000000.0,637000000.0,,0.5727,28.0624,0.0,,0.06906614785992218,0.00969150969150969,,,,,,,,0.6196498054474708,1.039224952741021,45000000.0,,1200000000.0,,,,0.0,0.0,,,0.821717,16.91,9.227,2.40921,1576.9467,1.752,0.2454
2015-06-30,7618000000.0,2385000000.0,2139000000.0,,1095000000.0,,555000000.0,378000000.0,,542000000.0,,111000000.0,121000000.0,40000000.0,0.0,162594000.0,-112000000.0,208000000.0,,-320000000.0,555000000.0,,0.5843,61.4668,0.0,,0.10136986301369863,0.014570753478603309,,,,,,,,0.5068493150684932,1.115007012622721,-59000000.0,,1063000000.0,,,,-1.0,-1.0,,,0.821717,16.91,9.227,2.40921,1576.9467,1.752,0.2454
2015-09-30,9554000000.0,2488000000.0,1924000000.0,,878000000.0,,250000000.0,270000000.0,,818000000.0,,128000000.0,188000000.0,73000000.0,0.0,162264000.0,103000000.0,299000000.0,,-196000000.0,250000000.0,,0.5434,196.0329,0.0,,0.14578587699316628,0.013397529830437514,,,,,,,,0.2847380410022779,1.293139293139293,-206000000.0,,865000000.0,-594000000.0,,586000000.0,-2.0,-2.0,,,0.821717,16.91,9.227,2.40921,1576.9467,1.752,0.2454
2015-12-31,9421000000.0,2334000000.0,2122000000.0,,466000000.0,,160000000.0,399000000.0,,-518000000.0,,-384000000.0,-105000000.0,-32000000.0,0.0,-326976000.0,895000000.0,-211000000.0,,684000000.0,160000000.0,1.0999,0.4551,20.754,0.0,,-0.8240343347639485,-0.04076000424583377,,,,,,,,0.34334763948497854,1.0999057492931197,-74000000.0,,1110000000.0,-216000000.0,,251000000.0,0.0,0.0,,,0.821717,16.91,9.227,2.40921,1576.9467,1.752,0.2454
2016-03-31,9688000000.0,2476000000.0,1886000000.0,,416000000.0,,239000000.0,239000000.0,,319000000.0,,67000000.0,66000000.0,27000000.0,0.0,161793000.0,-302000000.0,117000000.0,,-419000000.0,239000000.0,,0.4087,19.7269,0.0,,0.16105769230769232,0.006915772089182494,,,,,,,,0.5745192307692307,1.312831389183457,-78000000.0,,1161000000.0,-251000000.0,,270000000.0,0.0,0.0,,,0.821717,16.91,9.227,2.40921,1576.9467,1.752,0.2454
2016-06-30,9667000000.0,2574000000.0,1995000000.0,,458000000.0,,305000000.0,334000000.0,,661000000.0,,172000000.0,133000000.0,57000000.0,1.0,162307000.0,-110000000.0,207000000.0,,-317000000.0,305000000.0,,0.4463,14.8934,1.0,,0.37554585152838427,0.017792489914140893,,,,,,,,0.665938864628821,1.2902255639097744,-17000000.0,,1280000000.0,-248000000.0,,282000000.0,1.0,1.0,,,0.821717,16.91,9.227,2.40921,1576.9467,1.752,0.2454
2016-09-30,9497000000.0,2442000000.0,2033000000.0,,515000000.0,,262000000.0,294000000.0,,997000000.0,,280000000.0,199000000.0,93000000.0,1.0,162607000.0,220000000.0,310000000.0,,-90000000.0,262000000.0,,0.4461,10.393,1.0,,0.5436893203883495,0.02948299462988312,,,,,,,,0.5087378640776699,1.2011805213969504,135000000.0,,1459000000.0,-142000000.0,,293000000.0,2.0,2.0,,,0.821717,16.91,9.227,2.40921,1576.9467,1.752,0.2454
2016-12-31,9135000000.0,2254000000.0,2060000000.0,,254000000.0,,162000000.0,492000000.0,,-765000000.0,,-310000000.0,-126000000.0,-58000000.0,-1.0,,943000000.0,-180000000.0,,763000000.0,162000000.0,1.0942,0.4344,13.9303,-1.0,,-1.220472440944882,-0.03393541324575807,,,,,,,,0.6377952755905512,1.0941747572815534,209000000.0,,1212000000.0,-63000000.0,,272000000.0,1.0,1.0,,,0.821717,16.91,9.227,2.40921,1576.9467,1.752,0.2454
2017-03-31,9459000000.0,2419000000.0,1859000000.0,,616000000.0,,196000000.0,312000000.0,,315000000.0,,49000000.0,78000000.0,20000000.0,0.0,163840000.0,-337000000.0,98000000.0,,-435000000.0,196000000.0,,0.4928,17.3602,0.0,,0.07954545454545454,0.005180251612221165,,,,,,,,0.3181818181818182,1.3012372243141475,191000000.0,,1208000000.0,-79000000.0,,284000000.0,1.0,1.0,,,0.821717,16.91,9.227,2.40921,1576.9467,1.752,0.2454
2017-06-30,9780000000.0,2554000000.0,2015000000.0,,779000000.0,,271000000.0,335000000.0,,661000000.0,,188000000.0,141000000.0,28000000.0,1.0,164162000.0,-156000000.0,186000000.0,,-342000000.0,271000000.0,,0.5798,17.2389,1.0,,0.24133504492939667,0.019222903885480574,,,,,,,,0.3478818998716303,1.2674937965260547,207000000.0,,1208000000.0,-104000000.0,,292000000.0,1.0,1.0,,,0.821717,16.91,9.227,2.40921,1576.9467,1.752,0.2454
2017-09-30,9999000000.0,2667000000.0,2177000000.0,,939000000.0,,243000000.0,339000000.0,,1014000000.0,,314000000.0,204000000.0,65000000.0,1.0,164440000.0,37000000.0,292000000.0,,-255000000.0,243000000.0,,0.6034,16.8134,1.0,,0.3343982960596379,0.0314031403140314,,,,,,,,0.25878594249201275,1.22508038585209,241000000.0,,1225000000.0,-269000000.0,,297000000.0,1.0,1.0,,,0.821717,16.91,9.227,2.40921,1576.9467,1.752,0.2454
2017-12-31,9756000000.0,2420000000.0,2280000000.0,,808000000.0,,151000000.0,492000000.0,,-857000000.0,,-371000000.0,-155000000.0,-43000000.0,-1.0,,1177000000.0,-135000000.0,,1042000000.0,151000000.0,1.0614,0.542,20.5675,-1.0,,-0.4591584158415842,-0.038027880278802786,,,,,,,,0.18688118811881188,1.0614035087719298,180000000.0,,1133000000.0,10000000.0,,268000000.0,1.0,1.0,,,0.821717,16.91,9.227,2.40921,1576.9467,1.752,0.2454
2018-03-31,10281000000.0,2768000000.0,2078000000.0,,1119000000.0,,194000000.0,418000000.0,1736000000.0,319000000.0,,98000000.0,62000000.0,32000000.0,0.0,165186000.0,-370000000.0,142000000.0,,-512000000.0,194000000.0,,0.4895,14.8771,0.0,,0.08757819481680071,0.009532146678338684,0.056451612903225805,0.1837557603686636,,,,-0.29493087557603687,,0.17336907953529937,1.3320500481231954,229000000.0,,1137000000.0,-67000000.0,,252000000.0,1.0,1.0,,,0.821717,16.91,9.227,2.40921,1576.9467,1.752,0.2454
2018-06-30,9818000000.0,2624000000.0,2170000000.0,,899000000.0,,291000000.0,365000000.0,3508000000.0,665000000.0,,147000000.0,136000000.0,54000000.0,0.0,163964000.0,-151000000.0,273000000.0,,-424000000.0,291000000.0,,0.3773,18.8935,0.0,,0.1635150166852058,0.01497249949073131,0.0419042189281642,0.1895667046750285,,,,-0.12086659064994298,,0.3236929922135706,1.209216589861751,188000000.0,,1141000000.0,-149000000.0,,247000000.0,0.0,0.0,,,0.821717,16.91,9.227,2.40921,1576.9467,1.752,0.2454
2018-09-30,9940000000.0,2664000000.0,2019000000.0,,1067000000.0,,152000000.0,440000000.0,,989000000.0,,267000000.0,199000000.0,95000000.0,1.0,162977000.0,98000000.0,383000000.0,,-285000000.0,152000000.0,,0.4288,22.2534,1.0,,0.25023430178069356,0.026861167002012073,,,,,,,,0.14245548266166824,1.3194650817236255,141000000.0,,1116000000.0,-179000000.0,,242000000.0,0.0,0.0,,,0.821717,16.91,9.227,2.40921,1576.9467,1.752,0.2454
2018-12-31,9699000000.0,2357000000.0,2207000000.0,,786000000.0,,127000000.0,512000000.0,,-690000000.0,,-255000000.0,-136000000.0,-73000000.0,0.5900000000000001,,1214000000.0,-262000000.0,,952000000.0,127000000.0,1.068,0.3978,10.6045,0.5900000000000001,,-0.3244274809160305,-0.02629137024435509,,,,,,,,0.16157760814249364,1.067965564114182,257000000.0,,1283000000.0,-269000000.0,,261000000.0,1.59,1.59,,,0.821717,16.91,9.227,2.40921,1576.9467,1.752,0.2454
2019-03-31,10152000000.0,2579000000.0,1860000000.0,10152000000.0,1010000000.0,5820000000.0,91000000.0,326000000.0,1638000000.0,298000000.0,111000000.0,79000000.0,65000000.0,27000000.0,0.51,156635000.0,-595000000.0,121000000.0,,-716000000.0,5911000000.0,,0.4431,12.5678,0.51,111000000.0,0.07821782178217822,0.007781717888100867,0.04822954822954823,0.18192918192918192,0.06776556776556776,0.010933806146572104,0.016038144776766364,-0.4371184371184371,0.06776556776556776,5.852475247524753,1.3865591397849462,238000000.0,,1262000000.0,-473000000.0,,264000000.0,2.1,2.1,,,0.821717,16.91,9.227,2.40921,1576.9467,1.752,0.2454
2019-06-30,10723000000.0,2943000000.0,1929000000.0,,1090000000.0,,96000000.0,371000000.0,,633000000.0,,144000000.0,132000000.0,54000000.0,0.92,156555000.0,-663000000.0,233000000.0,,-896000000.0,96000000.0,,0.4069,10.833,0.92,,0.13211009174311927,0.0134290776834841,,,,,,,,0.08807339449541285,1.525660964230171,235000000.0,,1230000000.0,-945000000.0,,260000000.0,3.02,3.02,,,0.821717,16.91,9.227,2.40921,1576.9467,1.752,0.2454
2019-09-30,9548000000.0,2534000000.0,2195000000.0,,436000000.0,,376000000.0,273000000.0,,932000000.0,,-430000000.0,215000000.0,86000000.0,-2.78,155083000.0,-247000000.0,333000000.0,,-580000000.0,376000000.0,,0.2386,,-2.78,,-0.9862385321100917,-0.04503560955173858,,,,,,,,0.8623853211009175,1.1544419134396355,-462000000.0,,1173000000.0,-1240000000.0,,276000000.0,-0.7599999999999998,-0.7599999999999998,,,0.821717,16.91,9.227,2.40921,1576.9467,1.752,0.2454
2019-12-31,9610000000.0,2488000000.0,1995000000.0,,467000000.0,5435000000.0,75000000.0,551000000.0,,-655000000.0,,-193000000.0,-101000000.0,-49000000.0,-1.2300000000000004,,1910000000.0,-261000000.0,,1649000000.0,5510000000.0,1.2471,0.2774,,-1.2300000000000004,,-0.4132762312633833,-0.020083246618106138,,,,,,,,11.798715203426124,1.2471177944862155,-400000000.0,,1208000000.0,-543000000.0,,311000000.0,-2.58,-2.58,,,0.821717,16.91,9.227,2.40921,1576.9467,1.752,0.2454
2020-03-31,9504000000.0,2962000000.0,1824000000.0,9504000000.0,76000000.0,6115000000.0,283000000.0,891000000.0,1561000000.0,268000000.0,81000000.0,50000000.0,53000000.0,26000000.0,0.32,157684000.0,-315000000.0,120000000.0,,-435000000.0,6398000000.0,,0.1683,,0.32,81000000.0,0.6578947368421053,0.005260942760942761,0.032030749519538756,0.17168481742472774,0.051889814221652786,0.008522727272727272,0.012511584800741427,-0.2786675208199872,0.051889814221652786,84.1842105263158,1.6239035087719298,-429000000.0,,1178000000.0,-262000000.0,,299000000.0,-2.77,-2.77,,,0.821717,16.91,9.227,2.40921,1576.9467,1.752,0.2454
2020-06-30,9579000000.0,3012000000.0,1886000000.0,,42000000.0,,404000000.0,1067000000.0,,431000000.0,,-51000000.0,151000000.0,8000000.0,-0.32,156435000.0,-134000000.0,189000000.0,,-323000000.0,404000000.0,,0.2245,,-0.32,,-1.2142857142857142,-0.005324146570623238,,,,,,,,9.619047619047619,1.5970307529162249,-624000000.0,,976000000.0,311000000.0,,318000000.0,-4.010000000000001,-4.010000000000001,,,0.821717,16.91,9.227,2.40921,1576.9467,1.752,0.2454
2020-09-30,8624000000.0,2384000000.0,1697000000.0,,265000000.0,,212000000.0,606000000.0,,708000000.0,,278000000.0,212000000.0,50000000.0,1.76,158438000.0,128000000.0,246000000.0,363000000.0,-118000000.0,212000000.0,,0.2675,5.4214,1.76,,1.049056603773585,0.03223562152133581,,,,,,,,0.8,1.4048320565704184,84000000.0,,752000000.0,773000000.0,,315000000.0,0.5299999999999994,0.5299999999999994,,,0.821717,16.91,9.227,2.40921,1576.9467,1.752,0.2454
2020-12-31,8882000000.0,2297000000.0,1898000000.0,8882000000.0,297000000.0,4945000000.0,55000000.0,563000000.0,4530000000.0,-435000000.0,272000000.0,-28000000.0,-151000000.0,5000000.0,-0.18999999999999995,,778000000.0,-244000000.0,,534000000.0,5000000000.0,1.2102,0.3071,7.5414,-0.18999999999999995,272000000.0,-0.09427609427609428,-0.003152443143436163,-0.006181015452538631,-0.09602649006622517,0.060044150110375276,0.03062373339337987,0.05134982065319992,0.11788079470198676,0.060044150110375276,16.835016835016834,1.2102212855637513,249000000.0,,972000000.0,-342000000.0,,265000000.0,1.5699999999999998,1.5699999999999998,,,0.821717,16.91,9.227,2.40921,1576.9467,1.752,0.2454
2021-03-31,8825000000.0,2486000000.0,1702000000.0,8825000000.0,262000000.0,5168000000.0,180000000.0,742000000.0,1500000000.0,244000000.0,-65000000.0,-97000000.0,51000000.0,26000000.0,,157571000.0,-56000000.0,93000000.0,115000000.0,-149000000.0,5348000000.0,,0.386,23.0457,,50000000.0,-0.3702290076335878,-0.010991501416430596,-0.06466666666666666,0.16266666666666665,-0.043333333333333335,-0.0073654390934844195,-0.011586452762923352,-0.09933333333333333,0.03333333333333333,20.412213740458014,1.4606345475910694,102000000.0,,948000000.0,-56000000.0,,263000000.0,,,,,0.821717,16.91,9.227,2.40921,1576.9467,1.752,0.2454
2021-06-30,8874000000.0,2399000000.0,1687000000.0,,502000000.0,,85000000.0,531000000.0,,552000000.0,,21000000.0,103000000.0,100000000.0,,160459000.0,143000000.0,175000000.0,232000000.0,-32000000.0,85000000.0,,0.4095,8.0264,,,0.04183266932270916,0.0023664638269100743,,,,,,,,0.1693227091633466,1.4220509780675756,174000000.0,,1069000000.0,235000000.0,,215000000.0,,,,,0.821717,16.91,9.227,2.40921,1576.9467,1.752,0.2454
2021-09-30,8766000000.0,2442000000.0,1738000000.0,,570000000.0,,79000000.0,628000000.0,,854000000.0,,106000000.0,153000000.0,144000000.0,0.66,160473000.0,456000000.0,268000000.0,349000000.0,188000000.0,79000000.0,,0.3572,29.0639,0.66,,0.18596491228070175,0.012092174309833448,,,,,,,,0.13859649122807016,1.4050632911392404,2000000.0,,1215000000.0,541000000.0,,156000000.0,,,,,0.821717,16.91,9.227,2.40921,1576.9467,1.752,0.2454
2021-12-31,8832000000.0,2519000000.0,1846000000.0,,720000000.0,4753000000.0,34000000.0,725000000.0,,-559000000.0,,119000000.0,-91000000.0,-103000000.0,0.27,,144000000.0,-138000000.0,,6000000.0,4787000000.0,1.3646,0.2968,12.6619,0.27,,0.16527777777777777,0.013473731884057972,,,,,,,,6.648611111111111,1.364572047670639,149000000.0,,1091000000.0,13000000.0,,216000000.0,,,,,0.821717,16.91,9.227,2.40921,1576.9467,1.752,0.2454
2022-03-31,8877000000.0,2490000000.0,1750000000.0,8877000000.0,1102000000.0,4621000000.0,67000000.0,519000000.0,1692000000.0,304000000.0,170000000.0,88000000.0,66000000.0,48000000.0,0.55,158798000.0,-73000000.0,96000000.0,116000000.0,-169000000.0,4688000000.0,,0.3144,6.1644,0.55,286000000.0,0.07985480943738657,0.009913258983890954,0.05200945626477541,0.17966903073286053,0.10047281323877069,0.01915061394615298,0.02936096718480138,-0.09988179669030733,0.1690307328605201,4.254083484573503,1.4228571428571428,334000000.0,,1151000000.0,-7000000.0,,231000000.0,,,,,0.821717,16.91,9.227,2.40921,1576.9467,1.752,0.2454
2022-06-30,8873000000.0,2617000000.0,1785000000.0,,1259000000.0,,65000000.0,661000000.0,,628000000.0,498000000.0,340000000.0,112000000.0,120000000.0,2.14,158874000.0,120000000.0,199000000.0,232000000.0,-79000000.0,65000000.0,,0.327,4.6582,2.14,730000000.0,0.27005559968228754,0.03831849430857658,,,,0.056125324016679815,0.37613293051359514,,,0.051628276409849086,1.4661064425770307,653000000.0,,1227000000.0,-54000000.0,,240000000.0,3.62,3.62,,,0.821717,16.91,9.227,2.40921,1576.9467,1.752,0.2454
2022-09-30,8644000000.0,2430000000.0,2096000000.0,,1451000000.0,,331000000.0,523000000.0,,954000000.0,776000000.0,571000000.0,175000000.0,164000000.0,3.59,158892000.0,-224000000.0,346000000.0,347000000.0,-570000000.0,331000000.0,,0.2976,3.272,3.59,1123000000.0,0.39352170916609236,0.06605738084220268,,,,0.08977325312355391,0.43546576879910215,,,0.228118538938663,1.159351145038168,1118000000.0,,1327000000.0,-812000000.0,,262000000.0,6.55,6.55,,,0.821717,16.91,9.227,2.40921,1576.9467,1.752,0.2454
2022-12-31,9061000000.0,2603000000.0,2357000000.0,,1417000000.0,4371000000.0,45000000.0,773000000.0,,-673000000.0,-639000000.0,-415000000.0,-114000000.0,-154000000.0,-2.6100000000000003,,331000000.0,-102000000.0,,229000000.0,4416000000.0,1.1044,0.3749,4.4018,-2.6100000000000003,-639000000.0,-0.2928722653493296,-0.045800684251186406,,,,-0.07052201743736894,-0.10954911709240528,,,3.1164431898376854,1.1043699618158676,584000000.0,805000000.0,1213000000.0,-589000000.0,1500000000.0,239000000.0,3.67,3.67,2.944,3.3682008368200838,0.821717,16.91,9.227,2.40921,1576.9467,1.752,0.2454
2023-03-31,9425000000.0,2752000000.0,2255000000.0,,1887000000.0,,345000000.0,480000000.0,,484000000.0,270000000.0,206000000.0,68000000.0,60000000.0,1.29,159094000.0,-193000000.0,95000000.0,118000000.0,-288000000.0,345000000.0,,0.5041,5.0232,1.29,388000000.0,0.10916799152093269,0.021856763925729442,,,,0.028647214854111407,0.12096774193548387,,,0.18282988871224165,1.22039911308204,702000000.0,905000000.0,1393000000.0,-708000000.0,1602000000.0,241000000.0,4.41,4.41,0.2153558052434457,3.7551867219917012,0.821717,16.91,9.227,2.40921,1576.9467,1.752,0.2454
2023-06-30,9911000000.0,3035000000.0,2131000000.0,,2143000000.0,,242000000.0,754000000.0,,900000000.0,424000000.0,316000000.0,186000000.0,101000000.0,1.98,159212000.0,98000000.0,268000000.0,242000000.0,-170000000.0,242000000.0,,0.4654,5.9061,1.98,666000000.0,0.14745683621091926,0.03188376551306629,,,,0.0427807486631016,0.17777777777777778,,,0.11292580494633692,1.4242139840450492,678000000.0,831000000.0,1665000000.0,-799000000.0,1538000000.0,315000000.0,4.25,4.25,0.15734720416124837,2.638095238095238,0.821717,16.91,9.227,2.40921,1576.9467,1.752,0.2454
2023-09-30,9735000000.0,2899000000.0,2070000000.0,,2113000000.0,4754000000.0,159000000.0,792000000.0,,1265000000.0,506000000.0,367000000.0,263000000.0,127000000.0,2.31,159236000.0,437000000.0,465000000.0,369000000.0,-28000000.0,4913000000.0,,0.3587,6.7551,2.31,875000000.0,0.17368670137245623,0.03769902413970211,,,,0.0519774011299435,0.07201821804725306,,,2.325130146710838,1.4004830917874396,474000000.0,561000000.0,1976000000.0,-257000000.0,1290000000.0,403000000.0,2.9699999999999998,2.9699999999999998,3.8085271317829457,1.3920595533498759,0.821717,16.91,9.227,2.40921,1576.9467,1.752,0.2454
2023-12-31,9669000000.0,2884000000.0,2346000000.0,,1609000000.0,4698000000.0,106000000.0,913000000.0,,-1153000000.0,-1133000000.0,-992000000.0,-175000000.0,-136000000.0,-6.25,,476000000.0,-140000000.0,,336000000.0,4804000000.0,1.2293,0.3567,,-6.25,-1133000000.0,-0.6165320074580485,-0.1025959251215224,,,,-0.11717861205915814,-0.17667238421955403,,,2.985705407085146,1.2293265132139812,-103000000.0,67000000.0,1496000000.0,-150000000.0,796000000.0,342000000.0,-0.6699999999999999,-0.6699999999999999,6.035175879396985,0.195906432748538,0.821717,16.91,9.227,2.40921,1576.9467,1.752,0.2454
2024-03-31,9409000000.0,2660000000.0,2602000000.0,,1826000000.0,4119000000.0,815000000.0,395000000.0,,318000000.0,117000000.0,72000000.0,78000000.0,41000000.0,0.45,158467000.0,-270000000.0,213000000.0,125000000.0,-483000000.0,4934000000.0,,0.38,,0.45,242000000.0,0.03943044906900329,0.007652247847805293,,,,0.0124349027526836,0.01730769230769231,,,2.702081051478642,1.0222905457340508,-237000000.0,-86000000.0,1330000000.0,-345000000.0,650000000.0,352000000.0,-1.51,-1.51,7.590769230769231,-0.24431818181818182,0.821717,16.91,9.227,2.40921,1576.9467,1.752,0.2454
2024-06-30,9334000000.0,2819000000.0,2234000000.0,,1631000000.0,4648000000.0,500000000.0,671000000.0,,621000000.0,221000000.0,129000000.0,165000000.0,83000000.0,0.81,157925000.0,-20000000.0,373000000.0,250000000.0,-393000000.0,5148000000.0,,0.2489,,0.81,471000000.0,0.07909258123850399,0.013820441397043068,,,,0.023676880222841225,0.0326006785661602,,,3.156345800122624,1.2618621307072515,-424000000.0,-289000000.0,1051000000.0,-568000000.0,455000000.0,331000000.0,-2.68,-2.68,11.314285714285715,-0.8731117824773413,0.821717,16.91,9.227,2.40921,1576.9467,1.752,0.2454
2024-09-30,9372000000.0,2822000000.0,2292000000.0,,1481000000.0,4709000000.0,537000000.0,755000000.0,,837000000.0,163000000.0,48000000.0,252000000.0,102000000.0,0.31,157537000.0,171000000.0,509000000.0,377000000.0,-338000000.0,5246000000.0,,0.3055,,0.31,540000000.0,0.03241053342336259,0.005121638924455826,,,,0.017392232180964574,0.02423071205589416,,,3.5422012153950035,1.231239092495637,-743000000.0,-632000000.0,623000000.0,-878000000.0,120000000.0,320000000.0,-4.680000000000001,-4.680000000000001,43.71666666666667,-1.975,0.821717,16.91,9.227,2.40921,1576.9467,1.752,0.2454
2024-12-31,8654000000.0,2478000000.0,2160000000.0,,1079000000.0,4553000000.0,110000000.0,734000000.0,,-731000000.0,-463000000.0,-355000000.0,-160000000.0,-100000000.0,-2.26,-319377000.0,608000000.0,-478000000.0,,130000000.0,4663000000.0,1.1472,0.2567,,-2.26,-463000000.0,-0.3290083410565338,-0.04102149295123642,,,,-0.053501271088513984,-0.08063392546151167,,,4.32159406858202,1.1472222222222221,-106000000.0,38000000.0,1045000000.0,-1084000000.0,790000000.0,335000000.0,-0.69,-0.69,5.902531645569621,0.11343283582089553,0.821717,16.91,9.227,2.40921,1576.9467,1.752,0.2454
2025-03-31,8729000000.0,2391000000.0,1931000000.0,,1249000000.0,4786000000.0,226000000.0,424000000.0,,280000000.0,18000000.0,-16000000.0,81000000.0,30000000.0,-0.1,153708000.0,-171000000.0,135000000.0,,-306000000.0,5012000000.0,,0.2728,,-0.1,18000000.0,-0.012810248198558846,-0.0018329705579104136,,,,0.0020620918776492153,0.0028749401054144704,,,4.012810248198559,1.2382185396167789,-194000000.0,-61000000.0,1007000000.0,-907000000.0,566000000.0,338000000.0,-1.24,-1.24,8.855123674911662,-0.1804733727810651,0.821717,16.91,9.227,2.40921,1576.9467,1.752,0.2454
2025-06-30,9179000000.0,2604000000.0,2102000000.0,,1369000000.0,4898000000.0,236000000.0,487000000.0,,579000000.0,26000000.0,-20000000.0,166000000.0,36000000.0,-0.13,153851000.0,-16000000.0,239000000.0,,-255000000.0,5134000000.0,,0.3504,,-0.13,26000000.0,-0.014609203798392988,-0.002178886588953045,,,,0.0028325525656389583,0.00399815469783177,,,3.7501826150474797,1.2388201712654614,-343000000.0,-256000000.0,965000000.0,-769000000.0,121000000.0,339000000.0,-2.1799999999999997,-2.1799999999999997,42.429752066115704,-0.7551622418879056,0.821717,16.91,9.227,2.40921,1576.9467,1.752,0.2454
2025-09-30,9258000000.0,2660000000.0,1993000000.0,,1470000000.0,4946000000.0,170000000.0,556000000.0,,879000000.0,83000000.0,9000000.0,257000000.0,57000000.0,0.06,155406000.0,198000000.0,339000000.0,,-141000000.0,5116000000.0,,0.3086,,0.06,83000000.0,0.006122448979591836,0.0009721322099805574,,,,0.008965219269820695,0.012602490130580018,,,3.4802721088435375,1.3346713497240341,-382000000.0,-336000000.0,1007000000.0,-572000000.0,-336000000.0,344000000.0,-2.4299999999999997,-2.4299999999999997,-15.226190476190476,-0.9767441860465116,0.821717,16.91,9.227,2.40921,1576.9467,1.752,0.2454
2025-12-31,9243000000.0,2601000000.0,2089000000.0,,1294000000.0,4837000000.0,96000000.0,759000000.0,,-629000000.0,,-102000000.0,-163000000.0,-69000000.0,-0.6699999999999999,,589000000.0,-281000000.0,,308000000.0,4933000000.0,1.2451,0.3528,,-0.6699999999999999,,-0.07882534775888717,-0.01103537812398572,,,,,,,,3.812210200927357,1.2450933460986118,-129000000.0,,1109000000.0,-394000000.0,,341000000.0,-0.84,-0.84,,,0.821717,16.91,9.227,2.40921,1576.9467,1.752,0.2454
