report_date,total_assets,current_assets,current_liabilities,total_liabilities,total_equity,long_term_debt,short_term_debt,cash,revenue,gross_profit,operating_income,net_income,interest_expense,income_tax,eps_diluted,shares_diluted,operating_cash_flow,depreciation,total_debt,bf_current_ratio,bf_pe,bf_ps,eps,ebitda,roe,roa,net_margin,gross_margin,operating_margin,roi,roic,ebitda_margin,debt_equity,current_ratio,revenue_ttm,net_income_ttm,operating_income_ttm,gross_profit_ttm,ebitda_ttm,interest_expense_ttm,eps_diluted_ttm,eps_ttm,debt_to_ebitda,interest_coverage,bf_beta,bf_52w_high,bf_52w_low,bf_10d_avg_vol,bf_market_cap,bf_pe_ttm,bf_pb_annual,bf_ps_ttm
2010-03-20,64144000000.0,15265000000.0,11654000000.0,42288000000.0,21686000000.0,19884000000.0,1974000000.0,3949000000.0,9368000000.0,,840000000.0,1430000000.0,154000000.0,-33000000.0,0.89,,241000000.0,376000000.0,21858000000.0,,17.5597,2.4718,0.89,1216000000.0,0.06594116019551785,0.02229358942379646,0.15264730999146028,,0.089666951323655,0.01309553504614617,0.01929083226162043,0.12980358667805295,1.0079313843032371,1.3098506950403295,,,,,,,,,,,0.4172716,171.48,127.6,5.51162,209835.3,25.4654,9.6651,2.2341
2010-06-12,65074000000.0,16743000000.0,14572000000.0,45160000000.0,19732000000.0,19586000000.0,4493000000.0,4529000000.0,,,,,,,,,2442000000.0,969000000.0,24079000000.0,,16.6514,2.1211,,,,,,,,,,,1.2203020474356376,1.1489843535547626,,,,,,,,,,,0.4172716,171.48,127.6,5.51162,209835.3,25.4654,9.6651,2.2341
2010-09-04,66702000000.0,17901000000.0,17117000000.0,46466000000.0,20045000000.0,18445000000.0,5756000000.0,5577000000.0,39683000000.0,,6101000000.0,4955000000.0,495000000.0,1383000000.0,3.06,,5788000000.0,1580000000.0,24201000000.0,,16.3052,1.9663,3.06,7681000000.0,0.24719381391868298,0.07428562861683308,0.12486455157120177,,0.15374341657636773,0.09146652274294624,0.13788817068209555,0.1935589547161253,1.2073334996258418,1.0458024186481276,,,,,,,,,,,0.4172716,171.48,127.6,5.51162,209835.3,25.4654,9.6651,2.2341
2010-12-25,68153000000.0,17569000000.0,15892000000.0,46677000000.0,21273000000.0,19999000000.0,4898000000.0,5943000000.0,8787000000.0,,1391000000.0,-65000000.0,254000000.0,544000000.0,-0.040000000000000036,,-23000000.0,-598000000.0,24897000000.0,1.1055,16.4051,1.7926,-0.040000000000000036,793000000.0,-0.0030555163822686034,-0.0009537364459378164,-0.007397291453283259,,0.15830203710026175,0.02040995994306927,0.030127788607320773,0.09024695573005577,1.1703567902975602,1.1055247923483513,,,,,,,,,,,0.4172716,171.48,127.6,5.51162,209835.3,25.4654,9.6651,2.2341
2011-03-19,73085000000.0,16512000000.0,16840000000.0,49411000000.0,22096000000.0,20942000000.0,6256000000.0,3662000000.0,11937000000.0,,1726000000.0,1143000000.0,180000000.0,419000000.0,0.71,,380000000.0,523000000.0,27198000000.0,,17.0046,1.6983,0.71,2249000000.0,0.051728819695872556,0.01563932407470753,0.09575270168384016,,0.14459244366256177,0.02361633714168434,0.03501440337566438,0.18840579710144928,1.2309015206372194,0.9805225653206651,,,,,,,,,,,0.4172716,171.48,127.6,5.51162,209835.3,25.4654,9.6651,2.2341
2011-06-11,75680000000.0,17917000000.0,18057000000.0,51310000000.0,24065000000.0,21607000000.0,5715000000.0,2913000000.0,28764000000.0,,4480000000.0,3028000000.0,379000000.0,1089000000.0,1.89,,2353000000.0,1187000000.0,27322000000.0,,17.2858,1.7484,1.89,5667000000.0,0.12582588821940577,0.04001057082452431,0.10527047698512029,,0.15575024335975524,0.05919661733615222,0.08718158289061435,0.19701710471422612,1.13534178267193,0.9922467741042255,89171000000.0,9061000000.0,13698000000.0,,16390000000.0,1308000000.0,5.62,5.62,1.6669920683343502,10.472477064220184,0.4172716,171.48,127.6,5.51162,209835.3,25.4654,9.6651,2.2341
2011-09-03,75378000000.0,17834000000.0,17565000000.0,51375000000.0,23691000000.0,21781000000.0,5070000000.0,3083000000.0,46346000000.0,,7386000000.0,5028000000.0,584000000.0,1775000000.0,3.14,,5834000000.0,1877000000.0,26851000000.0,,15.4597,1.5323,3.14,9263000000.0,0.21223249335190578,0.0667038127835708,0.10848832693220559,,0.1593665041211755,0.09798614980498288,0.1461358869850817,0.19986622362231907,1.133383985479718,1.0153145459721036,95834000000.0,9134000000.0,14983000000.0,,17972000000.0,1397000000.0,5.699999999999999,5.699999999999999,1.4940462942354773,10.725125268432356,0.4172716,171.48,127.6,5.51162,209835.3,25.4654,9.6651,2.2341
2011-12-31,72882000000.0,17441000000.0,18154000000.0,51983000000.0,20704000000.0,20568000000.0,6205000000.0,4067000000.0,-20543000000.0,,-3959000000.0,-2756000000.0,-287000000.0,-911000000.0,-1.71,1597000000.0,377000000.0,-850000000.0,26773000000.0,0.9607,16.1121,1.561,-1.71,-4809000000.0,-0.13311437403400309,-0.03781454954584122,0.13415762060069122,,0.19271771406318455,-0.05432068274745479,-0.0833877456452598,0.23409433870418148,1.2931317619783618,0.9607249091109398,66504000000.0,6443000000.0,9633000000.0,,12370000000.0,856000000.0,4.029999999999999,4.029999999999999,2.1643492320129347,11.253504672897197,0.4172716,171.48,127.6,5.51162,209835.3,25.4654,9.6651,2.2341
2012-03-24,74391000000.0,17578000000.0,16985000000.0,51437000000.0,22758000000.0,22054000000.0,5656000000.0,3485000000.0,12428000000.0,,1722000000.0,1127000000.0,198000000.0,414000000.0,0.71,1584000000.0,-690000000.0,555000000.0,27710000000.0,,16.0484,1.5396,0.71,2277000000.0,0.049521047543720886,0.015149682085198478,0.09068233022207918,,0.13855809462504023,0.02314796144694923,0.03412063089482444,0.18321532024460896,1.2175938131646014,1.0349131586694142,66995000000.0,6427000000.0,9629000000.0,,12398000000.0,874000000.0,4.029999999999999,4.029999999999999,2.235037909340216,11.017162471395881,0.4172716,171.48,127.6,5.51162,209835.3,25.4654,9.6651,2.2341
2012-06-16,72390000000.0,18033000000.0,18269000000.0,51795000000.0,20576000000.0,21294000000.0,7038000000.0,3863000000.0,28886000000.0,,4099000000.0,2615000000.0,407000000.0,1082000000.0,1.65,1583000000.0,1247000000.0,1201000000.0,28332000000.0,,18.0517,1.6338,1.65,5300000000.0,0.1270898133748056,0.03612377400193397,0.09052828359759053,,0.1419026518036419,0.05662384307224755,0.08381041956326163,0.18347988645018348,1.3769440124416796,0.9870819420876895,67117000000.0,6014000000.0,9248000000.0,,12031000000.0,902000000.0,3.79,3.79,2.3549164657966917,10.252771618625276,0.4172716,171.48,127.6,5.51162,209835.3,25.4654,9.6651,2.2341
2012-09-08,74017000000.0,19270000000.0,16220000000.0,52433000000.0,21560000000.0,23732000000.0,4211000000.0,5309000000.0,45538000000.0,,6899000000.0,4517000000.0,611000000.0,1788000000.0,2.86,1580000000.0,5118000000.0,1837000000.0,27943000000.0,,18.8474,1.7018,2.86,8736000000.0,0.20950834879406308,0.06102652093437994,0.099191883701524,,0.15149984628222582,0.09320831700825485,0.1393652909924651,0.19183978215995431,1.2960575139146568,1.188039457459926,66309000000.0,5503000000.0,8761000000.0,,11504000000.0,929000000.0,3.5099999999999993,3.5099999999999993,2.428981223922114,9.430570505920345,0.4172716,171.48,127.6,5.51162,209835.3,25.4654,9.6651,2.2341
2012-12-29,74638000000.0,18720000000.0,17089000000.0,52239000000.0,22417000000.0,23544000000.0,4815000000.0,6297000000.0,-21360000000.0,,-3608000000.0,-2081000000.0,-317000000.0,-1194000000.0,-1.2999999999999998,-3172000000.0,2804000000.0,-904000000.0,28359000000.0,1.0954,17.1335,1.6162,-1.2999999999999998,-4512000000.0,-0.09283133336307267,-0.02788124011897425,0.0974250936329588,,0.16891385767790262,-0.04833998767383906,-0.07105719237435008,0.21123595505617979,1.2650666904581345,1.0954415120837966,65492000000.0,6178000000.0,9112000000.0,,11801000000.0,899000000.0,3.919999999999999,3.919999999999999,2.403101432082027,10.135706340378198,0.4172716,171.48,127.6,5.51162,209835.3,25.4654,9.6651,2.2341
2013-03-23,75355000000.0,19910000000.0,17994000000.0,52891000000.0,22476000000.0,23225000000.0,6175000000.0,6715000000.0,12581000000.0,,1658000000.0,1075000000.0,214000000.0,386000000.0,0.69,1563000000.0,702000000.0,551000000.0,29400000000.0,,19.8389,1.8514,0.69,2209000000.0,0.04782879515928101,0.014265808506403025,0.08544630792464827,,0.13178602654796917,0.02200252139871276,0.03196082967075334,0.17558222716795166,1.3080619327282434,1.10647993775703,65645000000.0,6126000000.0,9048000000.0,,11733000000.0,915000000.0,3.8999999999999995,3.8999999999999995,2.5057530043467144,9.888524590163934,0.4172716,171.48,127.6,5.51162,209835.3,25.4654,9.6651,2.2341
2013-06-15,76653000000.0,21963000000.0,19162000000.0,53888000000.0,22786000000.0,,6298000000.0,7793000000.0,29388000000.0,,4527000000.0,3085000000.0,422000000.0,1040000000.0,1.0,1565000000.0,3015000000.0,1185000000.0,6298000000.0,,19.2023,1.9344,1.0,5712000000.0,0.13539015184762573,0.040246304776068775,0.10497481965428065,,0.15404246631278073,0.05905835388047435,0.15565259249071656,0.19436504695794202,0.2763977881155095,1.1461747208015864,66147000000.0,6596000000.0,9476000000.0,,12145000000.0,930000000.0,3.2499999999999996,3.2499999999999996,0.5185673116508851,10.189247311827957,0.4172716,171.48,127.6,5.51162,209835.3,25.4654,9.6651,2.2341
2013-09-07,76814000000.0,22931000000.0,18468000000.0,54412000000.0,22414000000.0,,5256000000.0,9204000000.0,46297000000.0,,7307000000.0,4998000000.0,642000000.0,1694000000.0,3.0,1564000000.0,6662000000.0,1815000000.0,5256000000.0,,18.3843,1.8478,3.0,9122000000.0,0.22298563397876328,0.06506626396229855,0.10795515908158196,,0.15782880100222477,0.09512588850990705,0.2640766172750271,0.19703220511048233,0.23449629695725885,1.24166125189517,66906000000.0,7077000000.0,9884000000.0,,12531000000.0,961000000.0,3.3899999999999997,3.3899999999999997,0.41943978932248027,10.285119667013527,0.4172716,171.48,127.6,5.51162,209835.3,25.4654,9.6651,2.2341
2013-12-28,77478000000.0,22203000000.0,17839000000.0,53089000000.0,24409000000.0,24333000000.0,5306000000.0,9375000000.0,-21851000000.0,,-3787000000.0,-2418000000.0,-367000000.0,-1016000000.0,-0.3699999999999992,-3132000000.0,-691000000.0,-888000000.0,29639000000.0,1.2446,18.8651,1.9145,-0.3699999999999992,-4675000000.0,-0.0990618214592978,-0.031208859289088516,0.11065855109605968,,0.17331014598874192,-0.04887839128526807,-0.0700673475429248,0.21394901835156285,1.2142652300381007,1.2446325466674142,66415000000.0,6740000000.0,9705000000.0,,12368000000.0,911000000.0,4.32,4.32,2.3964262613195344,10.653128430296377,0.4172716,171.48,127.6,5.51162,209835.3,25.4654,9.6651,2.2341
2014-03-22,77493000000.0,23285000000.0,19457000000.0,54600000000.0,22905000000.0,,7832000000.0,9839000000.0,12623000000.0,,1807000000.0,1216000000.0,201000000.0,389000000.0,0.0,1540000000.0,181000000.0,532000000.0,7832000000.0,,18.2815,1.8929,0.0,2339000000.0,0.05308884523029906,0.015691739899087658,0.09633209221262774,,0.1431513903192585,0.023318235195437007,0.058789081562937176,0.18529668066228314,0.3419340755293604,1.1967415326103716,66457000000.0,6881000000.0,9854000000.0,,12498000000.0,898000000.0,3.6300000000000003,3.6300000000000003,0.6266602656425028,10.973273942093542,0.4172716,171.48,127.6,5.51162,209835.3,25.4654,9.6651,2.2341
2014-06-14,80433000000.0,25795000000.0,20228000000.0,56833000000.0,23604000000.0,,7242000000.0,7607000000.0,29517000000.0,,4703000000.0,3194000000.0,410000000.0,1107000000.0,2.0,1536000000.0,2672000000.0,1162000000.0,7242000000.0,,19.3795,1.9946,2.0,5865000000.0,0.13531604812743603,0.03971006925018338,0.10820882881051598,,0.15933191042450112,0.05847102557408029,0.15246709459897556,0.19869905478199004,0.30681240467717336,1.2752125766264584,66586000000.0,6990000000.0,10030000000.0,,12651000000.0,886000000.0,4.630000000000001,4.630000000000001,0.5724448660184965,11.320541760722348,0.4172716,171.48,127.6,5.51162,209835.3,25.4654,9.6651,2.2341
2014-09-06,80466000000.0,26590000000.0,22844000000.0,57279000000.0,23208000000.0,,9253000000.0,7282000000.0,46735000000.0,,7550000000.0,5202000000.0,625000000.0,1744000000.0,3.0,1532000000.0,6693000000.0,1794000000.0,9253000000.0,,19.9329,2.0704,3.0,9344000000.0,0.22414684591520165,0.0646484229363955,0.11130844121108377,,0.16154916015833956,0.09382844928292695,0.23258679646344846,0.1999358082807318,0.3986987245777318,1.1639817895289792,67024000000.0,7194000000.0,10273000000.0,,12873000000.0,869000000.0,4.630000000000001,4.630000000000001,0.7187912685465704,11.821634062140392,0.4172716,171.48,127.6,5.51162,209835.3,25.4654,9.6651,2.2341
2014-12-27,70509000000.0,20663000000.0,18092000000.0,52961000000.0,17578000000.0,23821000000.0,5076000000.0,6134000000.0,-22192000000.0,35799000000.0,-4479000000.0,-3099000000.0,-327000000.0,-1041000000.0,-1.0,-3081000000.0,960000000.0,-863000000.0,28897000000.0,1.1421,22.2274,2.171,-1.0,-5342000000.0,-0.1762999203549892,-0.04395183593583798,0.13964491708723864,-1.613148882480173,0.2018294881038212,-0.06352380547164192,-0.0963743948359333,0.24071737563085796,1.643929912390488,1.1421070086225957,66683000000.0,6513000000.0,9581000000.0,,12206000000.0,909000000.0,3.9999999999999996,3.9999999999999996,2.3674422415205636,10.54015401540154,0.4172716,171.48,127.6,5.51162,209835.3,25.4654,9.6651,2.2341
2015-03-21,69625000000.0,20922000000.0,20127000000.0,53636000000.0,16010000000.0,,7962000000.0,6410000000.0,12217000000.0,6775000000.0,1797000000.0,1221000000.0,211000000.0,370000000.0,0.0,1503000000.0,270000000.0,496000000.0,7962000000.0,,21.7987,2.1438,0.0,2293000000.0,0.07626483447845096,0.017536804308797126,0.0999427027911926,0.5545551281001883,0.14709012032413848,0.025809694793536803,0.07496245619889871,0.187689285421953,0.49731417863835103,1.0394991802056939,66277000000.0,6518000000.0,9571000000.0,,12160000000.0,919000000.0,3.9999999999999996,3.9999999999999996,0.6547697368421053,10.414581066376495,0.4172716,171.48,127.6,5.51162,209835.3,25.4654,9.6651,2.2341
2015-06-13,72262000000.0,23069000000.0,21546000000.0,55798000000.0,16474000000.0,,8383000000.0,7562000000.0,28140000000.0,15531000000.0,4697000000.0,3201000000.0,428000000.0,1073000000.0,2.0,1497000000.0,2761000000.0,1075000000.0,8383000000.0,,20.9725,2.0939,2.0,5772000000.0,0.19430617943426004,0.04429714095928704,0.11375266524520256,0.5519189765458422,0.16691542288557215,0.06499958484403974,0.18896085609687413,0.2051172707889126,0.5088624499210878,1.070685974194746,64900000000.0,6525000000.0,9565000000.0,,12067000000.0,937000000.0,3.9999999999999996,3.9999999999999996,0.6947045661722052,10.208110992529349,0.4172716,171.48,127.6,5.51162,209835.3,25.4654,9.6651,2.2341
2015-09-05,69902000000.0,22814000000.0,19071000000.0,56323000000.0,13604000000.0,,5525000000.0,8698000000.0,44471000000.0,24467000000.0,6113000000.0,3734000000.0,653000000.0,1723000000.0,2.0,1492000000.0,6775000000.0,1644000000.0,5525000000.0,,26.8961,2.1064,2.0,7757000000.0,0.27447809467803586,0.05341764184143515,0.08396483101346945,0.5501787681860089,0.1374603674304603,0.08745100283253698,0.3195671493543834,0.17442827910323583,0.40613054983828284,1.1962665827696501,62636000000.0,5057000000.0,8128000000.0,82572000000.0,10480000000.0,965000000.0,2.9999999999999996,2.9999999999999996,0.5271946564885496,8.42279792746114,0.4172716,171.48,127.6,5.51162,209835.3,25.4654,9.6651,2.2341
2015-12-26,69667000000.0,23031000000.0,17578000000.0,57637000000.0,12068000000.0,29213000000.0,4071000000.0,9096000000.0,-21772000000.0,-12101000000.0,-4254000000.0,-2704000000.0,-322000000.0,-1225000000.0,-1.0,-3007000000.0,774000000.0,-799000000.0,33284000000.0,1.3102,26.9032,2.3261,-1.0,-5053000000.0,-0.22406363937686444,-0.03881321142004105,0.12419621532243248,0.5558056218996876,0.19538857247841265,-0.06106190879469476,-0.09379961192450167,0.2320870843284953,2.7580377858800134,1.3102173171009217,63056000000.0,5452000000.0,8353000000.0,34672000000.0,10769000000.0,970000000.0,2.9999999999999996,2.9999999999999996,3.0907233726436996,8.611340206185567,0.4172716,171.48,127.6,5.51162,209835.3,25.4654,9.6651,2.2341
2016-03-19,70019000000.0,23966000000.0,16842000000.0,58788000000.0,11257000000.0,,4018000000.0,8124000000.0,11862000000.0,6711000000.0,1619000000.0,931000000.0,246000000.0,442000000.0,0.0,1459000000.0,131000000.0,481000000.0,4018000000.0,,28.7445,2.3665,0.0,2100000000.0,0.0827040952296349,0.013296390979591254,0.07848592142977576,0.565756196256955,0.1364862586410386,0.02312229537696911,0.10599018003273322,0.17703591299949417,0.3569334636226348,1.422990143688398,62701000000.0,5162000000.0,8175000000.0,34608000000.0,10576000000.0,1005000000.0,2.9999999999999996,2.9999999999999996,0.37991679273827533,8.134328358208956,0.4172716,171.48,127.6,5.51162,209835.3,25.4654,9.6651,2.2341
2016-06-11,72711000000.0,25878000000.0,18459000000.0,60335000000.0,12395000000.0,,4774000000.0,9646000000.0,27257000000.0,15276000000.0,4583000000.0,2936000000.0,501000000.0,1160000000.0,2.0,1458000000.0,2921000000.0,1044000000.0,4774000000.0,,28.6991,2.3943,2.0,5627000000.0,0.23686970552642195,0.040379034809038525,0.10771544924239645,0.5604431889056022,0.16814029423634297,0.06303035304149303,0.26693459141475917,0.2064423817734894,0.3851553045582896,1.4019177636925078,61818000000.0,4897000000.0,8061000000.0,34353000000.0,10431000000.0,1078000000.0,2.9999999999999996,2.9999999999999996,0.4576742402454223,7.477736549165121,0.4172716,171.48,127.6,5.51162,209835.3,25.4654,9.6651,2.2341
2016-09-03,73897000000.0,27099000000.0,20589000000.0,61179000000.0,12750000000.0,,6284000000.0,10256000000.0,43284000000.0,24019000000.0,7404000000.0,4928000000.0,748000000.0,1760000000.0,3.0,1456000000.0,6595000000.0,1611000000.0,6284000000.0,,23.3695,2.5104,3.0,9015000000.0,0.38650980392156864,0.06668741626859007,0.11385269383605952,0.554916366324739,0.17105627945661214,0.10019351259185082,0.388988126510455,0.20827557527030774,0.49286274509803923,1.3161882558647822,60631000000.0,6091000000.0,9352000000.0,33905000000.0,11689000000.0,1173000000.0,3.9999999999999996,3.9999999999999996,0.5375994524766875,7.972719522591645,0.4172716,171.48,127.6,5.51162,209835.3,25.4654,9.6651,2.2341
2016-12-31,74129000000.0,27089000000.0,21135000000.0,62930000000.0,11246000000.0,30053000000.0,6892000000.0,9158000000.0,-19604000000.0,-11416000000.0,-3821000000.0,-2466000000.0,-153000000.0,-1188000000.0,-1.0,-2921000000.0,757000000.0,-768000000.0,36945000000.0,1.2515,23.7142,2.39,-1.0,-4589000000.0,-0.21927796549884404,-0.03326633301407007,0.1257906549683738,0.5823301367067946,0.19490920220363192,-0.05154527917549137,-0.0792886638583968,0.23408488063660476,3.2851680597545796,1.2817127986751833,62799000000.0,6329000000.0,9785000000.0,34590000000.0,12153000000.0,1342000000.0,4.0,4.0,3.0399901258948407,7.291356184798808,0.4172716,171.48,127.6,5.51162,209835.3,25.4654,9.6651,2.2341
2017-03-25,74622000000.0,27150000000.0,21644000000.0,62939000000.0,11722000000.0,,8577000000.0,9528000000.0,12049000000.0,6763000000.0,1933000000.0,1318000000.0,252000000.0,392000000.0,0.0,1440000000.0,-199000000.0,477000000.0,8577000000.0,,23.782,2.5358,0.0,2410000000.0,0.11243815048626514,0.017662351585323362,0.10938667109303676,0.561291393476637,0.16042825130716243,0.025903888933558467,0.09522636583082911,0.2000165988878745,0.7317010749018938,1.2543892071705784,62986000000.0,6716000000.0,10099000000.0,34642000000.0,12463000000.0,1348000000.0,3.9999999999999996,3.9999999999999996,0.6881970633073898,7.491839762611276,0.4172716,171.48,127.6,5.51162,209835.3,25.4654,9.6651,2.2341
2017-06-17,76943000000.0,29248000000.0,22113000000.0,64413000000.0,12557000000.0,,8279000000.0,10282000000.0,27759000000.0,15417000000.0,4923000000.0,3423000000.0,517000000.0,1048000000.0,2.0,1441000000.0,2241000000.0,1031000000.0,8279000000.0,,24.5817,2.6469,2.0,5954000000.0,0.2725969578721032,0.044487477743264496,0.12331135847833136,0.5553874419107316,0.17734788717172809,0.06398242855100529,0.23627375695910924,0.21448899456032278,0.6593135303018237,1.3226608782164337,63488000000.0,7203000000.0,10439000000.0,34783000000.0,12790000000.0,1364000000.0,3.9999999999999996,3.9999999999999996,0.6473025801407349,7.653225806451613,0.4172716,171.48,127.6,5.51162,209835.3,25.4654,9.6651,2.2341
2017-09-09,78463000000.0,30197000000.0,22358000000.0,65052000000.0,13450000000.0,,7717000000.0,10243000000.0,43999000000.0,24291000000.0,7916000000.0,5567000000.0,786000000.0,1668000000.0,3.0,1440000000.0,6062000000.0,1604000000.0,7717000000.0,,23.6678,2.5965,3.0,9520000000.0,0.41390334572490706,0.07095063915476084,0.12652560285461034,0.5520807291074797,0.17991317984499647,0.10088831678625594,0.37397836254547173,0.2163685538307689,0.5737546468401487,1.3506127560604706,64203000000.0,7842000000.0,10951000000.0,35055000000.0,13295000000.0,1402000000.0,3.9999999999999996,3.9999999999999996,0.5804437758555848,7.810984308131241,0.4172716,171.48,127.6,5.51162,209835.3,25.4654,9.6651,2.2341
2017-12-30,79804000000.0,31027000000.0,20502000000.0,68823000000.0,11045000000.0,33796000000.0,5485000000.0,10610000000.0,-20282000000.0,-11731000000.0,-4263000000.0,-5451000000.0,-404000000.0,1586000000.0,-2.0,-2883000000.0,1890000000.0,-743000000.0,39281000000.0,1.5134,34.5683,2.643,-2.0,-5006000000.0,-0.4935264825712992,-0.06830484687484337,0.26876047727048613,0.5783946356375111,0.21018637215264765,-0.05341837501879605,-0.08470770575845488,0.24681984025244058,3.556450882752377,1.5133645498000194,63525000000.0,4857000000.0,10509000000.0,34740000000.0,12878000000.0,1151000000.0,3.0,3.0,3.05024072060879,9.130321459600347,0.4172716,171.48,127.6,5.51162,209835.3,25.4654,9.6651,2.2341
2018-03-24,81887000000.0,33047000000.0,25885000000.0,70902000000.0,10883000000.0,,11600000000.0,13443000000.0,12562000000.0,6907000000.0,1807000000.0,1343000000.0,294000000.0,304000000.0,0.0,1430000000.0,-1309000000.0,496000000.0,11600000000.0,,31.0551,2.3675,0.0,2303000000.0,0.12340347330699256,0.016400649675772712,0.10690972775035823,0.54983282916733,0.1438465212545773,0.022066994761073187,0.0803718364986879,0.18333067982805284,1.0658825691445373,1.2766853389994206,64038000000.0,4882000000.0,10383000000.0,34884000000.0,12771000000.0,1193000000.0,2.9999999999999996,2.9999999999999996,0.908307885052071,8.703269069572507,0.4172716,171.48,127.6,5.51162,209835.3,25.4654,9.6651,2.2341
2018-06-16,78731000000.0,30370000000.0,24558000000.0,68510000000.0,10111000000.0,,9955000000.0,13858000000.0,28652000000.0,15734000000.0,4835000000.0,3163000000.0,602000000.0,1374000000.0,2.0,1428000000.0,1087000000.0,1070000000.0,9955000000.0,,32.5023,2.3194,2.0,5905000000.0,0.3128276134902581,0.04017477232602152,0.11039368979477872,0.5491414211922379,0.16874912746056123,0.061411642173984836,0.2409548489983056,0.2060938154404579,0.9845712590248245,1.2366642234709666,64931000000.0,4622000000.0,10295000000.0,35201000000.0,12722000000.0,1278000000.0,2.9999999999999996,2.9999999999999996,0.7825027511397579,8.055555555555555,0.4172716,171.48,127.6,5.51162,209835.3,25.4654,9.6651,2.2341
2018-09-08,73632000000.0,25842000000.0,19704000000.0,63243000000.0,10286000000.0,,4474000000.0,11991000000.0,45137000000.0,24692000000.0,7679000000.0,5661000000.0,904000000.0,1562000000.0,3.0,1427000000.0,4732000000.0,1636000000.0,4474000000.0,,32.4429,2.484,3.0,9315000000.0,0.5503597122302158,0.07688233376792698,0.1254181713450163,0.5470456609876598,0.17012650375523405,0.10428889613211648,0.5202574525745257,0.20637171278551963,0.4349601399961112,1.311510353227771,66069000000.0,4716000000.0,10058000000.0,35602000000.0,12517000000.0,1396000000.0,2.9999999999999996,2.9999999999999996,0.3574338899097228,7.20487106017192,0.4172716,171.48,127.6,5.51162,209835.3,25.4654,9.6651,2.2341
2018-12-29,77648000000.0,21893000000.0,22138000000.0,63046000000.0,14518000000.0,28295000000.0,4026000000.0,8721000000.0,-21690000000.0,-12053000000.0,-4211000000.0,2348000000.0,-275000000.0,-6610000000.0,3.0,-2860000000.0,4905000000.0,-803000000.0,32321000000.0,0.9889,12.461,2.4118,3.0,-5014000000.0,0.16173026587684253,0.030239027405728414,-0.1082526509912402,0.555693868142001,0.19414476717381282,-0.05423191840098908,-0.08990371271803412,0.23116643614568927,2.2262708362033337,0.9889330562833137,64661000000.0,12515000000.0,10110000000.0,35280000000.0,12509000000.0,1525000000.0,8.0,8.0,2.5838196498521064,6.629508196721312,0.4172716,171.48,127.6,5.51162,209835.3,25.4654,9.6651,2.2341
2019-03-23,75466000000.0,17917000000.0,19090000000.0,61170000000.0,14202000000.0,28458000000.0,3291000000.0,5072000000.0,12884000000.0,7196000000.0,2008000000.0,1413000000.0,267000000.0,446000000.0,1.0,1413000000.0,-345000000.0,498000000.0,31749000000.0,,13.4849,2.6116,1.0,2506000000.0,0.09949302915082382,0.018723663636604562,0.10967090965538652,0.5585221980751319,0.15585221980751318,0.0266080089046723,0.04369872255228396,0.1945048121701335,2.2355302070130967,0.9385542168674699,64983000000.0,12585000000.0,10311000000.0,35569000000.0,12712000000.0,1498000000.0,9.0,9.0,2.4975613593455,6.883177570093458,0.4172716,171.48,127.6,5.51162,209835.3,25.4654,9.6651,2.2341
2019-06-15,75084000000.0,17212000000.0,19928000000.0,61047000000.0,13952000000.0,,3473000000.0,3293000000.0,29333000000.0,16241000000.0,4737000000.0,3448000000.0,528000000.0,970000000.0,2.44,1411000000.0,1388000000.0,1056000000.0,3473000000.0,,14.5132,2.843,2.44,5793000000.0,0.24713302752293578,0.04592190080443237,0.11754679030443528,0.5536767463266627,0.1614904714826305,0.06308933993926802,0.27185078909612626,0.1974908805781884,0.2489248853211009,0.8637093536732237,65664000000.0,12870000000.0,10213000000.0,36076000000.0,12600000000.0,1424000000.0,9.44,9.44,0.2756349206349206,7.172050561797753,0.4172716,171.48,127.6,5.51162,209835.3,25.4654,9.6651,2.2341
2019-09-07,77444000000.0,19198000000.0,20131000000.0,63220000000.0,14129000000.0,,2924000000.0,5494000000.0,46521000000.0,25735000000.0,7592000000.0,5548000000.0,790000000.0,1529000000.0,3.94,1409000000.0,5063000000.0,1634000000.0,2924000000.0,,15.3774,2.8876,3.94,9226000000.0,0.3926675631679524,0.07163886162904809,0.11925796951914189,0.5531910320070506,0.1631951161840889,0.09803212643975001,0.4452002580191169,0.1983190387136992,0.20695024417863966,0.9536535691222493,67048000000.0,12757000000.0,10126000000.0,37119000000.0,12511000000.0,1310000000.0,10.379999999999999,10.379999999999999,0.23371433138837822,7.729770992366412,0.4172716,171.48,127.6,5.51162,209835.3,25.4654,9.6651,2.2341
2019-12-28,78547000000.0,17645000000.0,20461000000.0,63679000000.0,14786000000.0,29148000000.0,2920000000.0,5509000000.0,-21577000000.0,-12143000000.0,-4046000000.0,-3095000000.0,-450000000.0,-986000000.0,-2.1799999999999997,-2826000000.0,3543000000.0,-756000000.0,32068000000.0,0.8624,26.0833,2.8405,-2.1799999999999997,-4802000000.0,-0.2093196266738807,-0.03940315989152991,0.14343977383324838,0.5627751772720953,0.1875144830143208,-0.05151056055610017,-0.08635335296879669,0.2225517912592112,2.168808332206141,0.8623723180685205,67161000000.0,7314000000.0,10291000000.0,37029000000.0,12723000000.0,1135000000.0,5.2,5.2,2.5204747308024835,9.066960352422907,0.4172716,171.48,127.6,5.51162,209835.3,25.4654,9.6651,2.2341
2020-03-21,85062000000.0,24268000000.0,22078000000.0,71503000000.0,13465000000.0,,5882000000.0,11089000000.0,13881000000.0,7754000000.0,1924000000.0,1338000000.0,,360000000.0,0.96,1396000000.0,-749000000.0,533000000.0,5882000000.0,,20.1851,2.1438,0.96,2457000000.0,0.0993687337541775,0.01572970304013543,0.09639074994596931,0.5586052878034724,0.13860672862185722,0.02261879570195857,0.09944694267845144,0.17700453857791226,0.43683624210917193,1.0991937675514087,68158000000.0,7239000000.0,10207000000.0,37587000000.0,12674000000.0,,5.159999999999999,5.159999999999999,0.4640997317342591,,0.4172716,171.48,127.6,5.51162,209835.3,25.4654,9.6651,2.2341
2020-06-13,89525000000.0,23189000000.0,23827000000.0,76938000000.0,12491000000.0,,6607000000.0,8927000000.0,29826000000.0,16611000000.0,4243000000.0,2984000000.0,525000000.0,870000000.0,2.14,1395000000.0,1462000000.0,1122000000.0,6607000000.0,,26.4293,2.676,2.14,5365000000.0,0.23889200224161397,0.03333147165596202,0.10004693891235834,0.5569301951317642,0.14225843224032722,0.04739458251884948,0.22216986071839984,0.17987661771608662,0.5289408374029301,0.9732236538380828,68651000000.0,6775000000.0,9713000000.0,37957000000.0,12246000000.0,,4.859999999999999,4.859999999999999,0.5395231095868038,,0.4172716,171.48,127.6,5.51162,209835.3,25.4654,9.6651,2.2341
2020-09-05,92041000000.0,24060000000.0,26009000000.0,78446000000.0,13483000000.0,,6692000000.0,9094000000.0,47917000000.0,26546000000.0,7254000000.0,5275000000.0,789000000.0,1396000000.0,3.79,1393000000.0,6123000000.0,1731000000.0,6692000000.0,,26.6563,2.7377,3.79,8985000000.0,0.39123340502855447,0.05731141556480264,0.11008619070476032,0.5539996243504393,0.1513867729615794,0.07881270303451722,0.3595539033457249,0.18751173904877183,0.49632871022769415,0.9250644007843439,70047000000.0,6502000000.0,9375000000.0,38768000000.0,12005000000.0,,4.71,4.71,0.5574344023323615,,0.4172716,171.48,127.6,5.51162,209835.3,25.4654,9.6651,2.2341
2020-12-26,92918000000.0,23001000000.0,23372000000.0,79366000000.0,13454000000.0,40370000000.0,3780000000.0,8185000000.0,-21252000000.0,-12336000000.0,-3341000000.0,-2477000000.0,-186000000.0,-732000000.0,-1.7700000000000005,-2792000000.0,3777000000.0,-838000000.0,44150000000.0,0.9841,28.5145,2.885,-1.7700000000000005,-4179000000.0,-0.18410881522223874,-0.026657913429044965,0.1165537361189535,0.5804630152456239,0.15720873329568982,-0.03595643470586969,-0.057999444483022015,0.1966403162055336,3.281551954808979,0.9841263049803183,70372000000.0,7120000000.0,10080000000.0,38575000000.0,12628000000.0,,5.119999999999999,5.119999999999999,3.4961989230281914,,0.4172716,171.48,127.6,5.51162,209835.3,25.4654,9.6651,2.2341
2021-03-20,91224000000.0,21196000000.0,22693000000.0,77171000000.0,13947000000.0,38991000000.0,4674000000.0,5661000000.0,14820000000.0,8149000000.0,2312000000.0,1714000000.0,258000000.0,451000000.0,1.24,1387000000.0,-719000000.0,560000000.0,43665000000.0,,25.3697,2.6668,1.24,2872000000.0,0.12289381228938123,0.018788915197754975,0.11565452091767882,0.5498650472334683,0.15600539811066128,0.025344207664649655,0.040130528362146776,0.19379217273954116,3.1307808130780814,0.934032521041731,71311000000.0,7496000000.0,10468000000.0,38970000000.0,13043000000.0,1386000000.0,5.3999999999999995,5.3999999999999995,3.347772751667561,7.552669552669553,0.4172716,171.48,127.6,5.51162,209835.3,25.4654,9.6651,2.2341
2021-06-12,92385000000.0,21597000000.0,23623000000.0,76987000000.0,15299000000.0,,4264000000.0,5449000000.0,34037000000.0,18486000000.0,5441000000.0,4072000000.0,499000000.0,1093000000.0,2.94,1387000000.0,2340000000.0,1213000000.0,4264000000.0,,25.0084,2.7522,2.94,6654000000.0,0.26616118700568664,0.044076419332142666,0.11963451538032141,0.54311484560919,0.15985545142051297,0.05889484223629377,0.27812707662423963,0.1954931398184329,0.27871102686450094,0.9142361258095923,75522000000.0,8584000000.0,11666000000.0,40845000000.0,14332000000.0,1360000000.0,6.199999999999999,6.199999999999999,0.2975160480044655,8.577941176470588,0.4172716,171.48,127.6,5.51162,209835.3,25.4654,9.6651,2.2341
2021-09-04,93254000000.0,23710000000.0,25077000000.0,77264000000.0,15872000000.0,,4234000000.0,6506000000.0,54226000000.0,29281000000.0,8600000000.0,6296000000.0,731000000.0,1895000000.0,4.54,1388000000.0,6634000000.0,1863000000.0,4234000000.0,,26.6695,2.8314,4.54,10463000000.0,0.3966733870967742,0.0675145302078195,0.1161066646995906,0.5399808210083724,0.158595507690038,0.09222124520127822,0.4277330150203919,0.19295172057684506,0.2667590725806452,0.9454878972763887,81831000000.0,9605000000.0,13012000000.0,43580000000.0,15810000000.0,1302000000.0,6.949999999999998,6.949999999999998,0.26780518659076535,9.993855606758833,0.4172716,171.48,127.6,5.51162,209835.3,25.4654,9.6651,2.2341
2021-12-25,92377000000.0,21783000000.0,26220000000.0,76226000000.0,16043000000.0,36026000000.0,4308000000.0,5596000000.0,-23609000000.0,-13517000000.0,-5191000000.0,-4464000000.0,375000000.0,-1297000000.0,-3.2299999999999986,-2773000000.0,3361000000.0,-926000000.0,40334000000.0,0.8308,31.1216,2.9832,-3.2299999999999986,-6117000000.0,-0.27825219721997135,-0.04832371694252898,0.1890804354271676,0.5725358973272905,0.2198737769494684,-0.05619364127434318,-0.0920765560423577,0.2590961074166631,2.5141183070498037,0.8307780320366133,79474000000.0,7618000000.0,11162000000.0,42399000000.0,13872000000.0,1863000000.0,5.49,5.49,2.9075836216839677,5.991411701556629,0.4172716,171.48,127.6,5.51162,209835.3,25.4654,9.6651,2.2341
2022-03-19,92962000000.0,22342000000.0,25824000000.0,74642000000.0,18202000000.0,,5459000000.0,6561000000.0,16200000000.0,8767000000.0,5267000000.0,4261000000.0,240000000.0,888000000.0,3.06,1391000000.0,-174000000.0,555000000.0,5459000000.0,,22.1211,2.7811,3.06,5822000000.0,0.2340951543786397,0.04583593296185538,0.2630246913580247,0.5411728395061728,0.32512345679012344,0.05665755900260321,0.22260259498753224,0.3593827160493827,0.2999120975716954,0.8651641883519207,80854000000.0,10165000000.0,14117000000.0,43017000000.0,16822000000.0,1845000000.0,7.3100000000000005,7.3100000000000005,0.3245155153965046,7.651490514905149,0.4172716,171.48,127.6,5.51162,209835.3,25.4654,9.6651,2.2341
2022-06-11,93103000000.0,22633000000.0,27223000000.0,74429000000.0,18553000000.0,,6032000000.0,5405000000.0,36425000000.0,19577000000.0,7344000000.0,5690000000.0,476000000.0,1281000000.0,4.09,1390000000.0,1881000000.0,1195000000.0,6032000000.0,,23.8849,2.6948,4.09,8539000000.0,0.30668894518406725,0.061115109072747385,0.1562113932738504,0.5374605353466027,0.2016197666437886,0.07888037979442124,0.29871873093349605,0.23442690459849005,0.32512262167843475,0.8313925724571135,83242000000.0,11783000000.0,16020000000.0,44108000000.0,18707000000.0,1822000000.0,8.46,8.46,0.3224461431549687,8.792535675082327,0.4172716,171.48,127.6,5.51162,209835.3,25.4654,9.6651,2.2341
2022-09-03,94461000000.0,23543000000.0,25653000000.0,75326000000.0,18977000000.0,,3109000000.0,6415000000.0,58396000000.0,31240000000.0,10697000000.0,8392000000.0,666000000.0,1756000000.0,6.04,1389000000.0,6306000000.0,1854000000.0,3109000000.0,,24.2459,2.8158,6.04,12551000000.0,0.4422195289034094,0.08884089730153184,0.14370847318309474,0.5349681485033222,0.1831803548188232,0.11324250219667376,0.4843339672190528,0.2149291047332009,0.16382989935184697,0.9177484114918333,87412000000.0,13879000000.0,18117000000.0,46067000000.0,20795000000.0,1757000000.0,9.96,9.96,0.14950709305121423,10.311326124075128,0.4172716,171.48,127.6,5.51162,209835.3,25.4654,9.6651,2.2341
2022-12-31,92187000000.0,21539000000.0,26785000000.0,74914000000.0,17149000000.0,35657000000.0,3414000000.0,4954000000.0,-24629000000.0,-13768000000.0,-11796000000.0,-9433000000.0,-443000000.0,-2198000000.0,-6.770000000000001,-2783000000.0,2798000000.0,-841000000.0,39071000000.0,0.8041,27.9346,2.881,-6.770000000000001,-12637000000.0,-0.5500612280599452,-0.10232462277761506,0.38300377603637986,0.5590157943887287,0.47894758211864064,-0.1279573041752091,-0.20981856990394876,0.5130943197044135,2.278325266779404,0.8041441105096135,86392000000.0,8910000000.0,11512000000.0,45816000000.0,14275000000.0,939000000.0,6.419999999999998,6.419999999999998,2.7370227670753065,12.259850905218318,0.4172716,171.48,127.6,5.51162,209835.3,25.4654,9.6651,2.2341
2023-03-25,93042000000.0,22427000000.0,25837000000.0,75867000000.0,17042000000.0,,4281000000.0,4770000000.0,17846000000.0,9858000000.0,2629000000.0,1932000000.0,200000000.0,546000000.0,1.4,1384000000.0,-392000000.0,590000000.0,4281000000.0,,37.5648,2.808,1.4,3219000000.0,0.11336697570707663,0.020764815889598245,0.10825955396167208,0.5523926930404572,0.14731592513728567,0.028256056404634466,0.12329409557754538,0.18037655497030147,0.2512029104565192,0.8680187328250184,88038000000.0,6581000000.0,8874000000.0,46907000000.0,11672000000.0,899000000.0,4.759999999999998,4.759999999999998,0.36677518848526386,9.870967741935484,0.4172716,171.48,127.6,5.51162,209835.3,25.4654,9.6651,2.2341
2023-06-17,95906000000.0,24954000000.0,29618000000.0,78081000000.0,17685000000.0,,7613000000.0,6116000000.0,40168000000.0,22059000000.0,6288000000.0,4680000000.0,401000000.0,1293000000.0,3.38,1384000000.0,2019000000.0,1268000000.0,7613000000.0,,32.4438,2.8436,3.38,7556000000.0,0.26463104325699743,0.04879778116071987,0.11651065524795857,0.5491684923322048,0.15654252141007768,0.06556419827748003,0.24855719819748598,0.18810993825931088,0.43047780605032515,0.8425281923154838,91781000000.0,5571000000.0,7818000000.0,49389000000.0,10689000000.0,824000000.0,4.049999999999998,4.049999999999998,0.7122275236224156,9.487864077669903,0.4172716,171.48,127.6,5.51162,209835.3,25.4654,9.6651,2.2341
2023-09-09,99953000000.0,28649000000.0,32660000000.0,80983000000.0,18806000000.0,,8937000000.0,10017000000.0,63621000000.0,34837000000.0,10303000000.0,7772000000.0,602000000.0,2053000000.0,5.62,1384000000.0,7630000000.0,1973000000.0,8937000000.0,,29.7119,2.6885,5.62,12276000000.0,0.41327235988514305,0.07775654557642092,0.12216092170824099,0.5475707706574873,0.16194338347401016,0.10307844687002891,0.37137295894459865,0.19295515631631066,0.475220674252898,0.8771892222902633,97006000000.0,4951000000.0,7424000000.0,52986000000.0,10414000000.0,760000000.0,3.629999999999998,3.629999999999998,0.85817169195314,9.76842105263158,0.4172716,171.48,127.6,5.51162,209835.3,25.4654,9.6651,2.2341
2023-12-30,100495000000.0,26950000000.0,31647000000.0,81858000000.0,18503000000.0,37595000000.0,6510000000.0,9711000000.0,-30164000000.0,-17164000000.0,-7234000000.0,-5310000000.0,-384000000.0,-1630000000.0,-3.839999999999999,-2769000000.0,4185000000.0,-883000000.0,44105000000.0,0.8516,25.7336,2.5528,-3.839999999999999,-8117000000.0,-0.28698048965032696,-0.05283844967411314,0.17603766078769395,0.5690226760376608,0.23982230473412014,-0.07198368078013831,-0.11554433938154868,0.26909561066171594,2.383667513376209,0.851581508515815,91471000000.0,9074000000.0,11986000000.0,49590000000.0,14934000000.0,819000000.0,6.56,6.56,2.9533279764296236,14.634920634920634,0.4172716,171.48,127.6,5.51162,209835.3,25.4654,9.6651,2.2341
2024-03-23,100040000000.0,26005000000.0,30234000000.0,80850000000.0,19047000000.0,,8161000000.0,8047000000.0,18250000000.0,10002000000.0,2717000000.0,2042000000.0,202000000.0,520000000.0,1.48,1380000000.0,-1041000000.0,641000000.0,8161000000.0,,25.8411,2.5831,1.48,3358000000.0,0.10720848427573897,0.020411835265893644,0.1118904109589041,0.548054794520548,0.14887671232876712,0.027159136345461816,0.09986033519553073,0.184,0.42846642515881767,0.8601243632995965,91875000000.0,9184000000.0,12074000000.0,49734000000.0,15073000000.0,821000000.0,6.640000000000001,6.640000000000001,0.5414316990645525,14.706455542021924,0.4172716,171.48,127.6,5.51162,209835.3,25.4654,9.6651,2.2341
2024-09-07,100513000000.0,26852000000.0,30315000000.0,80908000000.0,19453000000.0,,6524000000.0,7308000000.0,64070000000.0,35507000000.0,10637000000.0,8055000000.0,655000000.0,2045000000.0,5.84,1379000000.0,6220000000.0,2118000000.0,6524000000.0,,26.1467,2.6616,5.84,12755000000.0,0.414074949879196,0.08013888750708864,0.1257218667082878,0.5541907288902762,0.16602153894178243,0.10582710694139066,0.4094776148131039,0.19907913219915718,0.33537243612810363,0.8857661223816592,115777000000.0,12559000000.0,16423000000.0,63182000000.0,20272000000.0,1075000000.0,9.100000000000001,9.100000000000001,0.3218232044198895,15.27720930232558,0.4172716,171.48,127.6,5.51162,209835.3,25.4654,9.6651,2.2341
2024-12-28,99467000000.0,25826000000.0,31536000000.0,81296000000.0,18041000000.0,37224000000.0,7082000000.0,8505000000.0,91854000000.0,50110000000.0,12887000000.0,9578000000.0,919000000.0,2320000000.0,6.95,1378000000.0,12507000000.0,3160000000.0,44306000000.0,0.8189,21.7329,2.2662,6.95,16047000000.0,0.5309018347098277,0.09629324298511063,0.10427417423302197,0.5455396607659982,0.1402987349489407,0.1295605577729297,0.2066979966959116,0.17470115618263765,2.4558505626073943,0.8189370877727042,144010000000.0,14365000000.0,19007000000.0,78455000000.0,24043000000.0,1392000000.0,10.430000000000001,10.430000000000001,1.842781682818284,13.654454022988507,0.4172716,171.48,127.6,5.51162,209835.3,25.4654,9.6651,2.2341
2025-03-22,101737000000.0,26288000000.0,31511000000.0,83208000000.0,18389000000.0,,9099000000.0,8268000000.0,17919000000.0,9993000000.0,2583000000.0,1834000000.0,264000000.0,499000000.0,1.33,1376000000.0,-973000000.0,684000000.0,9099000000.0,,21.4595,2.197,1.33,3267000000.0,0.09973353635325466,0.01802687321230231,0.10234946146548357,0.5576762096099113,0.14414866901054746,0.0253889931883189,0.09396827706635623,0.18232044198895028,0.49480667790526944,0.834248357716353,192093000000.0,21509000000.0,28824000000.0,105612000000.0,35427000000.0,2040000000.0,15.6,15.6,0.25683800491150816,14.129411764705882,0.4172716,171.48,127.6,5.51162,209835.3,25.4654,9.6651,2.2341
2025-06-14,105345000000.0,28210000000.0,36396000000.0,86786000000.0,18418000000.0,,12056000000.0,7631000000.0,40645000000.0,22415000000.0,4372000000.0,3097000000.0,524000000.0,791000000.0,2.25,1374000000.0,996000000.0,1491000000.0,12056000000.0,,23.8453,1.9622,2.25,5863000000.0,0.16815072211966556,0.029398642555413166,0.07619633411243695,0.5514823471521713,0.10756550621232625,0.04150173240305662,0.14346656165911925,0.1442489851150203,0.6545770441958954,0.7750851741949665,214488000000.0,22564000000.0,30479000000.0,118025000000.0,37932000000.0,2362000000.0,16.37,16.37,0.3178319097332068,12.9038950042337,0.4172716,171.48,127.6,5.51162,209835.3,25.4654,9.6651,2.2341
2025-09-06,106558000000.0,28722000000.0,31499000000.0,87015000000.0,19388000000.0,,6736000000.0,8126000000.0,64582000000.0,35239000000.0,7941000000.0,5700000000.0,788000000.0,1504000000.0,4.15,1373000000.0,5468000000.0,2315000000.0,6736000000.0,,26.8603,2.1005,4.15,10256000000.0,0.2939962863626986,0.05349199496987556,0.08825988665572451,0.545647394010715,0.12295995788300146,0.07452279509750559,0.30397335783187873,0.15880585921773868,0.34743140086651536,0.9118384710625734,215000000000.0,20209000000.0,27783000000.0,117757000000.0,35433000000.0,2495000000.0,14.680000000000001,14.680000000000001,0.1901052690994271,11.135470941883767,0.4172716,171.48,127.6,5.51162,209835.3,25.4654,9.6651,2.2341
2025-12-27,107399000000.0,27949000000.0,32764000000.0,86852000000.0,20406000000.0,42321000000.0,6861000000.0,9159000000.0,-29221000000.0,-16788000000.0,-3398000000.0,-2391000000.0,-455000000.0,-845000000.0,-1.7300000000000004,-2750000000.0,6596000000.0,-1039000000.0,49182000000.0,0.853,23.9351,2.0998,-1.7300000000000004,-4437000000.0,-0.11717142017053808,-0.022262777120829802,0.08182471510215256,0.574518325861538,0.11628623250402108,-0.03163902829635285,-0.04883025809047537,0.1518428527428904,2.410173478388709,0.8530399218654621,93925000000.0,8240000000.0,11498000000.0,50859000000.0,14949000000.0,1121000000.0,6.000000000000001,6.000000000000001,3.289985952237608,10.256913470115968,0.4172716,171.48,127.6,5.51162,209835.3,25.4654,9.6651,2.2341
