report_date,total_assets,current_assets,current_liabilities,total_liabilities,total_equity,long_term_debt,cash,revenue,operating_income,net_income,interest_expense,income_tax,eps_diluted,shares_diluted,operating_cash_flow,capex,depreciation,fcf,total_debt,bf_current_ratio,bf_pe,bf_ps,eps,ebitda,roe,roa,net_margin,operating_margin,roi,roic,fcf_margin,ebitda_margin,debt_equity,current_ratio,revenue_ttm,net_income_ttm,operating_income_ttm,fcf_ttm,ebitda_ttm,interest_expense_ttm,eps_diluted_ttm,eps_ttm,debt_to_ebitda,interest_coverage,bf_beta,bf_52w_high,bf_52w_low,bf_10d_avg_vol,bf_market_cap,bf_pe_ttm,bf_pb_annual,bf_ps_ttm
2010-03-31,18037146000.0,917228000.0,3372180000.0,,7465402000.0,6847719000.0,278104000.0,1485650000.0,91752000.0,87447000.0,83924000.0,,0.4,216975000.0,412924000.0,166397000.0,157575000.0,246527000.0,6847719000.0,,25.4509,1.1716,0.4,249327000.0,0.011713635782774992,0.004848161677019192,0.058861104567024536,0.061758826103052535,0.005086835799854367,0.006410341951276734,0.16593881466024973,0.16782351159425168,0.917260584225739,0.2719985291413863,,,,,,,,,,,2.000074,366.5,164.01,2.41882,74013.76,17.3416,7.5785,4.1268
2010-06-30,18303014000.0,911148000.0,3454829000.0,,7247767000.0,7109013000.0,318820000.0,3087347000.0,235436000.0,147993000.0,167770000.0,,0.68,217304000.0,1010902000.0,847541000.0,317606000.0,163361000.0,7109013000.0,,13.3247,0.7766,0.68,553042000.0,0.02041911667414253,0.008085717467079466,0.047935330884413055,0.07625835385526797,0.012863236623214078,0.016398941824002318,0.052913067432977245,0.1791317917940549,0.9808556207725773,0.26373172159895614,,,,,,,,,,,2.000074,366.5,164.01,2.41882,74013.76,17.3416,7.5785,4.1268
2010-09-30,18605808000.0,1043307000.0,3452826000.0,,7851244000.0,6980254000.0,441930000.0,5148006000.0,680938000.0,504760000.0,250264000.0,,2.32,217388000.0,1435907000.0,925826000.0,479838000.0,510081000.0,6980254000.0,,13.925,1.0278,2.32,1160776000.0,0.06429044874926827,0.027129163108637906,0.09804961377278892,0.13227218460895346,0.03659814182754116,0.04591161324365212,0.09908321785172744,0.22548070068294404,0.8890634401376394,0.30216031737481125,,,,,,,,,,,2.000074,366.5,164.01,2.41882,74013.76,17.3416,7.5785,4.1268
2010-12-31,19694904000.0,1015071000.0,3444498000.0,,7942502000.0,7951187000.0,419929000.0,-2968499000.0,-205493000.0,-192733000.0,-162565000.0,,-0.8900000000000001,,-1196714000.0,247425000.0,-311303000.0,-1444139000.0,7951187000.0,0.2946,19.6171,1.4981,-0.8900000000000001,-516796000.0,-0.024266031031531375,-0.00978593244221957,0.06492607880278889,0.06922454749016253,-0.010433815772851698,-0.012929219893506158,0.4864879523287695,0.17409337176802148,1.0010934841439134,0.29469345025022514,6752504000.0,547467000.0,802633000.0,-524170000.0,1446349000.0,339393000.0,2.51,2.51,5.497419364206011,2.3649073492971273,2.000074,366.5,164.01,2.41882,74013.76,17.3416,7.5785,4.1268
2011-03-31,19775492000.0,1214686000.0,3010876000.0,,8277983000.0,8076793000.0,470258000.0,1671995000.0,149534000.0,91552000.0,87483000.0,,0.42,219626000.0,285419000.0,66304000.0,173252000.0,219115000.0,8076793000.0,,17.4096,1.2902,0.42,322786000.0,0.011059698962899538,0.004629568761171657,0.05475614460569559,0.08943447797391739,0.007561581780114498,0.009143139594207832,0.1310500330443572,0.1930544050670008,0.9756957703343918,0.40343275511844395,6938849000.0,551572000.0,860415000.0,-551582000.0,1519808000.0,342952000.0,2.53,2.53,5.314350891691582,2.508849634934335,2.000074,366.5,164.01,2.41882,74013.76,17.3416,7.5785,4.1268
2011-06-30,19948498000.0,1326876000.0,3287930000.0,,8348279000.0,7901646000.0,551460000.0,3439868000.0,317724000.0,171901000.0,193593000.0,,0.78,219516000.0,766742000.0,251565000.0,345302000.0,515177000.0,7901646000.0,,14.7444,1.1496,0.78,663026000.0,0.02059119011235729,0.008617240255381632,0.0499731385041519,0.09236517215195467,0.015927214169207126,0.01955233639539875,0.14976650266812563,0.19274751240454577,0.9464999911957902,0.4035596864896759,7291370000.0,575480000.0,942703000.0,-199766000.0,1629792000.0,368775000.0,2.63,2.63,4.84825425575779,2.5563094027523556,2.000074,366.5,164.01,2.41882,74013.76,17.3416,7.5785,4.1268
2011-09-30,20170026000.0,1223118000.0,3115241000.0,20170026000.0,8438096000.0,8136206000.0,451460000.0,5761862000.0,825466000.0,570859000.0,291791000.0,,2.6,219315000.0,1272718000.0,1030102000.0,522493000.0,242616000.0,8136206000.0,,7.793,0.6377,2.6,1347959000.0,0.06765258418486825,0.028302343288997247,0.09907543776647201,0.1432637574450759,0.04092538105801153,0.04980396761202976,0.042107221589132125,0.23394503374082892,0.9642229716277226,0.3926238772537983,7905226000.0,641579000.0,1087231000.0,-467231000.0,1816975000.0,410302000.0,2.9099999999999997,2.9099999999999997,4.477885496498301,2.6498311000190102,2.000074,366.5,164.01,2.41882,74013.76,17.3416,7.5785,4.1268
2011-12-31,19804405000.0,969288000.0,3067642000.0,19804405000.0,8407823000.0,7856962000.0,262186000.0,-3336462000.0,-361096000.0,-226891000.0,-190451000.0,,-1.0299999999999998,,-869140000.0,-174345000.0,-338621000.0,-1043485000.0,7856962000.0,0.316,9.2639,0.7466,-1.0299999999999998,-699717000.0,-0.02698570129271275,-0.011456592611593229,0.06800347194123596,0.10822721793324785,-0.01823311530944757,-0.02220109272886177,0.3127519510187738,0.20971825844262576,0.9344823267568787,0.3159716811805289,7537263000.0,607421000.0,931628000.0,-66577000.0,1634054000.0,382416000.0,2.77,2.77,4.808263374405008,2.4361637588385423,2.000074,366.5,164.01,2.41882,74013.76,17.3416,7.5785,4.1268
2012-03-31,20028959000.0,1123497000.0,3099874000.0,20028959000.0,8592570000.0,7898822000.0,277533000.0,1834480000.0,135375000.0,46964000.0,92666000.0,,0.21,219230000.0,215215000.0,177235000.0,179392000.0,37980000.0,7898822000.0,,11.0172,0.8241,0.21,314767000.0,0.005465652301930622,0.002344804839832165,0.025600715189045397,0.07379475382669748,0.0067589633590043295,0.008208827975224892,0.02070341459160089,0.17158377305830536,0.9192618739213064,0.3624331182493224,7699748000.0,562833000.0,917469000.0,-247712000.0,1626035000.0,387599000.0,2.56,2.56,4.857719544782246,2.3670571905500273,2.000074,366.5,164.01,2.41882,74013.76,17.3416,7.5785,4.1268
2012-06-30,19696104000.0,954148000.0,3809112000.0,19696104000.0,8271674000.0,7068902000.0,212209000.0,3655484000.0,232280000.0,43311000.0,181772000.0,,0.2,219217000.0,583519000.0,322751000.0,359906000.0,260768000.0,7068902000.0,,11.9563,0.7384,0.2,592186000.0,0.0052360622529369506,0.0021989627999527217,0.011848225843691287,0.06354288515556353,0.011793195243079545,0.015141543576981725,0.07133610761256239,0.16199934126370133,0.8545914647990237,0.25049092806932427,7915364000.0,434243000.0,832025000.0,-502121000.0,1555195000.0,375778000.0,1.98,1.98,4.545347689518035,2.2141397314371782,2.000074,366.5,164.01,2.41882,74013.76,17.3416,7.5785,4.1268
2012-09-30,19668222000.0,1033180000.0,3826185000.0,19668222000.0,8702661000.0,6623920000.0,241237000.0,5881874000.0,684417000.0,411090000.0,266749000.0,,1.87,219263000.0,1172256000.0,429309000.0,541957000.0,742947000.0,6623920000.0,,14.8029,0.8654,1.87,1226374000.0,0.04723727604694702,0.02090122838759904,0.0698909905244485,0.11636036406084184,0.03479811240690694,0.044655556252239166,0.12631127426395056,0.2085005561152789,0.7611373119095413,0.2700287623311471,8035376000.0,274474000.0,690976000.0,-1790000.0,1433610000.0,350736000.0,1.25,1.25,4.6204476810290105,1.9700743579216278,2.000074,366.5,164.01,2.41882,74013.76,17.3416,7.5785,4.1268
2012-12-31,19827930000.0,888060000.0,4066151000.0,19827930000.0,8308749000.0,6970464000.0,194855000.0,-3683814000.0,-648962000.0,-483078000.0,-185402000.0,,-2.2,,-589256000.0,362204000.0,-350762000.0,-951460000.0,6970464000.0,0.2184,406.7496,0.9675,-2.2,-999724000.0,-0.05814088258051844,-0.024363511470940236,0.1311352853319956,0.17616578904363792,-0.03272968988694231,-0.042473522687326896,0.2582812270109186,0.27138286569300185,0.8389306260184295,0.21840310406573685,7688024000.0,18287000.0,403110000.0,90235000.0,1133603000.0,355785000.0,0.07999999999999963,0.07999999999999963,6.148946324242261,1.1330157257894515,2.000074,366.5,164.01,2.41882,74013.76,17.3416,7.5785,4.1268
2013-03-31,19866101000.0,958614000.0,5060504000.0,19866101000.0,8338535000.0,5975890000.0,215888000.0,1911220000.0,165632000.0,76226000.0,90182000.0,,0.35,220484000.0,241257000.0,178376000.0,189364000.0,62881000.0,5975890000.0,,150.4946,0.9216,0.35,354996000.0,0.009141413929425253,0.0038369884457951763,0.03988342524670106,0.08666296920291751,0.008337418600660493,0.01157098521246924,0.03290097424681617,0.18574313789098063,0.7166594611643412,0.18943053893446185,7764764000.0,47549000.0,433367000.0,115136000.0,1173832000.0,353301000.0,0.2199999999999996,0.2199999999999996,5.090924425301065,1.2266226249005805,2.000074,366.5,164.01,2.41882,74013.76,17.3416,7.5785,4.1268
2013-06-30,19950794000.0,953094000.0,4712175000.0,,8366259000.0,,205174000.0,3793987000.0,278970000.0,100973000.0,177059000.0,,0.0,220596000.0,672788000.0,396073000.0,375548000.0,276715000.0,0.0,,98.9436,0.9602,0.0,654518000.0,0.012069074122615616,0.005061101828829469,0.026613955187511185,0.07352950866726744,0.013982902134120578,0.033344652609965816,0.07293514711568595,0.17251456054013892,0.0,0.20226201276480607,7903267000.0,105211000.0,480057000.0,131083000.0,1236164000.0,348588000.0,0.0199999999999996,0.0199999999999996,0.0,1.377147233983958,2.000074,366.5,164.01,2.41882,74013.76,17.3416,7.5785,4.1268
2013-09-30,20086245000.0,1018675000.0,4844565000.0,,8762084000.0,,209567000.0,6105736000.0,723179000.0,466674000.0,256713000.0,,2.0,220744000.0,1230104000.0,534046000.0,564089000.0,696058000.0,0.0,,113.8161,1.0627,2.0,1287268000.0,0.053260616994769736,0.023233511290935663,0.07643206322710316,0.11844255958659201,0.036003693074539315,0.08253504531570344,0.11400067084459596,0.21082929232446343,0.0,0.21027171686209184,8127129000.0,160795000.0,518819000.0,84194000.0,1297058000.0,338552000.0,0.14999999999999947,0.14999999999999947,0.0,1.5324647321534062,2.000074,366.5,164.01,2.41882,74013.76,17.3416,7.5785,4.1268
2013-12-31,20072947000.0,956374000.0,4267010000.0,20072947000.0,8808265000.0,6511426000.0,204687000.0,-3851049000.0,-369633000.0,-170181000.0,-191532000.0,,-0.20999999999999996,,-732081000.0,-344718000.0,-374290000.0,-1076799000.0,6511426000.0,0.2241,22.0175,1.3103,-0.20999999999999996,-743923000.0,-0.019320604000901426,-0.008478127302383651,0.04419081658010584,0.09598241933561479,-0.018414485924762317,-0.024127967071920706,0.2796118667926583,0.19317411957105712,0.7392404747132381,0.22413212061841897,7959894000.0,473692000.0,798148000.0,-41145000.0,1552859000.0,332422000.0,2.1399999999999997,2.1399999999999997,4.193185601525959,2.4010083568476213,2.000074,366.5,164.01,2.41882,74013.76,17.3416,7.5785,4.1268
2014-03-31,20126140000.0,1010933000.0,3382779000.0,,8776932000.0,,216508000.0,1887224000.0,97466000.0,26457000.0,68571000.0,,0.0,222671000.0,315786000.0,177791000.0,193735000.0,137995000.0,0.0,,28.5767,1.5265,0.0,291201000.0,0.0030143790563718622,0.0013145590759082468,0.01401900357350267,0.05164516771723971,0.004842756733283183,0.011104791514848241,0.07312062585045548,0.15430123822079414,0.0,0.2988468948163625,7935898000.0,423923000.0,729982000.0,33969000.0,1489064000.0,310811000.0,1.7899999999999996,1.7899999999999996,0.0,2.3486363095257246,2.000074,366.5,164.01,2.41882,74013.76,17.3416,7.5785,4.1268
2014-06-30,20012211000.0,978340000.0,3549420000.0,,8849240000.0,,185262000.0,3867267000.0,293053000.0,164130000.0,133831000.0,,0.0,223055000.0,880929000.0,342472000.0,386615000.0,538457000.0,0.0,,23.0048,1.5374,0.0,679668000.0,0.01854735547911459,0.00820149257870607,0.042440824489232316,0.07577780380821908,0.014643709283297083,0.033116177208438236,0.13923450333271534,0.17574892036158868,0.0,0.2756337655166196,8009178000.0,487080000.0,744065000.0,295711000.0,1514214000.0,267583000.0,1.7899999999999996,1.7899999999999996,0.0,2.7806886087681204,2.000074,366.5,164.01,2.41882,74013.76,17.3416,7.5785,4.1268
2014-09-30,19599910000.0,860226000.0,3737740000.0,,9021028000.0,,183181000.0,6256029000.0,822515000.0,654378000.0,193931000.0,,2.0,223351000.0,1459564000.0,559018000.0,579063000.0,900546000.0,0.0,,22.6176,1.8445,2.0,1401578000.0,0.07253918289578527,0.03338678595973145,0.10459957906205358,0.13147557340287266,0.04196524371795585,0.091177524335364,0.14394850151749616,0.22403636556032588,0.0,0.2301460240680197,8159471000.0,674784000.0,843401000.0,500199000.0,1628524000.0,204801000.0,1.7899999999999996,1.7899999999999996,0.0,4.118148837163881,2.000074,366.5,164.01,2.41882,74013.76,17.3416,7.5785,4.1268
2014-12-31,20713190000.0,801083000.0,3849247000.0,,8284359000.0,,189241000.0,-3936665000.0,-271175000.0,-80819000.0,-138034000.0,,1.0,,-912520000.0,732117000.0,-386968000.0,-1644637000.0,0.0,0.2081,24.0203,2.2734,1.0,-658143000.0,-0.009755612956898656,-0.0039018132890201846,0.020529813941496163,0.06888444914667619,-0.013091899412886186,-0.032733371405077934,0.41777418195350635,0.16718288195718964,0.0,0.2081142103897204,8073855000.0,764146000.0,941859000.0,-67639000.0,1714304000.0,258299000.0,2.9999999999999996,2.9999999999999996,0.0,3.646390423501446,2.000074,366.5,164.01,2.41882,74013.76,17.3416,7.5785,4.1268
2015-03-31,20869593000.0,951203000.0,4336291000.0,,7973910000.0,,229705000.0,1815599000.0,105682000.0,45230000.0,70159000.0,,0.0,220842000.0,426427000.0,304644000.0,200468000.0,121783000.0,0.0,,22.9881,2.2491,0.0,306150000.0,0.005672248620814632,0.0021672679481578774,0.024911888583327046,0.058207787071925025,0.005063922425319938,0.013253472888457482,0.06707593471906517,0.1686220360332871,0.0,0.21935866389040773,8002230000.0,782919000.0,950075000.0,-83851000.0,1729253000.0,259887000.0,2.9999999999999996,2.9999999999999996,0.0,3.6557234490374664,2.000074,366.5,164.01,2.41882,74013.76,17.3416,7.5785,4.1268
2015-06-30,21395194000.0,913391000.0,4791538000.0,,8320240000.0,,159360000.0,3873921000.0,366979000.0,230197000.0,146779000.0,,1.0,220886000.0,1040345000.0,1151616000.0,406936000.0,-111271000.0,0.0,,20.8437,2.1415,1.0,773915000.0,0.027667110564118344,0.010759285473176826,0.05942222363336785,0.09473063596289134,0.017152403479024306,0.044106780573637296,-0.028723094766258787,0.19977562784579242,0.0,0.19062584915323638,8008884000.0,848986000.0,1024001000.0,-733579000.0,1823500000.0,272835000.0,3.9999999999999996,3.9999999999999996,0.0,3.7531878241427967,2.000074,366.5,164.01,2.41882,74013.76,17.3416,7.5785,4.1268
2015-09-30,20958848000.0,900826000.0,4360491000.0,,8255786000.0,,147419000.0,6397021000.0,624984000.0,458984000.0,213598000.0,,2.0,220979000.0,1607936000.0,1360637000.0,617678000.0,247299000.0,0.0,,34.4523,2.3853,2.0,1242662000.0,0.05559543331186152,0.021899295228440037,0.07174964721860379,0.09769922593657267,0.02981957786992873,0.07570254364635905,0.03865846305647582,0.19425635776402797,0.0,0.20658820302576017,8149876000.0,653592000.0,826470000.0,-1386826000.0,1664584000.0,292502000.0,3.9999999999999996,3.9999999999999996,0.0,2.8255191417494583,2.000074,366.5,164.01,2.41882,74013.76,17.3416,7.5785,4.1268
2015-12-31,20921855000.0,837022000.0,4292827000.0,,8063039000.0,,121565000.0,-3787467000.0,-222743000.0,-68628000.0,-152811000.0,,0.0,,-1128342000.0,-1203557000.0,-398074000.0,-2331899000.0,0.0,0.195,33.4429,2.6829,0.0,-620817000.0,-0.00851143098774544,-0.003280206272340574,0.018119761835548667,0.05881054541201283,-0.010646426906218401,-0.02762519194065662,0.6156882687030673,0.16391350736521268,0.0,0.19498153547767008,8299074000.0,665783000.0,874902000.0,-2074088000.0,1701910000.0,277725000.0,2.9999999999999996,2.9999999999999996,0.0,3.1502457466918714,2.000074,366.5,164.01,2.41882,74013.76,17.3416,7.5785,4.1268
2016-03-31,20963413000.0,892286000.0,4397944000.0,,7887769000.0,,117360000.0,1917795000.0,163127000.0,99140000.0,65446000.0,,0.0,217869000.0,477896000.0,249840000.0,210764000.0,228056000.0,0.0,,24.6483,2.1115,0.0,373891000.0,0.012568826495806356,0.0047291917589945874,0.05169478489619589,0.08505966487554718,0.007781509623456829,0.0206810062515776,0.11891573395488048,0.19495879382311457,0.0,0.2028870763247554,8401270000.0,719693000.0,932347000.0,-1967815000.0,1769651000.0,273012000.0,2.9999999999999996,2.9999999999999996,0.0,3.4150403645261016,2.000074,366.5,164.01,2.41882,74013.76,17.3416,7.5785,4.1268
2016-06-30,22471493000.0,857938000.0,4373631000.0,,8145665000.0,,,4023057000.0,445400000.0,329045000.0,144193000.0,,1.0,217040000.0,1270912000.0,2047195000.0,432384000.0,-776283000.0,0.0,,18.9026,1.7108,1.0,877784000.0,0.040395105863057224,0.014642774291855018,0.08178979318463546,0.11071182933773993,0.01982066790132725,0.054679390817078774,-0.19295848902961107,0.21818830804534958,0.0,0.19616149602012606,8550406000.0,818541000.0,1010768000.0,-2632827000.0,1873520000.0,270426000.0,2.9999999999999996,2.9999999999999996,0.0,3.7376879442065483,2.000074,366.5,164.01,2.41882,74013.76,17.3416,7.5785,4.1268
2016-09-30,22450262000.0,803069000.0,4500570000.0,,8790149000.0,,,6586798000.0,1180363000.0,1022302000.0,226803000.0,,4.0,216575000.0,2000952000.0,2313831000.0,661712000.0,-312879000.0,0.0,,13.1267,1.9006,4.0,1842075000.0,0.11630087271558195,0.04553630599054924,0.15520469885367671,0.17920133576283956,0.05257680288987273,0.13428247917071712,-0.04750092533580049,0.27966168083490645,0.0,0.17843717573551796,8740183000.0,1381859000.0,1566147000.0,-3193005000.0,2472933000.0,283631000.0,5.0,5.0,0.0,5.521776533594706,2.000074,366.5,164.01,2.41882,74013.76,17.3416,7.5785,4.1268
2016-12-31,22310324000.0,748305000.0,4441601000.0,,9121412000.0,,132603000.0,-4031249000.0,-311685000.0,-167099000.0,-129072000.0,,0.0,,-1233070000.0,-2116503000.0,-409945000.0,-3349573000.0,0.0,0.1685,14.023,2.1182,0.0,-721630000.0,-0.018319422475379907,-0.00748976124237371,0.041450925011082176,0.07731722848179311,-0.013970438080594437,-0.03417069637902553,0.830902035572598,0.17900903665340445,0.0,0.16847641199648505,8496401000.0,1283388000.0,1477205000.0,-4210679000.0,2372120000.0,307370000.0,5.0,5.0,0.0,4.80595048313108,2.000074,366.5,164.01,2.41882,74013.76,17.3416,7.5785,4.1268
2017-03-31,22017257000.0,756689000.0,5271742000.0,,9266830000.0,,,2008560000.0,279522000.0,214726000.0,80317000.0,,0.0,215813000.0,796526000.0,122783000.0,235749000.0,673743000.0,0.0,,15.0725,2.4555,0.0,515271000.0,0.023171462085740214,0.009752622681381246,0.10690544469669813,0.13916537220695424,0.012695586920750391,0.03016371294175031,0.33543583462779303,0.2565375194168957,0.0,0.1435368043428529,8587166000.0,1398974000.0,1593600000.0,-3764992000.0,2513500000.0,322241000.0,5.0,5.0,0.0,4.945366976889967,2.000074,366.5,164.01,2.41882,74013.76,17.3416,7.5785,4.1268
2017-06-30,22024168000.0,767641000.0,5285953000.0,,9683408000.0,,,4203834000.0,699219000.0,584252000.0,156949000.0,,2.0,215944000.0,1659280000.0,271541000.0,470686000.0,1387739000.0,0.0,,15.2689,2.7074,2.0,1169905000.0,0.06033536953105766,0.026527767132905996,0.13898074947773864,0.16632887977974392,0.03174780541085593,0.07220794579759522,0.3301127018811875,0.2782947661587018,0.0,0.14522281980184085,8767943000.0,1654181000.0,1847419000.0,-1600970000.0,2805621000.0,334997000.0,6.0,6.0,0.0,5.51473296775792,2.000074,366.5,164.01,2.41882,74013.76,17.3416,7.5785,4.1268
2017-09-30,22099314000.0,798152000.0,5057112000.0,,10435488000.0,,,6773378000.0,1436707000.0,1337094000.0,230182000.0,,6.0,215905000.0,2454601000.0,387335000.0,710836000.0,2067266000.0,0.0,,16.0332,2.9511,6.0,2147543000.0,0.12812951344489112,0.06050386903412477,0.1974043084558399,0.21211085517447867,0.06501138451627955,0.13767511399562724,0.30520458182017896,0.31705642295469116,0.0,0.1578276296827122,8954523000.0,1968973000.0,2103763000.0,779175000.0,3111089000.0,338376000.0,8.0,8.0,0.0,6.2172346738539375,2.000074,366.5,164.01,2.41882,74013.76,17.3416,7.5785,4.1268
2017-12-31,22296317000.0,843028000.0,4790264000.0,,10702303000.0,,120112000.0,-4207927000.0,-671392000.0,-510939000.0,-167466000.0,,-1.0,,-2035841000.0,-217521000.0,-466077000.0,-2253362000.0,0.0,0.187,15.8028,2.9257,-1.0,-1137469000.0,-0.047741032934687046,-0.022915847491762877,0.12142297145363976,0.15955409872842377,-0.030112237819367206,-0.06273341354659834,0.5355040617387137,0.2703157635576853,0.0,0.17598779524468797,8777845000.0,1625133000.0,1744056000.0,1875386000.0,2695250000.0,299982000.0,7.0,7.0,0.0,5.813868832129928,2.000074,366.5,164.01,2.41882,74013.76,17.3416,7.5785,4.1268
2018-03-31,23970972000.0,1034526000.0,5195154000.0,,10646796000.0,,,2027756000.0,274146000.0,218653000.0,67878000.0,,1.0,213602000.0,924122000.0,1720232000.0,240230000.0,-796110000.0,0.0,,15.2545,2.8249,1.0,514376000.0,0.020536976570228262,0.009121574210674478,0.1078300347773598,0.1351967396471765,0.0114365825465901,0.025749154957040596,-0.3926064082660833,0.2536676010328659,0.0,0.19913288422248887,8797041000.0,1629060000.0,1738680000.0,405533000.0,2694355000.0,287543000.0,8.0,8.0,0.0,6.046678235950797,2.000074,366.5,164.01,2.41882,74013.76,17.3416,7.5785,4.1268
2018-06-30,24057036000.0,1099896000.0,5502350000.0,,10773698000.0,,,4365361000.0,731041000.0,684948000.0,149742000.0,,3.0,213079000.0,1931586000.0,2212880000.0,493606000.0,-281294000.0,0.0,,12.7551,2.4625,3.0,1224647000.0,0.06357594207671312,0.02847183668012967,0.1569052364741427,0.16746404249270563,0.030387825000552853,0.06785423166678702,-0.06443774065879088,0.2805373942727761,0.0,0.1998956809363272,8958568000.0,1729756000.0,1770502000.0,-1263500000.0,2749097000.0,280336000.0,9.0,9.0,0.0,6.315642657382569,2.000074,366.5,164.01,2.41882,74013.76,17.3416,7.5785,4.1268
2018-09-30,27093540000.0,1359000000.0,7072942000.0,15217635000.0,11338135000.0,,,7161548000.0,1530774000.0,1495339000.0,236252000.0,,7.0,211973000.0,2746984000.0,2509127000.0,753529000.0,237857000.0,0.0,,15.1908,2.9556,7.0,2284303000.0,0.13188579956050972,0.055191717287589585,0.20880108602218403,0.2137490386156736,0.056499593630068276,0.13501109309423465,0.0332130706936545,0.3189677706551712,0.0,0.19214069619120303,9346738000.0,1888001000.0,1864569000.0,-3092909000.0,2885857000.0,286406000.0,10.0,10.0,0.0,6.510230232606859,2.000074,366.5,164.01,2.41882,74013.76,17.3416,7.5785,4.1268
2018-12-31,27698270000.0,1242044000.0,7112165000.0,16050789000.0,11105461000.0,,287852000.0,-4060816000.0,-641160000.0,-587898000.0,-120200000.0,,-3.0,,-2123553000.0,-2782211000.0,-453668000.0,-4905764000.0,0.0,0.1746,11.2511,2.1463,-3.0,-1094828000.0,-0.05293773936984696,-0.02122508012233255,0.1447733657471799,0.1578894488201386,-0.02314801610353282,-0.05773375819337891,1.208073451247237,0.26960788176563527,0.0,0.17463655581668874,9493849000.0,1811042000.0,1894801000.0,-5745311000.0,2928498000.0,333672000.0,8.0,8.0,0.0,5.678633508355511,2.000074,366.5,164.01,2.41882,74013.76,17.3416,7.5785,4.1268
2019-03-31,28720049000.0,1333122000.0,8105943000.0,16901334000.0,11269070000.0,7526330000.0,248197000.0,2439767000.0,318831000.0,249681000.0,100415000.0,,1.19,209874000.0,1078454000.0,470116000.0,292285000.0,608338000.0,7526330000.0,,13.1288,2.4414,1.19,611116000.0,0.022156309260657713,0.008693613301286499,0.10233805113357136,0.1306809215798066,0.011101338998411876,0.016963246326228757,0.24934266263950616,0.2504812959598191,0.6678749887967685,0.16446229636699888,9905860000.0,1842070000.0,1939486000.0,-4340863000.0,3025238000.0,366209000.0,8.19,8.19,2.487847237142995,5.296117790660524,2.000074,366.5,164.01,2.41882,74013.76,17.3416,7.5785,4.1268
2019-06-30,29808962000.0,1282967000.0,7586140000.0,17713789000.0,11538403000.0,,235001000.0,5246398000.0,892484000.0,722511000.0,211719000.0,,3.44,209962000.0,2195527000.0,1866141000.0,603885000.0,329386000.0,0.0,,13.3819,2.3844,3.44,1496369000.0,0.06261793768167051,0.024238046262731322,0.13771562889433855,0.17011366655751242,0.02994012337631884,0.07734900575062251,0.06278326577587137,0.2852183536209033,0.0,0.16911986860247769,10786897000.0,1879633000.0,2100929000.0,-3730183000.0,3296960000.0,428186000.0,8.629999999999999,8.629999999999999,0.0,4.90658031789923,2.000074,366.5,164.01,2.41882,74013.76,17.3416,7.5785,4.1268
2019-09-30,29825461000.0,1203957000.0,7113534000.0,17285160000.0,11976907000.0,,276730000.0,8433248000.0,1783276000.0,1605751000.0,313757000.0,,7.65,210032000.0,3107068000.0,2341895000.0,924180000.0,765173000.0,0.0,,11.8149,2.1087,7.65,2707456000.0,0.13407059101318897,0.05383826255024189,0.19040718356675862,0.21145779182587776,0.059790391840045656,0.1488928652447581,0.09073289437236993,0.32104546196198663,0.0,0.16924878688989187,12058597000.0,1990045000.0,2353431000.0,-3202867000.0,3720113000.0,505691000.0,9.280000000000001,9.280000000000001,0.0,4.65389140799421,2.000074,366.5,164.01,2.41882,74013.76,17.3416,7.5785,4.1268
2019-12-31,30320284000.0,1162628000.0,7952896000.0,17586457000.0,12163846000.0,,243738000.0,-5168752000.0,-911890000.0,-699056000.0,-217378000.0,,-3.330000000000002,,-2664683000.0,-1653489000.0,-574408000.0,-4318172000.0,0.0,0.1462,14.8981,2.5562,-3.330000000000002,-1486298000.0,-0.057469981122746865,-0.023055720718183247,0.13524657402792784,0.17642363185542662,-0.030075245997036176,-0.07496724309071325,0.8354380322367952,0.28755451993053643,0.0,0.14618926237687505,10950661000.0,1878887000.0,2082701000.0,-2615275000.0,3328643000.0,408513000.0,8.95,8.95,0.0,5.098249015331214,2.000074,366.5,164.01,2.41882,74013.76,17.3416,7.5785,4.1268
2020-03-31,33445053000.0,4594201000.0,8982370000.0,22635853000.0,10231775000.0,12273322000.0,3890811000.0,2032750000.0,-1306407000.0,-1444479000.0,92911000.0,,-6.91,209097000.0,198710000.0,1252554000.0,324330000.0,-1053844000.0,12273322000.0,,36.3971,0.6377,-6.91,-982077000.0,-0.14117579794317212,-0.043189616114526715,-0.7106033698192105,-0.6426796212028041,-0.03906129256246058,-0.05804938321305614,-0.5184326651088427,-0.4831272906161604,1.1995300913086928,0.511468688107927,10543644000.0,184727000.0,457463000.0,-4277457000.0,1735450000.0,401009000.0,0.8499999999999988,0.8499999999999988,7.072126537785588,1.1407798827457738,2.000074,366.5,164.01,2.41882,74013.76,17.3416,7.5785,4.1268
2020-06-30,33306543000.0,4684440000.0,4736908000.0,23757769000.0,8963905000.0,,4146691000.0,2208355000.0,-2588894000.0,-3083771000.0,311800000.0,,-14.74,209241000.0,-2048823000.0,1391891000.0,644087000.0,-3440714000.0,0.0,,,1.3309,-14.74,-1944807000.0,-0.34402093730355243,-0.09258754353461421,-1.3964109031383087,-1.1723178565040493,-0.0777292918091199,-0.28881319023349755,-1.5580438833430315,-0.8806586803299289,0.0,0.9889235763075829,7505601000.0,-3621555000.0,-3023915000.0,-8047557000.0,-1705726000.0,501090000.0,-17.330000000000002,-17.330000000000002,-0.0,-6.034674409786665,2.000074,366.5,164.01,2.41882,74013.76,17.3416,7.5785,4.1268
2020-09-30,31828810000.0,3531795000.0,4625465000.0,23500216000.0,8328594000.0,,3000000000.0,2174667000.0,-3585008000.0,-4430527000.0,571149000.0,,-21.01,210894000.0,-2906255000.0,1573241000.0,961226000.0,-4479496000.0,0.0,,,2.9615,-21.01,-2623782000.0,-0.5319657795781617,-0.13919863796353052,-2.0373358311870278,-1.648531936153903,-0.1126340570068438,-0.4304457631143984,-2.05985376151843,-1.2065212742916502,0.0,0.7635545831608281,1247020000.0,-9657833000.0,-8392199000.0,-13292226000.0,-7036964000.0,758482000.0,-45.99000000000001,-45.99000000000001,-0.0,-11.064466922089121,2.000074,366.5,164.01,2.41882,74013.76,17.3416,7.5785,4.1268
2020-12-31,32465187000.0,4311747000.0,4537121000.0,23704518000.0,8760669000.0,,3700000000.0,-4206967000.0,2878752000.0,3161315000.0,-131622000.0,,15.609999999999996,,1024715000.0,-2252555000.0,-650389000.0,-1227840000.0,0.0,0.9503,,8.0276,15.609999999999996,2228363000.0,0.360853149456965,0.09737553644770319,-0.7514475392842397,-0.6842820492768306,0.08867196729838642,0.3285995624306774,0.2918587191199741,-0.5296839742265628,0.0,0.9503266498733448,2208805000.0,-5797462000.0,-4601557000.0,-10201894000.0,-3322303000.0,844238000.0,-27.050000000000004,-27.050000000000004,-0.0,-5.450544751598483,2.000074,366.5,164.01,2.41882,74013.76,17.3416,7.5785,4.1268
2021-03-31,34347073000.0,5649969000.0,3314830000.0,25174691000.0,9172382000.0,20714376000.0,5091463000.0,42014000.0,-809231000.0,-1131722000.0,272514000.0,,-4.66,243004000.0,-809183000.0,1061691000.0,310166000.0,-1870874000.0,20714376000.0,,,99.9353,-4.66,-499065000.0,-0.1233836532320612,-0.03294959078463542,-26.93678297710287,-19.260984433760175,-0.023560406442784804,-0.02707657351125204,-44.52977578902271,-11.878540486504498,2.258342053351027,1.7044521136830546,218069000.0,-5484705000.0,-4104381000.0,-11018924000.0,-2839291000.0,1023841000.0,-24.800000000000008,-24.800000000000008,-7.295615701243726,-4.008807031560565,2.000074,366.5,164.01,2.41882,74013.76,17.3416,7.5785,4.1268
2021-06-30,33691962000.0,5009230000.0,4679715000.0,25807947000.0,7884015000.0,,4300000000.0,92928000.0,-1832765000.0,-2478977000.0,577325000.0,,-9.96,248823000.0,-1269554000.0,1286175000.0,633605000.0,-2555729000.0,0.0,,,258.0694,-9.96,-1199160000.0,-0.3144307817780661,-0.07357769784971264,-26.676319300964188,-19.722419507575758,-0.054397692838428345,-0.23246594533369103,-27.502249053030305,-12.90418388429752,0.0,1.0704134760343311,-1897358000.0,-4879911000.0,-3348252000.0,-10133939000.0,-2093644000.0,1289366000.0,-20.020000000000007,-20.020000000000007,-0.0,-2.596820452842715,2.000074,366.5,164.01,2.41882,74013.76,17.3416,7.5785,4.1268
2021-09-30,32665566000.0,4167381000.0,5242920000.0,26198068000.0,6467498000.0,,3300000000.0,549886000.0,-2838589000.0,-3903531000.0,1007986000.0,,-15.56,250808000.0,-1672769000.0,1654271000.0,959512000.0,-3327040000.0,0.0,,,38.8058,-15.56,-1879077000.0,-0.6035612225933429,-0.11949987335287562,-7.098800478644664,-5.162140880109695,-0.08689850958039423,-0.43890063823753794,-6.050417722946211,-3.4172119312002853,0.0,0.7948587809846421,-3522139000.0,-4352915000.0,-2601833000.0,-8981483000.0,-1348939000.0,1726203000.0,-14.570000000000006,-14.570000000000006,-0.0,-1.5072578369983136,2.000074,366.5,164.01,2.41882,74013.76,17.3416,7.5785,4.1268
2021-12-31,32258355000.0,3600271000.0,7285683000.0,27172799000.0,5085556000.0,,2700000000.0,847305000.0,1610251000.0,2253731000.0,-566072000.0,,9.29,,1873691000.0,-1772433000.0,-610405000.0,101258000.0,0.0,0.4942,,14.1893,9.29,999846000.0,0.44316314676310714,0.06986503186538805,2.659881624680605,1.9004384489646586,0.049917331494429895,0.3166322423742851,0.1195059630239406,1.180030803547719,0.0,0.4941569651053992,1532133000.0,-5260499000.0,-3870334000.0,-7652385000.0,-2577456000.0,1291753000.0,-20.89,-20.89,-0.0,-2.9961873516066926,2.000074,366.5,164.01,2.41882,74013.76,17.3416,7.5785,4.1268
2022-03-31,32939998000.0,3176939000.0,8007164000.0,28951070000.0,3988928000.0,,2000000000.0,1059231000.0,-859208000.0,-1167142000.0,277659000.0,,-4.58,254821000.0,-528847000.0,1363086000.0,339467000.0,-1891933000.0,0.0,,,8.3787,-4.58,-519741000.0,-0.2925954040784893,-0.0354323640213943,-1.1018767388794324,-0.8111620600227901,-0.026084033156286168,-0.21539822227926902,-1.7861382455762718,-0.4906776708763244,0.0,0.3967620745622295,2549350000.0,-5295919000.0,-3920311000.0,-7673444000.0,-2598132000.0,1296898000.0,-20.810000000000002,-20.810000000000002,-0.0,-3.0228367998100083,2.000074,366.5,164.01,2.41882,74013.76,17.3416,7.5785,4.1268
2022-06-30,33943245000.0,3560888000.0,11719382000.0,30545147000.0,3398098000.0,,2100000000.0,3243473000.0,-1077852000.0,-1688724000.0,580365000.0,,-6.63,254893000.0,-50207000.0,2317747000.0,691009000.0,-2367954000.0,0.0,,,1.9015,-6.63,-386843000.0,-0.49696153554135286,-0.0497514011992666,-0.5206530160725864,-0.3323141583111683,-0.031754536138191854,-0.3171927354655457,-0.7300674308064227,-0.11926814251267083,0.0,0.30384605604630005,5699895000.0,-4505666000.0,-3165398000.0,-7485669000.0,-1785815000.0,1299938000.0,-17.48,-17.48,-0.0,-2.4350376710273873,2.000074,366.5,164.01,2.41882,74013.76,17.3416,7.5785,4.1268
2022-09-30,33464190000.0,2837046000.0,9793994000.0,30258766000.0,3205424000.0,,1600000000.0,6236548000.0,-779427000.0,-1655756000.0,932552000.0,,-6.49,254953000.0,-94741000.0,2543266000.0,1046094000.0,-2638007000.0,0.0,,,1.3397,-6.49,266667000.0,-0.5165482007996446,-0.049478442478362694,-0.26549238456915586,-0.1249773111663696,-0.023291375048970258,-0.24315878336220106,-0.4229915331366006,0.04275875051390609,0.0,0.2896720173608438,11386557000.0,-2257891000.0,-1106236000.0,-6796636000.0,359929000.0,1224504000.0,-8.41,-8.41,0.0,-0.9034155870458569,2.000074,366.5,164.01,2.41882,74013.76,17.3416,7.5785,4.1268
2022-12-31,33776361000.0,3205006000.0,8573464000.0,30907549000.0,2868812000.0,,1900000000.0,-1698712000.0,1952511000.0,2355660000.0,-426414000.0,,9.250000000000004,,1155652000.0,-3514036000.0,-669881000.0,-2358384000.0,0.0,0.3738,,1.4268,9.250000000000004,1282630000.0,0.8211273516703081,0.06974285951053164,-1.3867330071253985,-1.149406726979029,0.05780702663617315,0.6805991469639697,1.3883365750050627,-0.7550603045130664,0.0,0.3738285948363462,8840540000.0,-2155962000.0,-763976000.0,-9256278000.0,642713000.0,1364162000.0,-8.449999999999996,-8.449999999999996,0.0,-0.5600331925387161,2.000074,366.5,164.01,2.41882,74013.76,17.3416,7.5785,4.1268
2023-03-31,32870487000.0,2413597000.0,9441544000.0,29845066000.0,2851618000.0,,1200000000.0,2885146000.0,271613000.0,-47910000.0,359387000.0,,-0.19,255465000.0,1309918000.0,251933000.0,359773000.0,1057985000.0,0.0,,,1.5656,-0.19,631386000.0,-0.01680098807063218,-0.0014575384903789226,-0.016605745428480916,0.09414185625268184,0.008263126737367779,0.09524873247398495,0.36670067996558925,0.21884022507006579,0.0,0.25563583668094964,10666455000.0,-1036730000.0,366845000.0,-6306360000.0,1793840000.0,1445890000.0,-4.059999999999996,-4.059999999999996,0.0,0.25371570451417463,2.000074,366.5,164.01,2.41882,74013.76,17.3416,7.5785,4.1268
2023-06-30,32923348000.0,1968835000.0,9666865000.0,29382266000.0,3363648000.0,,700000000.0,6408128000.0,1043194000.0,410851000.0,714899000.0,,1.6,258741000.0,2701265000.0,1048389000.0,721450000.0,1652876000.0,0.0,,,2.2135,1.6,1764644000.0,0.12214446933805202,0.012479016411089176,0.06411404391422892,0.1627923162583519,0.03168553817795201,0.31013768384801266,0.25793429844098,0.2753758976100353,0.0,0.20366840749301868,13831110000.0,1062845000.0,2487891000.0,-2285530000.0,3945327000.0,1580424000.0,4.170000000000004,4.170000000000004,0.0,1.574192115533553,2.000074,366.5,164.01,2.41882,74013.76,17.3416,7.5785,4.1268
2023-09-30,32768672000.0,1780709000.0,9241685000.0,28172483000.0,4422976000.0,,600000000.0,10568581000.0,2308298000.0,1419927000.0,1055519000.0,,5.24,283847000.0,3361005000.0,1328643000.0,1086923000.0,2032362000.0,0.0,,25.5477,1.7838,5.24,3395221000.0,0.32103429907826764,0.043331844512954326,0.13435360906066765,0.21841134585617503,0.07044221993494273,0.5218879776874213,0.19230225893144973,0.32125608915709686,0.0,0.19268228683405678,18163143000.0,4138528000.0,5575616000.0,2384839000.0,7073881000.0,1703391000.0,15.900000000000004,15.900000000000004,0.0,3.273244956677592,2.000074,366.5,164.01,2.41882,74013.76,17.3416,7.5785,4.1268
2023-12-31,35131000000.0,1792000000.0,9401000000.0,30232000000.0,4724000000.0,,497000000.0,-5961855000.0,-745105000.0,-85868000.0,-727805000.0,,-0.34000000000000075,,-2895188000.0,1268035000.0,-713146000.0,-4163223000.0,0.0,0.1906,19.5521,2.387,-0.34000000000000075,-1458251000.0,-0.018176968670618122,-0.002444223050866756,0.014402899768612285,0.12497871887189474,-0.021209330790469955,-0.15772756138865368,0.6983100058622693,0.24459685785716023,0.0,0.1906180193596426,13900000000.0,1697000000.0,2878000000.0,580000000.0,4333000000.0,1402000000.0,6.31,6.31,0.0,2.0527817403708988,2.000074,366.5,164.01,2.41882,74013.76,17.3416,7.5785,4.1268
2024-03-31,35190000000.0,1870000000.0,9905000000.0,29865000000.0,5151000000.0,,437000000.0,3728000000.0,750000000.0,360000000.0,424000000.0,,1.35,281000000.0,1328000000.0,242000000.0,387000000.0,1086000000.0,0.0,,17.167,2.451,1.35,1137000000.0,0.06988934187536401,0.010230179028132993,0.09656652360515021,0.20118025751072963,0.021312872975277068,0.145602795573675,0.29130901287553645,0.3049892703862661,0.0,0.18879353861686018,14742854000.0,2104910000.0,3356387000.0,608015000.0,4838614000.0,1466613000.0,7.85,7.85,0.0,2.2885294211901845,2.000074,366.5,164.01,2.41882,74013.76,17.3416,7.5785,4.1268
2024-06-30,36974000000.0,1886000000.0,9894000000.0,30792000000.0,6008000000.0,,391000000.0,7838000000.0,1848000000.0,1214000000.0,,,4.46,281000000.0,2901000000.0,2382000000.0,780000000.0,519000000.0,0.0,,16.106,2.6267,4.46,2628000000.0,0.20206391478029295,0.03283388326932439,0.1548864506251595,0.2357744322531258,0.049981067777357065,0.30758988015978694,0.06621587139576422,0.33528961469762697,0.0,0.19062057812815847,16172726000.0,2908059000.0,4161193000.0,-525861000.0,5701970000.0,,10.71,10.71,0.0,,2.000074,366.5,164.01,2.41882,74013.76,17.3416,7.5785,4.1268
2024-09-30,37067000000.0,1831000000.0,9631000000.0,29843000000.0,7045000000.0,,418000000.0,12724000000.0,3482000000.0,2325000000.0,,,8.91,280000000.0,3798000000.0,2716000000.0,1190000000.0,1082000000.0,0.0,,18.3268,2.9702,8.91,4672000000.0,0.33002129169623845,0.06272425607683384,0.18272555800062873,0.27365608299276956,0.09393800415463889,0.49425124201561393,0.08503615215341087,0.3671801320339516,0.0,0.19011525282940506,18328145000.0,3813132000.0,5334895000.0,-1476223000.0,6978749000.0,,14.38,14.38,0.0,,2.000074,366.5,164.01,2.41882,74013.76,17.3416,7.5785,4.1268
2024-12-31,37070000000.0,1705000000.0,9817000000.0,29335000000.0,7563000000.0,,388000000.0,-7806000000.0,-1974000000.0,-1022000000.0,,,-3.780000000000001,,-2762000000.0,-2072000000.0,-757000000.0,-4834000000.0,0.0,0.1737,21.5521,3.7629,-3.780000000000001,-2731000000.0,-0.13513156154964961,-0.027569463177771782,0.13092492954137844,0.2528823981552652,-0.053250606959805775,-0.261007536691789,0.6192672303356392,0.3498590827568537,0.0,0.1736783131302842,16484000000.0,2877000000.0,4106000000.0,-2147000000.0,5706000000.0,,10.940000000000001,10.940000000000001,0.0,,2.000074,366.5,164.01,2.41882,74013.76,17.3416,7.5785,4.1268
2025-03-31,37452000000.0,1828000000.0,10300000000.0,29310000000.0,7960000000.0,,386000000.0,3999000000.0,945000000.0,730000000.0,,,2.7,276000000.0,1627000000.0,428000000.0,412000000.0,1199000000.0,0.0,,17.1762,3.3297,2.7,1357000000.0,0.09170854271356783,0.019491615935063548,0.18254563640910226,0.23630907726931732,0.025232297340595962,0.11871859296482412,0.29982495623905975,0.3393348337084271,0.0,0.1774757281553398,16755000000.0,3247000000.0,4301000000.0,-2034000000.0,5926000000.0,,12.29,12.29,0.0,,2.000074,366.5,164.01,2.41882,74013.76,17.3416,7.5785,4.1268
2025-06-30,38542000000.0,2450000000.0,10573000000.0,29182000000.0,9169000000.0,,735000000.0,8537000000.0,2275000000.0,1940000000.0,,,7.1,275000000.0,3373000000.0,1264000000.0,829000000.0,2109000000.0,0.0,,23.607,4.95,7.1,3104000000.0,0.21158250627113098,0.05033469980800166,0.22724610518917654,0.26648705634297765,0.059026516527424626,0.24811866070454794,0.247042286517512,0.3635937683026824,0.0,0.23172231154828335,17454000000.0,3973000000.0,4728000000.0,-444000000.0,6402000000.0,,14.93,14.93,0.0,,2.000074,366.5,164.01,2.41882,74013.76,17.3416,7.5785,4.1268
2025-09-30,40109000000.0,1887000000.0,11469000000.0,29821000000.0,10092000000.0,,432000000.0,13676000000.0,3977000000.0,3514000000.0,,,12.83,275000000.0,4842000000.0,3722000000.0,1265000000.0,1120000000.0,0.0,,21.656,5.0513,12.83,5242000000.0,0.34819659135949266,0.08761125931835748,0.25694647557765427,0.2908014039192746,0.09915480316138522,0.3940745144669045,0.0818952910207663,0.38329921029540803,0.0,0.16453047345017002,18406000000.0,5162000000.0,5223000000.0,-406000000.0,6972000000.0,,18.85,18.85,0.0,,2.000074,366.5,164.01,2.41882,74013.76,17.3416,7.5785,4.1268
2025-12-31,41619000000.0,2211000000.0,12055000000.0,31374000000.0,10037000000.0,,825000000.0,-8277000000.0,-2287000000.0,-1916000000.0,,82000000.0,-7.020000000000003,,-3377000000.0,-185000000.0,-788000000.0,-3562000000.0,0.0,0.1834,17.8222,4.2412,-7.020000000000003,-3075000000.0,-0.19089369333466175,-0.04603666594584204,0.23148483750151022,0.2763078410051951,-0.05495086378817367,-0.22785692936136295,0.43034916032378884,0.37151141718013775,0.0,0.18340937370385732,17935000000.0,4268000000.0,4910000000.0,866000000.0,6628000000.0,,15.61,15.61,0.0,,2.000074,366.5,164.01,2.41882,74013.76,17.3416,7.5785,4.1268
