report_date,total_assets,current_assets,current_liabilities,total_liabilities,total_equity,long_term_debt,cash,revenue,operating_income,net_income,interest_expense,income_tax,eps_diluted,shares_diluted,operating_cash_flow,capex,fcf,total_debt,bf_current_ratio,bf_pe,bf_ps,eps,ebitda,roe,roa,net_margin,operating_margin,roi,roic,fcf_margin,ebitda_margin,debt_equity,current_ratio,revenue_ttm,net_income_ttm,operating_income_ttm,fcf_ttm,ebitda_ttm,interest_expense_ttm,eps_diluted_ttm,eps_ttm,debt_to_ebitda,interest_coverage,bf_beta,bf_52w_high,bf_52w_low,bf_10d_avg_vol,bf_market_cap,bf_pe_ttm,bf_pb_annual,bf_ps_ttm
2010-03-31,19465300000.0,1266000000.0,2254900000.0,,7566600000.0,,81400000.0,1957700000.0,381300000.0,65000000.0,134500000.0,51000000.0,0.17,383300000.0,299100000.0,208400000.0,90700000.0,0.0,,24.7707,1.3676,0.17,381300000.0,0.008590384056247192,0.0033392755313301106,0.03320222710323339,0.194769372222506,0.019588704001479555,0.05039251447149314,0.04632987689635797,0.194769372222506,0.0,0.5614439664730143,,,,,,,,,,,0.5219327,258.75,201.42,1.10659,68974.68,32.2462,5.4818,4.1571
2010-06-30,19571400000.0,1288700000.0,2466000000.0,,7683600000.0,,56000000.0,4024100000.0,782100000.0,224700000.0,265000000.0,161400000.0,0.59,383996000.0,594800000.0,385400000.0,209400000.0,0.0,,29.8107,1.4021,0.59,782100000.0,0.029244104326097142,0.011481038658450597,0.05583857260008449,0.19435401704729008,0.03996137220638278,0.1017882242698735,0.052036480206754304,0.19435401704729008,0.0,0.5225871857258718,,,,,,,,,,,0.5219327,258.75,201.42,1.10659,68974.68,32.2462,5.4818,4.1571
2010-09-30,19458000000.0,1330200000.0,2835300000.0,,7783900000.0,,120500000.0,6085800000.0,1149700000.0,358900000.0,387000000.0,256600000.0,0.93,384690000.0,963700000.0,571400000.0,392300000.0,0.0,,29.6013,1.4444,0.93,1149700000.0,0.04610799213761739,0.018444855586391203,0.05897334779322357,0.18891517959840942,0.05908623702333231,0.1477023086113645,0.06446153340563278,0.18891517959840942,0.0,0.4691567029943921,,,,,,,,,,,0.5219327,258.75,201.42,1.10659,68974.68,32.2462,5.4818,4.1571
2010-12-31,19461900000.0,1246100000.0,2676500000.0,,7846500000.0,,88300000.0,-3961000000.0,-774000000.0,-142100000.0,-279100000.0,-99500000.0,-0.3699999999999999,-766886000.0,-423900000.0,-370500000.0,-794400000.0,0.0,0.4654,22.6527,1.4153,-0.3699999999999999,-774000000.0,-0.018109985343783854,-0.007301445388168678,0.03587477909618783,0.1954052007068922,-0.03977001217763939,-0.09864270693939974,0.20055541529916687,0.1954052007068922,0.0,0.46557070801419764,8106600000.0,506500000.0,1539100000.0,-102000000.0,1539100000.0,507400000.0,1.3200000000000003,1.3200000000000003,0.0,3.0333070555774535,0.5219327,258.75,201.42,1.10659,68974.68,32.2462,5.4818,4.1571
2011-03-31,19396700000.0,1210300000.0,2370800000.0,,7795300000.0,,67900000.0,1964900000.0,376200000.0,158200000.0,115700000.0,101900000.0,0.41,384000000.0,433700000.0,297200000.0,136500000.0,0.0,,19.0535,1.4083,0.41,376200000.0,0.020294279886598335,0.008156026540597112,0.08051300320627004,0.19146012519721106,0.01939505173560451,0.048259848883301475,0.06946918418240114,0.19146012519721106,0.0,0.5105027838704235,8113800000.0,599700000.0,1534000000.0,-56200000.0,1534000000.0,488600000.0,1.5600000000000003,1.5600000000000003,0.0,3.1395824805566925,0.5219327,258.75,201.42,1.10659,68974.68,32.2462,5.4818,4.1571
2011-06-30,19682000000.0,1479600000.0,2204000000.0,,7664700000.0,,320500000.0,4051500000.0,777400000.0,204700000.0,227100000.0,147000000.0,0.54,382073000.0,795600000.0,481700000.0,313900000.0,0.0,,24.0491,1.4384,0.54,777400000.0,0.026706850887836444,0.010400365816482064,0.05052449709983957,0.19187955078366037,0.03949801849405548,0.10142601797852492,0.07747747747747748,0.19187955078366037,0.0,0.6713248638838476,8141200000.0,579700000.0,1529300000.0,48300000.0,1529300000.0,450700000.0,1.5100000000000002,1.5100000000000002,0.0,3.393166185932993,0.5219327,258.75,201.42,1.10659,68974.68,32.2462,5.4818,4.1571
2011-09-30,19456200000.0,1254400000.0,1857500000.0,19456200000.0,7612400000.0,7021600000.0,72600000.0,6167700000.0,1185900000.0,398200000.0,335400000.0,249400000.0,1.05,379614000.0,1286800000.0,696100000.0,590700000.0,7021600000.0,,19.3576,1.2903,1.05,1185900000.0,0.05230938994272503,0.020466483691573892,0.06456215444979489,0.1922758889051024,0.06095229284238443,0.08103731037310373,0.09577314071696094,0.1922758889051024,0.9223897850874888,0.6753162853297443,8223100000.0,619000000.0,1565500000.0,246700000.0,1565500000.0,399100000.0,1.6300000000000003,1.6300000000000003,4.485212392206963,3.9225757955399647,0.5219327,258.75,201.42,1.10659,68974.68,32.2462,5.4818,4.1571
2011-12-31,19551500000.0,1265700000.0,1897500000.0,19551500000.0,7681300000.0,6887000000.0,66300000.0,-3991200000.0,-786800000.0,-171900000.0,-238000000.0,-180900000.0,-0.43999999999999995,-768087000.0,-749400000.0,-538500000.0,-1287900000.0,6887000000.0,0.667,17.2958,1.2438,-0.43999999999999995,-786800000.0,-0.022379024383893352,-0.008792164284070276,0.04306975345760673,0.19713369412707957,-0.040242436641689895,-0.05400767419671478,0.3226849067949489,0.19713369412707957,0.8965930246182287,0.6670355731225296,8192900000.0,589200000.0,1552700000.0,-246800000.0,1552700000.0,440200000.0,1.5599999999999998,1.5599999999999998,4.435499452566497,3.5272603362108135,0.5219327,258.75,201.42,1.10659,68974.68,32.2462,5.4818,4.1571
2012-03-31,19455900000.0,1179200000.0,1715800000.0,19455900000.0,7751700000.0,6870300000.0,73500000.0,1982400000.0,326900000.0,142900000.0,104300000.0,80300000.0,0.38,372490000.0,334200000.0,274200000.0,60000000.0,6870300000.0,,19.9571,1.395,0.38,326900000.0,0.018434665944244488,0.007344815711429438,0.07208434221146086,0.1649011299435028,0.01680210116211535,0.0223567227465463,0.03026634382566586,0.1649011299435028,0.886295909284415,0.6872595873644947,8210400000.0,573900000.0,1503400000.0,-323300000.0,1503400000.0,428800000.0,1.5300000000000002,1.5300000000000002,4.569841692164427,3.506063432835821,0.5219327,258.75,201.42,1.10659,68974.68,32.2462,5.4818,4.1571
2012-06-30,19590300000.0,1234300000.0,1752300000.0,19590300000.0,7680400000.0,7079400000.0,69300000.0,4043000000.0,713900000.0,292100000.0,203100000.0,109400000.0,0.79,370681000.0,695000000.0,462500000.0,232500000.0,7079400000.0,,14.3037,1.1825,0.79,713900000.0,0.03803187333993021,0.014910440370999934,0.07224833044768736,0.1765767994063814,0.03644150421382011,0.048367864063198686,0.057506801879792235,0.1765767994063814,0.9217488672464976,0.70438851794784,8201900000.0,661300000.0,1439900000.0,-404700000.0,1439900000.0,404800000.0,1.7800000000000002,1.7800000000000002,4.916591429960414,3.557065217391304,0.5219327,258.75,201.42,1.10659,68974.68,32.2462,5.4818,4.1571
2012-09-30,19634300000.0,1270000000.0,1699200000.0,19634300000.0,7739200000.0,7060000000.0,74000000.0,6089900000.0,1031800000.0,444800000.0,296300000.0,179700000.0,1.2,369265000.0,1056700000.0,707400000.0,349300000.0,7060000000.0,,15.6785,1.2284,1.2,1031800000.0,0.05747364068637585,0.022654232643893595,0.07303896615707975,0.16942806942642735,0.0525508930799672,0.06971998486404671,0.05735726366607005,0.16942806942642735,0.9122389911101922,0.7474105461393596,8124100000.0,707900000.0,1285800000.0,-646100000.0,1285800000.0,365700000.0,1.93,1.93,5.490745061440348,3.515996718621821,0.5219327,258.75,201.42,1.10659,68974.68,32.2462,5.4818,4.1571
2012-12-31,19616900000.0,1231300000.0,1695000000.0,19616900000.0,7703300000.0,7051100000.0,67600000.0,-3997000000.0,-752000000.0,-308000000.0,-215200000.0,-117600000.0,-0.8200000000000001,-744416000.0,-572100000.0,-540600000.0,-1112700000.0,7051100000.0,0.7263,18.7071,1.3176,-0.8200000000000001,-752000000.0,-0.03998286448664858,-0.015700747824579826,0.07705779334500876,0.18814110582937202,-0.038334293389883214,-0.0509678468795749,0.27838378784088064,0.18814110582937202,0.9153349863045708,0.7264306784660767,8118300000.0,571800000.0,1320600000.0,-470900000.0,1320600000.0,388500000.0,1.55,1.55,5.339315462668484,3.3992277992277993,0.5219327,258.75,201.42,1.10659,68974.68,32.2462,5.4818,4.1571
2013-03-31,19639100000.0,1223300000.0,1675300000.0,,7731700000.0,,130100000.0,1998600000.0,274200000.0,124600000.0,89600000.0,58400000.0,0.0,364092000.0,419800000.0,214800000.0,205000000.0,0.0,,21.1989,1.4424,0.0,274200000.0,0.01611547266448517,0.006344486254461762,0.06234364054838387,0.13719603722605825,0.013961943266239289,0.035464386874814076,0.10257180026018213,0.13719603722605825,0.0,0.7301975765534531,8134500000.0,553500000.0,1267900000.0,-325900000.0,1267900000.0,373800000.0,1.17,1.17,0.0,3.391920813269128,0.5219327,258.75,201.42,1.10659,68974.68,32.2462,5.4818,4.1571
2013-06-30,19774200000.0,1268800000.0,1750800000.0,,7710400000.0,,96700000.0,4110300000.0,455400000.0,180900000.0,179800000.0,93100000.0,0.0,364223000.0,761500000.0,461800000.0,299700000.0,0.0,,26.825,1.5094,0.0,455400000.0,0.02346181780452376,0.009148284127802895,0.04401138603021677,0.11079483249397855,0.023030008799344602,0.05906308362730857,0.07291438581125466,0.11079483249397855,0.0,0.7246972812428604,8201800000.0,442300000.0,1009400000.0,-258700000.0,1009400000.0,350500000.0,0.3799999999999998,0.3799999999999998,0.0,2.879885877318117,0.5219327,258.75,201.42,1.10659,68974.68,32.2462,5.4818,4.1571
2013-09-30,19826000000.0,1290400000.0,1769200000.0,,7736900000.0,,97300000.0,6275700000.0,807700000.0,352300000.0,269800000.0,185400000.0,0.0,363804000.0,1137200000.0,688700000.0,448500000.0,0.0,,25.0565,1.4462,0.0,807700000.0,0.04553503341131461,0.017769595480681934,0.05613716398170722,0.12870277419252035,0.040739433067688895,0.10439581744626401,0.07146613126822506,0.12870277419252035,0.0,0.7293692064209812,8387600000.0,349800000.0,785300000.0,-159500000.0,785300000.0,324000000.0,-0.8200000000000002,-0.8200000000000002,0.0,2.4237654320987656,0.5219327,258.75,201.42,1.10659,68974.68,32.2462,5.4818,4.1571
2013-12-31,19949200000.0,1421900000.0,1717100000.0,,7903500000.0,,213300000.0,-3967400000.0,-327000000.0,-68900000.0,-179200000.0,-74800000.0,1.0,-728697000.0,-770300000.0,-484500000.0,-1254800000.0,0.0,0.8282,20.3181,1.4215,1.0,-327000000.0,-0.008717656734358196,-0.0034537725823591925,0.017366537278822404,0.08242173715783636,-0.01639163475227077,-0.04137407477699753,0.3162776629530675,0.08242173715783636,0.0,0.8280822316696757,8417200000.0,588900000.0,1210300000.0,-301600000.0,1210300000.0,360000000.0,0.9999999999999999,0.9999999999999999,0.0,3.3619444444444446,0.5219327,258.75,201.42,1.10659,68974.68,32.2462,5.4818,4.1571
2014-03-31,19842500000.0,1306900000.0,1697400000.0,,7822000000.0,,175800000.0,2073700000.0,306100000.0,132500000.0,87000000.0,87600000.0,0.0,360968000.0,396400000.0,213700000.0,182700000.0,0.0,,20.4457,1.4362,0.0,306100000.0,0.016939401687547942,0.00667758598966864,0.06389545257269615,0.14761055118869654,0.015426483558019403,0.039133214011761695,0.08810339007571008,0.14761055118869654,0.0,0.7699422646400377,8492300000.0,596800000.0,1242200000.0,-323900000.0,1242200000.0,357400000.0,0.9999999999999999,0.9999999999999999,0.0,3.4756575265808616,0.5219327,258.75,201.42,1.10659,68974.68,32.2462,5.4818,4.1571
2014-06-30,19876000000.0,1225100000.0,1705500000.0,,7853200000.0,,49500000.0,4299000000.0,684400000.0,311500000.0,173800000.0,199300000.0,0.0,359313000.0,722300000.0,472900000.0,249400000.0,0.0,,18.7607,1.5671,0.0,684400000.0,0.0396653593439617,0.015672167438116322,0.07245871132821587,0.15919981391021168,0.03443348762326424,0.08714918759231906,0.05801349150965341,0.15919981391021168,0.0,0.7183230724127821,8681000000.0,727400000.0,1471200000.0,-374200000.0,1471200000.0,351400000.0,0.9999999999999999,0.9999999999999999,0.0,4.186681844052362,0.5219327,258.75,201.42,1.10659,68974.68,32.2462,5.4818,4.1571
2014-09-30,19987000000.0,1360900000.0,1725000000.0,,7929000000.0,,113000000.0,6563100000.0,1066700000.0,497300000.0,260800000.0,308900000.0,1.0,358817000.0,1101600000.0,683100000.0,418500000.0,0.0,,18.9117,1.5924,1.0,1066700000.0,0.062719132299155,0.02488117276229549,0.07577211988237266,0.16252990202800505,0.05336969029869415,0.1345314667675621,0.06376559857384467,0.16252990202800505,0.0,0.788927536231884,8968400000.0,872400000.0,1730200000.0,-404200000.0,1730200000.0,342400000.0,2.0,2.0,0.0,5.053154205607477,0.5219327,258.75,201.42,1.10659,68974.68,32.2462,5.4818,4.1571
2014-12-31,20094000000.0,1391000000.0,1826000000.0,,7745300000.0,,75200000.0,-4147500000.0,-824100000.0,-393700000.0,-172900000.0,-258400000.0,0.0,-720991000.0,-690500000.0,-507200000.0,-1197700000.0,0.0,0.7618,25.9244,1.6133,0.0,-824100000.0,-0.050830826436677724,-0.01959291330745496,0.09492465340566607,0.1986980108499096,-0.04101224246043595,-0.1064000103288446,0.28877637130801687,0.1986980108499096,0.0,0.7617743702081051,8788300000.0,547600000.0,1233100000.0,-347100000.0,1233100000.0,348700000.0,1.0,1.0,0.0,3.5362776025236595,0.5219327,258.75,201.42,1.10659,68974.68,32.2462,5.4818,4.1571
2015-03-31,20593700000.0,1343700000.0,1756400000.0,,7762100000.0,,134300000.0,2169400000.0,372800000.0,172400000.0,88600000.0,112000000.0,0.0,354810000.0,496100000.0,269600000.0,226500000.0,0.0,,24.3329,1.6077,0.0,372800000.0,0.02221048427616238,0.008371492252484984,0.0794689775974924,0.171844749700378,0.018102623617902564,0.04802823978047178,0.10440674840969853,0.171844749700378,0.0,0.7650307447050786,8884000000.0,587500000.0,1299800000.0,-303300000.0,1299800000.0,350300000.0,1.0,1.0,0.0,3.710533828147302,0.5219327,258.75,201.42,1.10659,68974.68,32.2462,5.4818,4.1571
2015-06-30,20666600000.0,1340900000.0,1788200000.0,,7762500000.0,,99900000.0,4480800000.0,762000000.0,362700000.0,180200000.0,220300000.0,1.0,353416000.0,901200000.0,499200000.0,402000000.0,0.0,,22.9831,1.5336,1.0,762000000.0,0.04672463768115942,0.017550056613085847,0.08094536689876808,0.17005891805034815,0.03687108668092478,0.09816425120772947,0.08971612212104982,0.17005891805034815,0.0,0.7498601946091041,9065800000.0,638700000.0,1377400000.0,-150700000.0,1377400000.0,356700000.0,2.0,2.0,0.0,3.8615082702551162,0.5219327,258.75,201.42,1.10659,68974.68,32.2462,5.4818,4.1571
2015-09-30,20791800000.0,1444300000.0,1900500000.0,,7799800000.0,,102500000.0,6824800000.0,1204900000.0,577700000.0,272000000.0,356000000.0,1.0,352372000.0,1324500000.0,732000000.0,592500000.0,0.0,,22.8908,1.5884,1.0,1204900000.0,0.07406600169235109,0.027784992160370916,0.08464716914781385,0.1765472980893213,0.05795073057647727,0.15447831995692196,0.0868157308639081,0.1765472980893213,0.0,0.7599579058142594,9327500000.0,719100000.0,1515600000.0,23300000.0,1515600000.0,367900000.0,2.0,2.0,0.0,4.119597716770862,0.5219327,258.75,201.42,1.10659,68974.68,32.2462,5.4818,4.1571
2015-12-31,20577200000.0,1230300000.0,1834800000.0,,7774100000.0,,32400000.0,-4360000000.0,-780900000.0,-362894000.0,-175900000.0,-242800000.0,0.0,-709210000.0,-1042100000.0,-555200000.0,-1597300000.0,0.0,0.6703,20.3694,1.6758,0.0,-780900000.0,-0.04667987291133379,-0.017635732752755477,0.08323256880733945,0.17910550458715596,-0.037949769647959875,-0.10044892656384662,0.3663532110091743,0.17910550458715596,0.0,0.67053629823414,9115000000.0,749906000.0,1558800000.0,-376300000.0,1558800000.0,364900000.0,2.0,2.0,0.0,4.271855302822691,0.5219327,258.75,201.42,1.10659,68974.68,32.2462,5.4818,4.1571
2016-03-31,20539200000.0,1183300000.0,1810300000.0,,7763200000.0,,33400000.0,2248600000.0,345500000.0,156700000.0,92700000.0,95700000.0,0.0,346700000.0,431500000.0,271500000.0,160000000.0,0.0,,22.378,1.7868,0.0,345500000.0,0.02018497526793075,0.007629313702578484,0.06968780574579739,0.15365116072222718,0.01682149256056711,0.04450484336356142,0.07115538557324558,0.15365116072222718,0.0,0.6536485665359333,9194200000.0,734206000.0,1531500000.0,-442800000.0,1531500000.0,369000000.0,2.0,2.0,0.0,4.150406504065041,0.5219327,258.75,201.42,1.10659,68974.68,32.2462,5.4818,4.1571
2016-06-30,20645400000.0,1259400000.0,1847700000.0,,7755700000.0,,42000000.0,4599200000.0,727600000.0,337400000.0,185000000.0,206400000.0,0.0,346000000.0,844300000.0,512000000.0,332300000.0,0.0,,24.3519,1.911,0.0,727600000.0,0.04350348775739134,0.016342623538415337,0.07336058444946947,0.15820142633501477,0.03524271750607884,0.09381487164279176,0.07225169594712123,0.15820142633501477,0.0,0.6816041565189154,9312600000.0,708906000.0,1497100000.0,-512500000.0,1497100000.0,373800000.0,1.0,1.0,0.0,4.005082932049224,0.5219327,258.75,201.42,1.10659,68974.68,32.2462,5.4818,4.1571
2016-09-30,20661700000.0,1301600000.0,1817900000.0,,7639200000.0,,55000000.0,7008500000.0,1145600000.0,423100000.0,281300000.0,247600000.0,1.0,345319000.0,1359600000.0,738700000.0,620900000.0,0.0,,29.06,1.8601,1.0,1145600000.0,0.05538538066813279,0.02047750185125135,0.06036955125918528,0.16345865734465292,0.05544558289008165,0.14996334694732433,0.08859242348576728,0.16345865734465292,0.0,0.7159909786016833,9496300000.0,554306000.0,1437800000.0,-484100000.0,1437800000.0,383100000.0,1.0,1.0,0.0,3.75306708431219,0.5219327,258.75,201.42,1.10659,68974.68,32.2462,5.4818,4.1571
2016-12-31,20629600000.0,1284500000.0,1812000000.0,,7691300000.0,,67800000.0,-4468600000.0,-681200000.0,-304600000.0,-187700000.0,-197000000.0,0.0,-693619000.0,-787600000.0,-594400000.0,-1382000000.0,0.0,0.7092,31.5651,2.0595,0.0,-681200000.0,-0.03960318801763031,-0.014765191763291581,0.06816452580226469,0.1524414805531934,-0.03302051421258774,-0.08856760235590862,0.30926912232018977,0.1524414805531934,0.0,0.7088852097130243,9387700000.0,612600000.0,1537500000.0,-268800000.0,1537500000.0,371300000.0,1.0,1.0,0.0,4.140856450309722,0.5219327,258.75,201.42,1.10659,68974.68,32.2462,5.4818,4.1571
2017-03-31,20595800000.0,1234400000.0,1777200000.0,,7683300000.0,,33200000.0,2392800000.0,388100000.0,187800000.0,89400000.0,108400000.0,0.0,341900000.0,444300000.0,223900000.0,220400000.0,0.0,,33.1089,2.2359,0.0,388100000.0,0.02444262231072586,0.009118363938278678,0.07848545636910732,0.16219491808759612,0.01884364773400402,0.0505121497273307,0.09210966232029422,0.16219491808759612,0.0,0.6945757371145622,9531900000.0,643700000.0,1580100000.0,-208400000.0,1580100000.0,368000000.0,1.0,1.0,0.0,4.29375,0.5219327,258.75,201.42,1.10659,68974.68,32.2462,5.4818,4.1571
2017-06-30,20761100000.0,1292800000.0,2543000000.0,,7662900000.0,,36000000.0,4919500000.0,813700000.0,390700000.0,179000000.0,238500000.0,1.0,340900000.0,878800000.0,497500000.0,381300000.0,0.0,,32.4788,2.2275,1.0,813700000.0,0.05098591916898302,0.018818848712255132,0.0794186401057018,0.16540298810854762,0.039193491674333246,0.10618695272024951,0.07750787681674967,0.16540298810854762,0.0,0.5083759339362958,9852200000.0,697000000.0,1666200000.0,-159400000.0,1666200000.0,362000000.0,2.0,2.0,0.0,4.602762430939227,0.5219327,258.75,201.42,1.10659,68974.68,32.2462,5.4818,4.1571
2017-09-30,20948600000.0,1396700000.0,2591500000.0,,7672000000.0,,63900000.0,7481500000.0,1261700000.0,614000000.0,269000000.0,371900000.0,1.0,340100000.0,1381500000.0,769000000.0,612500000.0,0.0,,27.9043,2.2735,1.0,1261700000.0,0.08003128258602711,0.029309834547416057,0.08206910378934705,0.16864265187462407,0.06022836848285804,0.16445516162669446,0.08186860923611575,0.16864265187462407,0.0,0.5389542735867259,10325200000.0,887900000.0,1782300000.0,-167800000.0,1782300000.0,349700000.0,2.0,2.0,0.0,5.096654275092937,0.5219327,258.75,201.42,1.10659,68974.68,32.2462,5.4818,4.1571
2017-12-31,21147000000.0,1436800000.0,2634800000.0,,7958800000.0,,83300000.0,-4752300000.0,-795000000.0,85900000.0,-175500000.0,-715700000.0,1.0,-683919000.0,-793900000.0,-500600000.0,-1294500000.0,0.0,0.5454,17.408,2.2161,1.0,-795000000.0,0.01079308438458059,0.00406204189719582,-0.018075458199187763,0.16728741872356542,-0.03759398496240601,-0.09988943056742222,0.27239441954422067,0.16728741872356542,0.0,0.5453165325641415,10041500000.0,1278400000.0,1668500000.0,-80300000.0,1668500000.0,361900000.0,3.0,3.0,0.0,4.6103896103896105,0.5219327,258.75,201.42,1.10659,68974.68,32.2462,5.4818,4.1571
2018-03-31,21108700000.0,1354000000.0,2560200000.0,,7911800000.0,,62600000.0,2427500000.0,404200000.0,237700000.0,94800000.0,72700000.0,0.0,332208000.0,581400000.0,263300000.0,318100000.0,0.0,,16.3407,2.154,0.0,404200000.0,0.030043732146919792,0.011260759781511889,0.09791967044284243,0.16650875386199793,0.019148502750050925,0.05108824793346647,0.13104016477857877,0.16650875386199793,0.0,0.5288649324271542,10076200000.0,1328300000.0,1684600000.0,17400000.0,1684600000.0,367300000.0,3.0,3.0,0.0,4.586441600871223,0.5219327,258.75,201.42,1.10659,68974.68,32.2462,5.4818,4.1571
2018-06-30,21203700000.0,1369400000.0,1989500000.0,,7846100000.0,,61300000.0,4945200000.0,812400000.0,472600000.0,191300000.0,149700000.0,1.0,330513000.0,1191000000.0,542100000.0,648900000.0,0.0,,16.6206,2.2456,1.0,812400000.0,0.060233746702183254,0.022288562845163815,0.0955674189112675,0.16428051443824315,0.03831406782778477,0.10354188705216605,0.13121815093423927,0.16428051443824315,0.0,0.6883136466448857,10101900000.0,1410200000.0,1683300000.0,285000000.0,1683300000.0,379600000.0,3.0,3.0,0.0,4.434404636459431,0.5219327,258.75,201.42,1.10659,68974.68,32.2462,5.4818,4.1571
2018-09-30,21402100000.0,1492100000.0,2675300000.0,,7921600000.0,,81900000.0,7510900000.0,1252600000.0,736000000.0,287300000.0,227100000.0,2.23,329326000.0,1746900000.0,820500000.0,926400000.0,0.0,,16.8441,2.3422,2.23,1252600000.0,0.09291052312664108,0.03438914872839581,0.09799091986313224,0.1667709595388036,0.058526966979875805,0.15812462128862856,0.12334074478424689,0.1667709595388036,0.0,0.5577318431577767,10131300000.0,1532200000.0,1674200000.0,598900000.0,1674200000.0,397900000.0,4.23,4.23,0.0,4.207589846695149,0.5219327,258.75,201.42,1.10659,68974.68,32.2462,5.4818,4.1571
2018-12-31,21617000000.0,1564400000.0,2718600000.0,,7927100000.0,,70500000.0,-4842700000.0,-733400000.0,-409402000.0,-189600000.0,-166200000.0,-0.06999999999999984,-663664000.0,-1276500000.0,-554100000.0,-1830600000.0,0.0,0.5752,22.5656,2.3303,-0.06999999999999984,-733400000.0,-0.05164587301787539,-0.018938890687884534,0.08454002932248539,0.15144444215004027,-0.03392700189665541,-0.09251807092127007,0.37801226588473374,0.15144444215004027,0.0,0.5754432428455822,10040900000.0,1036898000.0,1735800000.0,62800000.0,1735800000.0,383800000.0,3.16,3.16,0.0,4.522668056279312,0.5219327,258.75,201.42,1.10659,68974.68,32.2462,5.4818,4.1571
2019-03-31,21782000000.0,1444600000.0,3467900000.0,21782000000.0,7919500000.0,6801500000.0,68000000.0,2470600000.0,422800000.0,234200000.0,100400000.0,77900000.0,0.72,323500000.0,553700000.0,299300000.0,254400000.0,6801500000.0,,24.8994,2.5516,0.72,422800000.0,0.029572574026138013,0.010751997061794142,0.09479478669149194,0.17113251841657898,0.019410522449729135,0.0287208749405611,0.10297093823362746,0.17113251841657898,0.8588294715575479,0.4165633380431962,10084000000.0,1033398000.0,1754400000.0,-900000.0,1754400000.0,389400000.0,3.88,3.88,3.876823985408117,4.5053929121725735,0.5219327,258.75,201.42,1.10659,68974.68,32.2462,5.4818,4.1571
2019-06-30,21996800000.0,1474100000.0,3571000000.0,,7952900000.0,,72500000.0,5075900000.0,860200000.0,485700000.0,198900000.0,155600000.0,1.5,323109000.0,1135600000.0,588700000.0,546900000.0,0.0,,26.5293,2.7386,1.5,860200000.0,0.06107206176363339,0.022080484434099504,0.09568746429204673,0.16946748359896768,0.039105688100087285,0.10816180261288336,0.10774443940975985,0.16946748359896768,0.0,0.4127975357042845,10214700000.0,1046498000.0,1802200000.0,-102900000.0,1802200000.0,397000000.0,4.38,4.38,0.0,4.539546599496222,0.5219327,258.75,201.42,1.10659,68974.68,32.2462,5.4818,4.1571
2019-09-30,22329100000.0,1473900000.0,2997400000.0,,7976500000.0,,55600000.0,7722700000.0,1328000000.0,784000000.0,296900000.0,227100000.0,2.43,322644000.0,1786900000.0,908300000.0,878600000.0,0.0,,25.5885,2.7077,2.43,1328000000.0,0.09828872312417727,0.035111133005808565,0.10151889883071982,0.17196058373366827,0.059473959989430836,0.16648906161850435,0.11376850065391637,0.17196058373366827,0.0,0.49172616267431773,10426500000.0,1094498000.0,1877600000.0,-150700000.0,1877600000.0,406600000.0,4.58,4.58,0.0,4.617806197737334,0.5219327,258.75,201.42,1.10659,68974.68,32.2462,5.4818,4.1571
2019-12-31,22683800000.0,1606000000.0,3064600000.0,,8118200000.0,,47100000.0,-4969800000.0,-823800000.0,-430614000.0,-204200000.0,-238600000.0,-1.3200000000000003,-647263000.0,-1124100000.0,-589200000.0,-1713300000.0,0.0,0.524,26.6514,2.7773,-1.3200000000000003,-823800000.0,-0.05304303909733685,-0.018983327308475653,0.0866461427019196,0.16576119763370759,-0.03631666651971892,-0.10147569658298637,0.3447422431486177,0.16576119763370759,0.0,0.5240488155061019,10299400000.0,1073286000.0,1787200000.0,-33400000.0,1787200000.0,392000000.0,3.3300000000000005,3.3300000000000005,0.0,4.559183673469388,0.5219327,258.75,201.42,1.10659,68974.68,32.2462,5.4818,4.1571
2020-03-31,22908900000.0,1753900000.0,1980600000.0,,8117200000.0,,281600000.0,2553900000.0,433000000.0,246300000.0,96600000.0,75800000.0,0.77,320231000.0,569500000.0,346800000.0,222700000.0,0.0,,22.0708,2.3072,0.77,433000000.0,0.030342975410239986,0.010751280070191062,0.09644073769528956,0.1695446180351619,0.018900951158719974,0.053343517469078006,0.08719996867535926,0.1695446180351619,0.0,0.885539735433707,10382700000.0,1085386000.0,1797400000.0,-65100000.0,1797400000.0,388200000.0,3.3800000000000003,3.3800000000000003,0.0,4.630087583719732,0.5219327,258.75,201.42,1.10659,68974.68,32.2462,5.4818,4.1571
2020-06-30,22826300000.0,1568800000.0,2066100000.0,,8227100000.0,,269700000.0,5008300000.0,828200000.0,471800000.0,188200000.0,149600000.0,1.47,319896000.0,1333500000.0,654700000.0,678800000.0,0.0,,24.6531,2.5526,1.47,828200000.0,0.057347060325023395,0.020669140421356067,0.09420362198750075,0.1653654932811533,0.03628270898043047,0.10066730682743616,0.13553501188027875,0.1653654932811533,0.0,0.7593049707177775,10315100000.0,1071486000.0,1765400000.0,66800000.0,1765400000.0,377500000.0,3.35,3.35,0.0,4.676556291390728,0.5219327,258.75,201.42,1.10659,68974.68,32.2462,5.4818,4.1571
2020-09-30,23110100000.0,1774300000.0,2190800000.0,,8370100000.0,,406400000.0,7580400000.0,1276400000.0,731800000.0,277400000.0,208100000.0,2.29,319824000.0,1909000000.0,889000000.0,1020000000.0,0.0,,29.117,2.9272,2.29,1276400000.0,0.0874302577030143,0.031665808456043026,0.09653844124320617,0.16838161574587093,0.055231262521581476,0.15249519121635344,0.1345575431375653,0.16838161574587093,0.0,0.8098867993427059,10172800000.0,1019286000.0,1713800000.0,208200000.0,1713800000.0,358000000.0,3.21,3.21,0.0,4.787150837988827,0.5219327,258.75,201.42,1.10659,68974.68,32.2462,5.4818,4.1571
2020-12-31,23434000000.0,1521800000.0,2282000000.0,,8483900000.0,,38200000.0,-4989000000.0,-828500000.0,-482663000.0,-206600000.0,-260400000.0,-1.5100000000000002,-640115000.0,-1340400000.0,-695900000.0,-2036300000.0,0.0,0.667,31.7341,3.0229,-1.5100000000000002,-828500000.0,-0.056891641815674396,-0.020596697106767942,0.09674543996792945,0.16606534375626378,-0.035354612955534694,-0.09765555935359917,0.4081579474844658,0.16606534375626378,0.0,0.6668711656441718,10153600000.0,967237000.0,1709100000.0,-114800000.0,1709100000.0,355600000.0,3.02,3.02,0.0,4.806242969628796,0.5219327,258.75,201.42,1.10659,68974.68,32.2462,5.4818,4.1571
2021-03-31,23252600000.0,1443100000.0,2148800000.0,,8632900000.0,,23200000.0,2596400000.0,492400000.0,295900000.0,78400000.0,103700000.0,0.93,319832000.0,661000000.0,331000000.0,330000000.0,0.0,,31.1689,3.1083,0.93,492400000.0,0.034275851683675244,0.012725458658386589,0.11396549067940225,0.1896472038206748,0.02117612654068792,0.05703761192646735,0.12709906023725157,0.1896472038206748,0.0,0.671584139985108,10196100000.0,1016837000.0,1768500000.0,-7500000.0,1768500000.0,337400000.0,3.18,3.18,0.0,5.241553052756372,0.5219327,258.75,201.42,1.10659,68974.68,32.2462,5.4818,4.1571
2021-06-30,23922100000.0,1480900000.0,2314800000.0,,8778300000.0,,34000000.0,5409200000.0,1010300000.0,627009000.0,156700000.0,199100000.0,1.96,319937000.0,1482800000.0,608600000.0,874200000.0,0.0,,31.2695,3.3253,1.96,1010300000.0,0.07142715559960357,0.026210449751485027,0.11591529246468979,0.18677438438216373,0.042232914334443886,0.11509062119089117,0.16161354728980257,0.18677438438216373,0.0,0.6397528944185242,10597000000.0,1172046000.0,1950600000.0,187900000.0,1950600000.0,305900000.0,3.67,3.67,0.0,6.376593658058189,0.5219327,258.75,201.42,1.10659,68974.68,32.2462,5.4818,4.1571
2021-09-30,24428900000.0,1569400000.0,2333400000.0,,8873300000.0,,40100000.0,8342200000.0,1574500000.0,977344000.0,234900000.0,319000000.0,3.06,319748000.0,2137800000.0,904200000.0,1233600000.0,0.0,,31.5188,3.5015,3.06,1574500000.0,0.1101443656813136,0.04000769580292195,0.11715662535062693,0.18873918151087243,0.0644523494713229,0.17744243967858633,0.14787466136031263,0.18873918151087243,0.0,0.6725807834061884,11358800000.0,1417590000.0,2248700000.0,401500000.0,2248700000.0,263400000.0,4.44,4.44,0.0,8.537205770690964,0.5219327,258.75,201.42,1.10659,68974.68,32.2462,5.4818,4.1571
2021-12-31,24955000000.0,1710800000.0,2415600000.0,,8978900000.0,,29000000.0,-5052800000.0,-1001000000.0,-609848000.0,-155400000.0,-339000000.0,-1.9100000000000001,-640092000.0,-1494900000.0,-527500000.0,-2022400000.0,0.0,0.7082,34.2676,3.9146,-1.9100000000000001,-1001000000.0,-0.0679201238459054,-0.02443790823482268,0.12069506016466118,0.19810797973400887,-0.040112201963534364,-0.11148358930381227,0.40025332488917037,0.19810797973400887,0.0,0.7082298393773804,11295000000.0,1290405000.0,2076200000.0,415400000.0,2076200000.0,314600000.0,4.040000000000001,4.040000000000001,0.0,6.599491417673236,0.5219327,258.75,201.42,1.10659,68974.68,32.2462,5.4818,4.1571
2022-03-31,24880100000.0,1695800000.0,2258100000.0,,8984000000.0,,39000000.0,2968800000.0,560600000.0,352000000.0,83500000.0,120300000.0,1.11,317198000.0,705600000.0,334100000.0,371500000.0,0.0,,31.0744,3.5859,1.11,560600000.0,0.039180765805877114,0.014147853103484312,0.11856642414443547,0.1888305039073026,0.022532063777878707,0.06239982190560997,0.1251347345728914,0.1888305039073026,0.0,0.7509853416589168,11667400000.0,1346505000.0,2144400000.0,456900000.0,2144400000.0,319700000.0,4.220000000000001,4.220000000000001,0.0,6.707538317172349,0.5219327,258.75,201.42,1.10659,68974.68,32.2462,5.4818,4.1571
2022-06-30,28212900000.0,2140600000.0,2934600000.0,,9215400000.0,,119400000.0,6383700000.0,1150200000.0,723912000.0,177500000.0,226600000.0,2.28,317079000.0,1563500000.0,647300000.0,916200000.0,0.0,,29.8096,3.3707,2.28,1150200000.0,0.07855459339800769,0.025658900715630085,0.11340006579256544,0.18017763992668828,0.040768584583647904,0.12481281333420144,0.14352178203862964,0.18017763992668828,0.0,0.7294350166973352,12641900000.0,1443408000.0,2284300000.0,498900000.0,2284300000.0,340500000.0,4.54,4.54,0.0,6.708663729809104,0.5219327,258.75,201.42,1.10659,68974.68,32.2462,5.4818,4.1571
2022-09-30,28401000000.0,2199400000.0,3163800000.0,,9489900000.0,,81400000.0,9981500000.0,1814500000.0,1140800000.0,282700000.0,317500000.0,3.6,317068000.0,2383400000.0,924800000.0,1458600000.0,0.0,,29.5678,3.3239,3.6,1814500000.0,0.12021201487897659,0.04016759973240379,0.11429143916245053,0.18178630466362772,0.06388859547199043,0.1912032792758617,0.14613034113109252,0.18178630466362772,0.0,0.6951766862633542,14281200000.0,1606864000.0,2524300000.0,723900000.0,2524300000.0,388300000.0,5.08,5.08,0.0,6.500901364924028,0.5219327,258.75,201.42,1.10659,68974.68,32.2462,5.4818,4.1571
2022-12-31,29052900000.0,2357100000.0,3390700000.0,,9686000000.0,,143400000.0,-5822700000.0,-1133600000.0,-729112000.0,-148100000.0,-320500000.0,-2.3,-634265000.0,-1462500000.0,-452200000.0,-1914700000.0,0.0,0.6952,27.4005,3.0171,-2.3,-1133600000.0,-0.07527482965104275,-0.02509601451146013,0.12521888470984252,0.19468631390935476,-0.03901848008288329,-0.1170348957257898,0.3288337025778419,0.19468631390935476,0.0,0.6951661898722977,13511300000.0,1487600000.0,2391700000.0,831600000.0,2391700000.0,395600000.0,4.69,4.69,0.0,6.045753286147624,0.5219327,258.75,201.42,1.10659,68974.68,32.2462,5.4818,4.1571
2023-03-31,29081400000.0,2241400000.0,3029300000.0,,9916500000.0,,132200000.0,3581100000.0,644100000.0,383900000.0,126700000.0,138200000.0,1.21,317142000.0,687700000.0,378600000.0,309100000.0,0.0,,28.1475,3.0285,1.21,644100000.0,0.03871325568496949,0.013200877536844857,0.10720169780235124,0.17986093658373126,0.022148177185417485,0.06495235214037211,0.08631426098126274,0.17986093658373126,0.0,0.7399069091869409,14123600000.0,1519500000.0,2475200000.0,769200000.0,2475200000.0,438800000.0,4.79,4.79,0.0,5.640838650865998,0.5219327,258.75,201.42,1.10659,68974.68,32.2462,5.4818,4.1571
2023-06-30,29823300000.0,2261700000.0,2987900000.0,,10203700000.0,,181600000.0,7307000000.0,1351400000.0,811200000.0,251100000.0,290900000.0,2.56,317226000.0,1766200000.0,714300000.0,1051900000.0,0.0,,30.7702,3.3574,2.56,1351400000.0,0.07950057332144222,0.02720020923237871,0.11101683317366909,0.18494594224716027,0.04531356355601158,0.13244215333653478,0.14395784863829206,0.18494594224716027,0.0,0.7569530439439071,15046900000.0,1606788000.0,2676400000.0,904900000.0,2676400000.0,512400000.0,5.07,5.07,0.0,5.223263075722092,0.5219327,258.75,201.42,1.10659,68974.68,32.2462,5.4818,4.1571
2023-09-30,30042800000.0,2348400000.0,4068800000.0,,10331300000.0,,157500000.0,11132900000.0,2079200000.0,1291419000.0,378800000.0,416900000.0,4.07,317003000.0,2719300000.0,1083200000.0,1636100000.0,0.0,,27.1498,3.0335,4.07,2079200000.0,0.12500062915605975,0.0429859733446949,0.11600023354202409,0.18676176018827081,0.06920793001983837,0.20125250452508398,0.14696080985188045,0.18676176018827081,0.0,0.5771726307510814,16198300000.0,1757407000.0,2941100000.0,1082400000.0,2941100000.0,608500000.0,5.540000000000001,5.540000000000001,0.0,4.833360723089564,0.5219327,258.75,201.42,1.10659,68974.68,32.2462,5.4818,4.1571
2023-12-31,31410100000.0,2381000000.0,4228300000.0,,10542300000.0,,140000000.0,-7056500000.0,-1294500000.0,-755534000.0,-248400000.0,-385900000.0,-2.37,-634706000.0,-1555400000.0,-545000000.0,-2100400000.0,0.0,0.5631,29.9733,3.4673,-2.37,-1294500000.0,-0.07166690380656972,-0.02405385528858552,0.10706922695387232,0.18344788492878905,-0.04121285828443717,-0.12279104180302211,0.2976546446538652,0.18344788492878905,0.0,0.563110469928813,14964500000.0,1730985000.0,2780200000.0,896700000.0,2780200000.0,508200000.0,5.470000000000001,5.470000000000001,0.0,5.470680834317198,0.5219327,258.75,201.42,1.10659,68974.68,32.2462,5.4818,4.1571
2024-03-31,31381700000.0,2273600000.0,4325900000.0,,10819800000.0,,91600000.0,3861700000.0,732800000.0,453794000.0,139300000.0,145200000.0,1.44,315693000.0,811500000.0,514500000.0,297000000.0,0.0,,33.1913,3.9211,1.44,732800000.0,0.041941070999463946,0.014460465812878206,0.11751145868399927,0.18976098609420722,0.023351188750131445,0.06772768443039613,0.07690913328326902,0.18976098609420722,0.0,0.5255784923368547,15245100000.0,1800879000.0,2868900000.0,884600000.0,2868900000.0,520800000.0,5.700000000000001,5.700000000000001,0.0,5.5086405529953915,0.5219327,258.75,201.42,1.10659,68974.68,32.2462,5.4818,4.1571
2024-06-30,31934100000.0,2659700000.0,4533600000.0,,11005100000.0,,490600000.0,7909800000.0,1546600000.0,965330000.0,,287300000.0,3.06,315538000.0,1910900000.0,917900000.0,993000000.0,0.0,,32.2233,3.9021,3.06,1546600000.0,0.08771660411990805,0.030228814965820236,0.12204227666944803,0.19552959619712257,0.04843098756501671,0.14053484293645674,0.12554046878555716,0.19552959619712257,0.0,0.5866640197635433,15847900000.0,1955009000.0,3064100000.0,825700000.0,3064100000.0,,6.200000000000001,6.200000000000001,0.0,,0.5219327,258.75,201.42,1.10659,68974.68,32.2462,5.4818,4.1571
2024-09-30,31814200000.0,2348400000.0,3641500000.0,,11228800000.0,,83400000.0,11986000000.0,2392600000.0,1530999000.0,,367800000.0,4.86,315149000.0,2914000000.0,1357400000.0,1556600000.0,0.0,,31.931,3.9781,4.86,2392600000.0,0.1363457359646623,0.04812313369501669,0.12773227098281328,0.19961621892207576,0.07520541142005771,0.2130770874893132,0.12986817954279994,0.19961621892207576,0.0,0.6448990800494302,16701000000.0,2194589000.0,3377500000.0,746200000.0,3377500000.0,,6.99,6.99,0.0,,0.5219327,258.75,201.42,1.10659,68974.68,32.2462,5.4818,4.1571
2024-12-31,32402000000.0,2406000000.0,4128000000.0,,11405000000.0,,74000000.0,-7725500000.0,-1476000000.0,-906950000.0,,-412300000.0,-2.869999999999999,-631571000.0,-1700400000.0,-934800000.0,-2635200000.0,0.0,0.5828,30.8068,3.9297,-2.869999999999999,-1476000000.0,-0.07952213941253836,-0.027990556138509967,0.11739693223739564,0.1910555951071128,-0.0455527436577989,-0.12941692240245506,0.3411041356546502,0.1910555951071128,0.0,0.5828488372093024,16032000000.0,2043173000.0,3196000000.0,211400000.0,3196000000.0,,6.49,6.49,0.0,,0.5219327,258.75,201.42,1.10659,68974.68,32.2462,5.4818,4.1571
2025-03-31,33103000000.0,2321000000.0,3491000000.0,,11663000000.0,,83000000.0,4009000000.0,804000000.0,494996000.0,,170000000.0,1.58,313277000.0,1025000000.0,459000000.0,566000000.0,0.0,,36.2705,4.6768,1.58,804000000.0,0.04244156734973849,0.014953206658006828,0.12347118982289848,0.2005487652781242,0.024287828897682988,0.06893595129897968,0.1411823397355949,0.2005487652781242,0.0,0.6648524778000573,16179300000.0,2084375000.0,3267200000.0,480400000.0,3267200000.0,,6.630000000000001,6.630000000000001,0.0,,0.5219327,258.75,201.42,1.10659,68974.68,32.2462,5.4818,4.1571
2025-06-30,33397000000.0,2416000000.0,3647000000.0,,12050000000.0,,122000000.0,8244000000.0,1665000000.0,1044902000.0,,340000000.0,3.33,313321000.0,2134000000.0,866000000.0,1268000000.0,0.0,,36.271,4.7088,3.33,1665000000.0,0.08671385892116183,0.03128730125460371,0.126746967491509,0.2019650655021834,0.04985477737521334,0.13817427385892117,0.15380883066472587,0.2019650655021834,0.0,0.6624622977789965,16513500000.0,2163947000.0,3385600000.0,755400000.0,3385600000.0,,6.900000000000001,6.900000000000001,0.0,,0.5219327,258.75,201.42,1.10659,68974.68,32.2462,5.4818,4.1571
2025-09-30,33789000000.0,2484000000.0,4263000000.0,,11871000000.0,,84000000.0,12456000000.0,2502000000.0,1594573000.0,,435000000.0,5.1,312884000.0,3315000000.0,1310000000.0,2005000000.0,0.0,,33.7311,4.3109,5.1,2502000000.0,0.13432507792098392,0.04719207434372133,0.12801645793192035,0.20086705202312138,0.07404776702477138,0.21076573161485973,0.16096660244059088,0.20086705202312138,0.0,0.5826882477128783,16983500000.0,2227521000.0,3495000000.0,1203800000.0,3495000000.0,,7.140000000000001,7.140000000000001,0.0,,0.5219327,258.75,201.42,1.10659,68974.68,32.2462,5.4818,4.1571
2025-12-31,34366000000.0,2523000000.0,3928000000.0,,11968000000.0,,76000000.0,-8118000000.0,-1669000000.0,-995222000.0,,-490000000.0,-3.16,-627314000.0,-2178000000.0,-748000000.0,-2926000000.0,0.0,0.6423,30.6713,3.9541,-3.16,-1669000000.0,-0.08315691844919786,-0.02895949484956061,0.12259448139935945,0.20559251047055926,-0.04856544258860502,-0.13945521390374332,0.3604336043360434,0.20559251047055926,0.0,0.6423116089613035,16591000000.0,2139249000.0,3302000000.0,913000000.0,3302000000.0,,6.85,6.85,0.0,,0.5219327,258.75,201.42,1.10659,68974.68,32.2462,5.4818,4.1571
