report_date,total_assets,current_assets,current_liabilities,total_liabilities,total_equity,long_term_debt,short_term_debt,cash,revenue,gross_profit,operating_income,net_income,interest_expense,income_tax,eps_diluted,shares_diluted,operating_cash_flow,capex,depreciation,fcf,total_debt,bf_current_ratio,bf_pe,bf_ps,eps,ebitda,roe,roa,net_margin,gross_margin,operating_margin,roi,roic,fcf_margin,ebitda_margin,debt_equity,current_ratio,revenue_ttm,net_income_ttm,operating_income_ttm,gross_profit_ttm,fcf_ttm,ebitda_ttm,interest_expense_ttm,eps_diluted_ttm,eps_ttm,debt_to_ebitda,interest_coverage,bf_beta,bf_52w_high,bf_52w_low,bf_10d_avg_vol,bf_market_cap,bf_pe_ttm,bf_pb_annual,bf_ps_ttm
2010-03-26,16552000000.0,6111000000.0,3280000000.0,9756000000.0,6788000000.0,2313000000.0,,1839000000.0,5849000000.0,1799000000.0,667000000.0,476000000.0,77000000.0,204000000.0,1.03,461000000.0,830000000.0,157000000.0,266000000.0,673000000.0,2313000000.0,,25.9343,1.1495,1.03,933000000.0,0.07012374779021803,0.02875785403576607,0.08138143272354248,0.3075739442639768,0.1140365874508463,0.0402972450459159,0.07328864959894517,0.11506240382971449,0.1595144469140024,0.34074837949322334,1.863109756097561,,,,,,,,,,,,1.3102758,250.67,116.3018,2.00754,57495.516,27.8564,5.0799,3.1774
2010-06-25,16469000000.0,6333000000.0,3337000000.0,9669000000.0,6792000000.0,2308000000.0,,1815000000.0,,,,,,,,,,,,,2308000000.0,,13.9302,1.0743,,,,,,,,,,,,0.33981154299175503,1.8978124063530117,,,,,,,,,,,,1.3102758,250.67,116.3018,2.00754,57495.516,27.8564,5.0799,3.1774
2010-09-24,16992000000.0,6731000000.0,3460000000.0,9936000000.0,7048000000.0,2307000000.0,,1990000000.0,12070000000.0,3777000000.0,1516000000.0,1103000000.0,155000000.0,493000000.0,2.41,457000000.0,1679000000.0,385000000.0,520000000.0,1294000000.0,2307000000.0,1.9454,12.3848,1.1196,2.41,2036000000.0,0.1564982973893303,0.06491290018832392,0.09138359569179784,0.31292460646230325,0.1256006628003314,0.08921845574387947,0.16205237840726883,0.10720795360397681,0.16868268434134218,0.32732690124858116,1.9453757225433526,,,,,,,,,,,,1.3102758,250.67,116.3018,2.00754,57495.516,27.8564,5.0799,3.1774
2010-12-24,18102000000.0,6788000000.0,3868000000.0,10756000000.0,7339000000.0,2555000000.0,,1407000000.0,3200000000.0,1021000000.0,400000000.0,265000000.0,35000000.0,113000000.0,0.59,449000000.0,154000000.0,117000000.0,133000000.0,37000000.0,2555000000.0,,13.6157,1.3151,0.59,533000000.0,0.03610846164327565,0.01463926637940559,0.0828125,0.3190625,0.125,0.02209700585570655,0.04042854255104104,0.0115625,0.1665625,0.34814007357950677,1.7549120992761116,,,,,,,,,,,,1.3102758,250.67,116.3018,2.00754,57495.516,27.8564,5.0799,3.1774
2011-03-25,18080000000.0,6743000000.0,3750000000.0,10744000000.0,7325000000.0,2559000000.0,,1239000000.0,6672000000.0,2065000000.0,805000000.0,564000000.0,78000000.0,187000000.0,1.26,449000000.0,711000000.0,231000000.0,281000000.0,480000000.0,2559000000.0,,13.2673,1.2383,1.26,1086000000.0,0.07699658703071673,0.031194690265486727,0.08453237410071943,0.3095023980815348,0.12065347721822542,0.04452433628318584,0.08144475920679886,0.07194244604316546,0.16276978417266186,0.34935153583617745,1.7981333333333334,,,,,,,,,,,,1.3102758,250.67,116.3018,2.00754,57495.516,27.8564,5.0799,3.1774
2011-06-24,18032000000.0,6860000000.0,3691000000.0,10446000000.0,7575000000.0,2654000000.0,,1212000000.0,10401000000.0,3190000000.0,1276000000.0,919000000.0,118000000.0,261000000.0,2.06,447000000.0,1149000000.0,375000000.0,427000000.0,774000000.0,2654000000.0,,12.9751,1.1936,2.06,1703000000.0,0.12132013201320133,0.05096495119787045,0.08835688876069608,0.3067012787231997,0.12268051148927987,0.07076308784383319,0.1247433766741617,0.0744159215460052,0.16373425632150754,0.35036303630363036,1.8585749119479815,32343000000.0,2851000000.0,3997000000.0,10053000000.0,2585000000.0,5358000000.0,386000000.0,6.32,6.32,0.49533407988055245,10.354922279792746,1.3102758,250.67,116.3018,2.00754,57495.516,27.8564,5.0799,3.1774
2011-09-30,23557000000.0,6652000000.0,3149000000.0,9907000000.0,13650000000.0,172000000.0,,1219000000.0,-5961000000.0,-1854000000.0,-740000000.0,-503000000.0,-70000000.0,-185000000.0,-1.1,-902000000.0,-235000000.0,-142000000.0,-267000000.0,-377000000.0,172000000.0,2.0472,9.7331,0.8852,-1.1,-1007000000.0,-0.03684981684981685,-0.02135246423568366,0.08438181513168931,0.3110216406643181,0.1241402449253481,-0.03141316806044912,-0.05353783822891043,0.06324442207683274,0.1689313873511156,0.0126007326007326,2.112416640203239,14312000000.0,1245000000.0,1741000000.0,4422000000.0,914000000.0,2315000000.0,161000000.0,2.81,2.81,0.07429805615550755,10.813664596273291,1.3102758,250.67,116.3018,2.00754,57495.516,27.8564,5.0799,3.1774
2011-12-30,17523000000.0,6577000000.0,3820000000.0,9933000000.0,7581000000.0,1950000000.0,,1390000000.0,3309000000.0,983000000.0,378000000.0,260000000.0,38000000.0,92000000.0,0.61,429000000.0,207000000.0,130000000.0,143000000.0,77000000.0,1950000000.0,,10.4451,0.9448,0.61,521000000.0,0.03429626698324759,0.014837641956286025,0.07857358718646117,0.2970686007857359,0.11423390752493201,0.02157164869029276,0.039660056657223795,0.023269870051375038,0.15744938047748563,0.25722200237435694,1.7217277486910996,14421000000.0,1240000000.0,1719000000.0,4384000000.0,954000000.0,2303000000.0,164000000.0,2.83,2.83,0.8467216673903604,10.481707317073171,1.3102758,250.67,116.3018,2.00754,57495.516,27.8564,5.0799,3.1774
2012-03-30,23981000000.0,8321000000.0,2657000000.0,9480000000.0,14501000000.0,165000000.0,,2866000000.0,6419000000.0,1964000000.0,746000000.0,517000000.0,83000000.0,179000000.0,1.2,430000000.0,729000000.0,270000000.0,279000000.0,459000000.0,165000000.0,,12.9653,1.139,1.2,1025000000.0,0.03565271360595821,0.021558733997748217,0.08054214052033026,0.3059666614737498,0.11621747935815548,0.031107960468704392,0.050865948452202374,0.07150646518149245,0.15968219348808227,0.011378525618922834,3.13172751223184,14168000000.0,1193000000.0,1660000000.0,4283000000.0,933000000.0,2242000000.0,169000000.0,2.77,2.77,0.0735950044603033,9.822485207100591,1.3102758,250.67,116.3018,2.00754,57495.516,27.8564,5.0799,3.1774
2012-06-29,26704000000.0,6461000000.0,2691000000.0,9522000000.0,17182000000.0,165000000.0,,1302000000.0,9918000000.0,2982000000.0,1117000000.0,716000000.0,131000000.0,267000000.0,1.67,430000000.0,1234000000.0,385000000.0,453000000.0,849000000.0,165000000.0,,13.0238,0.9984,1.67,1570000000.0,0.041671516703526944,0.026812462552426603,0.07219197418834443,0.30066545674531153,0.112623512805001,0.04182893948472139,0.06439153744163256,0.08560193587416817,0.1582980439604759,0.009603072983354673,2.4009661835748792,13685000000.0,990000000.0,1501000000.0,4075000000.0,1008000000.0,2109000000.0,182000000.0,2.38,2.38,0.07823613086770982,8.247252747252746,1.3102758,250.67,116.3018,2.00754,57495.516,27.8564,5.0799,3.1774
2012-09-28,27652000000.0,6528000000.0,2724000000.0,10311000000.0,17341000000.0,167000000.0,,1589000000.0,-6364000000.0,-1883000000.0,-723000000.0,-381000000.0,-76000000.0,-289000000.0,-0.8900000000000001,-859000000.0,-223000000.0,-252000000.0,-266000000.0,-475000000.0,167000000.0,1.6241,13.0375,1.0955,-0.8900000000000001,-989000000.0,-0.021971051265786287,-0.013778388543324171,0.059868007542426147,0.2958830923947203,0.11360779384035198,-0.02614639085780414,-0.04129540781357094,0.07463859208045255,0.1554054054054054,0.009630355804163543,2.39647577092511,13282000000.0,1112000000.0,1518000000.0,4046000000.0,910000000.0,2127000000.0,176000000.0,2.59,2.59,0.07851433944522802,8.625,1.3102758,250.67,116.3018,2.00754,57495.516,27.8564,5.0799,3.1774
2012-12-28,18136000000.0,5753000000.0,3111000000.0,10002000000.0,8129000000.0,2687000000.0,,972000000.0,3134000000.0,989000000.0,293000000.0,277000000.0,37000000.0,-245000000.0,0.65,426000000.0,392000000.0,126000000.0,152000000.0,266000000.0,2687000000.0,,13.6017,1.1593,0.65,445000000.0,0.03407553204576209,0.01527348919276577,0.08838544990427569,0.3155711550733886,0.09349074664964901,0.016155712395235996,0.027089497041420118,0.08487555839183153,0.1419910657306956,0.33054496248000986,1.8492446158791385,13107000000.0,1129000000.0,1433000000.0,4052000000.0,1099000000.0,2051000000.0,175000000.0,2.63,2.63,1.310092637737689,8.188571428571429,1.3102758,250.67,116.3018,2.00754,57495.516,27.8564,5.0799,3.1774
2013-03-29,18140000000.0,5864000000.0,3901000000.0,10407000000.0,7727000000.0,2315000000.0,,1073000000.0,6399000000.0,2041000000.0,652000000.0,554000000.0,72000000.0,-185000000.0,1.0,425000000.0,837000000.0,253000000.0,310000000.0,584000000.0,2315000000.0,,15.2119,1.3179,1.0,962000000.0,0.07169664811699236,0.03054024255788313,0.08657602750429755,0.31895608688857635,0.1018909204563213,0.03594266813671444,0.0649273053176658,0.09126426004063135,0.15033598999843725,0.2995988093697425,1.5032043065880543,13087000000.0,1166000000.0,1339000000.0,4129000000.0,1224000000.0,1988000000.0,164000000.0,2.4299999999999997,2.4299999999999997,1.164486921529175,8.164634146341463,1.3102758,250.67,116.3018,2.00754,57495.516,27.8564,5.0799,3.1774
2013-06-28,18090000000.0,6018000000.0,4003000000.0,10202000000.0,7882000000.0,2307000000.0,,1262000000.0,9848000000.0,3173000000.0,1091000000.0,889000000.0,108000000.0,-92000000.0,2.0,423000000.0,1453000000.0,412000000.0,457000000.0,1041000000.0,2307000000.0,,14.7226,1.4319,2.0,1548000000.0,0.1127886323268206,0.04914317302377004,0.09027213647441104,0.32219740048740864,0.11078391551584078,0.06030956329463792,0.10707625871037393,0.10570674248578392,0.1571892770105605,0.2926922100989597,1.5033724706470148,13017000000.0,1339000000.0,1313000000.0,4320000000.0,1416000000.0,1966000000.0,141000000.0,2.76,2.76,1.1734486266531028,9.312056737588652,1.3102758,250.67,116.3018,2.00754,57495.516,27.8564,5.0799,3.1774
2013-09-27,18461000000.0,6309000000.0,3924000000.0,10075000000.0,8380000000.0,2303000000.0,,1403000000.0,-6101000000.0,-1874000000.0,-480000000.0,-444000000.0,-75000000.0,493000000.0,-0.6499999999999999,-851000000.0,-636000000.0,-176000000.0,-312000000.0,-812000000.0,2303000000.0,1.6078,16.8397,1.618,-0.6499999999999999,-792000000.0,-0.05298329355608592,-0.02405070147879313,0.07277495492542206,0.30716276020324534,0.07867562694640223,-0.026000758355452035,-0.04493119910137602,0.13309293558433044,0.12981478446156366,0.27482100238663487,1.6077981651376148,13280000000.0,1276000000.0,1556000000.0,4329000000.0,1079000000.0,2163000000.0,142000000.0,3.0,3.0,1.064724919093851,10.95774647887324,1.3102758,250.67,116.3018,2.00754,57495.516,27.8564,5.0799,3.1774
2013-12-27,27672000000.0,6451000000.0,4509000000.0,12182000000.0,15490000000.0,89000000.0,,1397000000.0,3326000000.0,1117000000.0,479000000.0,353000000.0,34000000.0,127000000.0,0.84,418000000.0,385000000.0,133000000.0,149000000.0,252000000.0,89000000.0,,16.5516,1.6611,0.84,628000000.0,0.02278889606197547,0.01275657704538884,0.10613349368610944,0.335838845460012,0.1440168370414913,0.0173099161607401,0.03074651774825085,0.07576668671076368,0.1888153938665063,0.005745642349903163,1.4306941672211133,13472000000.0,1352000000.0,1742000000.0,4457000000.0,1065000000.0,2346000000.0,139000000.0,3.19,3.19,0.03793691389599318,12.532374100719425,1.3102758,250.67,116.3018,2.00754,57495.516,27.8564,5.0799,3.1774
2014-03-28,18628000000.0,6566000000.0,4087000000.0,10229000000.0,8393000000.0,2370000000.0,,1429000000.0,6757000000.0,2290000000.0,989000000.0,715000000.0,64000000.0,263000000.0,1.0,417000000.0,834000000.0,301000000.0,303000000.0,533000000.0,2370000000.0,,17.0019,1.9227,1.0,1292000000.0,0.08519003931847968,0.03838307923555937,0.10581619061713779,0.3389077993192245,0.14636673079769127,0.053092119390165345,0.09188887856545573,0.07888116027822999,0.19120911647180702,0.28237817228642914,1.6065573770491803,13830000000.0,1513000000.0,2079000000.0,4706000000.0,1014000000.0,2676000000.0,131000000.0,3.19,3.19,0.8856502242152466,15.870229007633588,1.3102758,250.67,116.3018,2.00754,57495.516,27.8564,5.0799,3.1774
2014-06-27,18871000000.0,6873000000.0,3860000000.0,10023000000.0,8842000000.0,2375000000.0,,1613000000.0,10337000000.0,3494000000.0,1524000000.0,1118000000.0,94000000.0,376000000.0,2.0,417000000.0,1334000000.0,476000000.0,457000000.0,858000000.0,2375000000.0,,16.8216,2.0527,2.0,1981000000.0,0.12644198145216015,0.05924434317206295,0.10815517074586437,0.3380090935474509,0.14743155654445197,0.08075883630968152,0.13586520460016047,0.08300280545612847,0.19164167553448777,0.26860438814747795,1.7805699481865285,14319000000.0,1742000000.0,2512000000.0,5027000000.0,831000000.0,3109000000.0,117000000.0,3.19,3.19,0.763911225474429,21.47008547008547,1.3102758,250.67,116.3018,2.00754,57495.516,27.8564,5.0799,3.1774
2014-09-26,20152000000.0,7544000000.0,3954000000.0,11139000000.0,9007000000.0,3281000000.0,,2457000000.0,-6508000000.0,-2209000000.0,-947000000.0,-405000000.0,-61000000.0,-559000000.0,0.16000000000000014,-835000000.0,-470000000.0,-237000000.0,-292000000.0,-707000000.0,3281000000.0,2.2236,13.5119,2.0099,0.16000000000000014,-1239000000.0,-0.044965027201065835,-0.020097260817784835,0.062231100184388446,0.3394283958205286,0.14551321450522434,-0.04699285430726479,-0.07706705729166667,0.10863552550706822,0.19038106945298094,0.3642722327078939,1.907941325240263,13912000000.0,1781000000.0,2045000000.0,4692000000.0,936000000.0,2662000000.0,131000000.0,4.0,4.0,1.2325319308790383,15.610687022900763,1.3102758,250.67,116.3018,2.00754,57495.516,27.8564,5.0799,3.1774
2014-12-26,20153000000.0,6045000000.0,3876000000.0,10983000000.0,9164000000.0,3286000000.0,,868000000.0,3466000000.0,1171000000.0,477000000.0,472000000.0,35000000.0,-95000000.0,1.0,413000000.0,295000000.0,142000000.0,175000000.0,153000000.0,3286000000.0,,13.8591,2.2514,1.0,652000000.0,0.0515058926233086,0.023420830645561455,0.1361800346220427,0.3378534333525678,0.13762261973456433,0.023668932665111893,0.038313253012048194,0.04414310444316215,0.1881130986728217,0.3585770405936272,1.5595975232198143,14052000000.0,1900000000.0,2043000000.0,4746000000.0,837000000.0,2686000000.0,132000000.0,4.16,4.16,1.2233804914370812,15.477272727272727,1.3102758,250.67,116.3018,2.00754,57495.516,27.8564,5.0799,3.1774
2015-03-27,20243000000.0,7612000000.0,4141000000.0,11248000000.0,8989000000.0,3390000000.0,,697000000.0,6131000000.0,2071000000.0,873000000.0,1071000000.0,71000000.0,-15000000.0,2.0,413000000.0,693000000.0,291000000.0,307000000.0,402000000.0,3390000000.0,,13.4089,2.3338,2.0,1180000000.0,0.11914562242741128,0.05290717778985328,0.17468602185614093,0.33779155113358345,0.1423911270592073,0.04312601887072074,0.07052265934243476,0.06556842276953188,0.19246452454738217,0.3771276004004895,1.8382033325283749,13426000000.0,2256000000.0,1927000000.0,4527000000.0,706000000.0,2574000000.0,139000000.0,5.16,5.16,1.317016317016317,13.863309352517986,1.3102758,250.67,116.3018,2.00754,57495.516,27.8564,5.0799,3.1774
2015-06-26,20441000000.0,7736000000.0,4041000000.0,11306000000.0,9129000000.0,3395000000.0,,701000000.0,9249000000.0,3119000000.0,1342000000.0,1380000000.0,104000000.0,85000000.0,3.0,413000000.0,1289000000.0,425000000.0,455000000.0,864000000.0,3395000000.0,,13.159,2.1819,3.0,1797000000.0,0.1511666118961551,0.06751137419891395,0.14920531949399934,0.3372256460157855,0.14509676721807763,0.06565236534416125,0.10715426381347812,0.09341550437885177,0.1942912747324035,0.3718917734691642,1.9143776292996784,12338000000.0,2518000000.0,1745000000.0,4152000000.0,712000000.0,2390000000.0,149000000.0,6.16,6.16,1.4205020920502092,11.711409395973154,1.3102758,250.67,116.3018,2.00754,57495.516,27.8564,5.0799,3.1774
2015-09-25,20608000000.0,7887000000.0,3577000000.0,11023000000.0,9585000000.0,3403000000.0,,3329000000.0,-6613000000.0,-2274000000.0,-943000000.0,-503000000.0,-74000000.0,362000000.0,-1.0,-828000000.0,-364000000.0,-258000000.0,-321000000.0,-622000000.0,3403000000.0,2.2056,9.7138,1.9216,-1.0,-1264000000.0,-0.052477829942618674,-0.024407996894409936,0.07606230152729472,0.3438681385150461,0.14259791320127022,-0.04575892857142857,-0.07260548198336926,0.09405716013911991,0.19113866626342055,0.3550339071465832,2.2049203242941013,12233000000.0,2420000000.0,1749000000.0,4087000000.0,797000000.0,2365000000.0,136000000.0,5.0,5.0,1.4389006342494715,12.860294117647058,1.3102758,250.67,116.3018,2.00754,57495.516,27.8564,5.0799,3.1774
2015-12-25,19223000000.0,6505000000.0,3266000000.0,10646000000.0,8577000000.0,3370000000.0,,2223000000.0,2833000000.0,945000000.0,398000000.0,353000000.0,30000000.0,58000000.0,0.0,390000000.0,366000000.0,139000000.0,146000000.0,227000000.0,3370000000.0,,10.9478,2.0963,0.0,544000000.0,0.041156581555322376,0.018363418821203768,0.12460289445817155,0.33356865513589834,0.14048711613130957,0.020704364563283565,0.03331380262827488,0.0801270737733851,0.19202259089304624,0.3929112743383467,1.9917330067360686,11600000000.0,2301000000.0,1670000000.0,3861000000.0,871000000.0,2257000000.0,131000000.0,4.0,4.0,1.4931324767390342,12.748091603053435,1.3102758,250.67,116.3018,2.00754,57495.516,27.8564,5.0799,3.1774
2016-03-25,17841000000.0,5414000000.0,3097000000.0,10435000000.0,7406000000.0,3732000000.0,,1150000000.0,5785000000.0,1907000000.0,933000000.0,733000000.0,62000000.0,188000000.0,1.0,379000000.0,520000000.0,270000000.0,290000000.0,250000000.0,3732000000.0,,10.8364,1.898,1.0,1223000000.0,0.09897380502295436,0.04108514096743456,0.12670700086430423,0.3296456352636128,0.1612791702679343,0.0522952749285354,0.08376728317471718,0.043215211754537596,0.21140881590319793,0.5039157439913584,1.7481433645463351,11254000000.0,1963000000.0,1730000000.0,3697000000.0,719000000.0,2300000000.0,122000000.0,3.0,3.0,1.622608695652174,14.180327868852459,1.3102758,250.67,116.3018,2.00754,57495.516,27.8564,5.0799,3.1774
2016-06-24,17500000000.0,4929000000.0,3311000000.0,9235000000.0,8265000000.0,3734000000.0,,694000000.0,8906000000.0,2929000000.0,1385000000.0,1572000000.0,93000000.0,-831000000.0,4.0,373000000.0,1238000000.0,420000000.0,438000000.0,818000000.0,3734000000.0,,7.8479,1.724,4.0,1823000000.0,0.19019963702359347,0.08982857142857142,0.17651021783067594,0.3288794071412531,0.15551313721086907,0.07914285714285714,0.11542628552379365,0.09184819222995733,0.20469346507972153,0.4517846339987901,1.4886741165810933,10911000000.0,2155000000.0,1773000000.0,3507000000.0,673000000.0,2326000000.0,111000000.0,4.0,4.0,1.6053310404127257,15.972972972972974,1.3102758,250.67,116.3018,2.00754,57495.516,27.8564,5.0799,3.1774
2016-09-30,17608000000.0,4775000000.0,3066000000.0,9123000000.0,8485000000.0,3739000000.0,331000000.0,647000000.0,-5286000000.0,-1748000000.0,-814000000.0,-649000000.0,-58000000.0,-194000000.0,0.0,-773000000.0,-202000000.0,-201000000.0,-289000000.0,-403000000.0,4070000000.0,1.5574,11.3939,2.0164,0.0,-1103000000.0,-0.07648791985857395,-0.03685824625170377,0.12277714718123345,0.33068482784714337,0.15399167612561482,-0.04622898682417083,-0.0648347272003186,0.0762391222096103,0.20866439651910706,0.47967000589275194,1.5574037834311807,12238000000.0,2009000000.0,1902000000.0,4033000000.0,892000000.0,2487000000.0,127000000.0,5.0,5.0,1.6365098512263772,14.976377952755906,1.3102758,250.67,116.3018,2.00754,57495.516,27.8564,5.0799,3.1774
2016-12-30,17615000000.0,4809000000.0,3513000000.0,8778000000.0,8837000000.0,2976000000.0,1052000000.0,665000000.0,3063000000.0,1065000000.0,486000000.0,409000000.0,31000000.0,54000000.0,1.0,359000000.0,404000000.0,130000000.0,160000000.0,274000000.0,4028000000.0,,11.9216,2.1256,1.0,646000000.0,0.04628267511598959,0.023218847573091117,0.1335292197192295,0.3476983349657199,0.15866797257590598,0.027590122055066703,0.03777691410804508,0.08945478289258897,0.2109043421482207,0.45581079551884124,1.3689154568744664,12468000000.0,2065000000.0,1990000000.0,4153000000.0,939000000.0,2589000000.0,128000000.0,6.0,6.0,1.5558130552336809,15.546875,1.3102758,250.67,116.3018,2.00754,57495.516,27.8564,5.0799,3.1774
2017-03-31,18056000000.0,5146000000.0,3935000000.0,9303000000.0,8753000000.0,3073000000.0,879000000.0,773000000.0,6290000000.0,2173000000.0,959000000.0,814000000.0,63000000.0,93000000.0,2.0,359000000.0,925000000.0,289000000.0,312000000.0,636000000.0,3952000000.0,,12.6733,2.2339,2.0,1271000000.0,0.09299668685022278,0.045081967213114756,0.12941176470588237,0.34546899841017487,0.15246422893481718,0.05311253876827647,0.07548209366391184,0.10111287758346582,0.20206677265500794,0.45150234205415285,1.307750952986023,12973000000.0,2146000000.0,2016000000.0,4419000000.0,1325000000.0,2637000000.0,129000000.0,7.0,7.0,1.4986727341676147,15.627906976744185,1.3102758,250.67,116.3018,2.00754,57495.516,27.8564,5.0799,3.1774
2017-06-30,18520000000.0,5354000000.0,3872000000.0,9379000000.0,9141000000.0,3113000000.0,878000000.0,755000000.0,9657000000.0,3311000000.0,1495000000.0,1249000000.0,95000000.0,164000000.0,3.0,359000000.0,1448000000.0,452000000.0,469000000.0,996000000.0,3991000000.0,,16.5679,2.308,3.0,1964000000.0,0.1366371294169128,0.06744060475161986,0.12933623278450865,0.34286010148079116,0.1548099823961893,0.08072354211663067,0.11384404508071885,0.10313762037899969,0.20337578958268612,0.43660431025051966,1.3827479338842976,13724000000.0,1823000000.0,2126000000.0,4801000000.0,1503000000.0,2778000000.0,131000000.0,6.0,6.0,1.4366450683945284,16.229007633587788,1.3102758,250.67,116.3018,2.00754,57495.516,27.8564,5.0799,3.1774
2017-09-29,19403000000.0,5926000000.0,3847000000.0,9652000000.0,9751000000.0,3634000000.0,710000000.0,1218000000.0,-5897000000.0,-2099000000.0,-893000000.0,-789000000.0,-59000000.0,-56000000.0,-2.0,-719000000.0,-456000000.0,-169000000.0,-306000000.0,-625000000.0,4344000000.0,1.5404,17.4403,2.4089,-2.0,-1199000000.0,-0.0809147779714901,-0.04066381487398856,0.13379684585382398,0.35594370018653554,0.1514329319993217,-0.04602381075091481,-0.06335579992905285,0.10598609462438528,0.20332372392742074,0.4454927699723105,1.5404211073563816,13113000000.0,1683000000.0,2047000000.0,4450000000.0,1281000000.0,2682000000.0,130000000.0,4.0,4.0,1.6196868008948546,15.746153846153845,1.3102758,250.67,116.3018,2.00754,57495.516,27.8564,5.0799,3.1774
2017-12-29,18811000000.0,5733000000.0,3635000000.0,9180000000.0,9631000000.0,3317000000.0,688000000.0,704000000.0,3480000000.0,1177000000.0,581000000.0,-40000000.0,26000000.0,600000000.0,0.0,352000000.0,350000000.0,241000000.0,168000000.0,109000000.0,4005000000.0,,27.0823,2.6826,0.0,749000000.0,-0.0041532551136953585,-0.0021264153952474615,-0.011494252873563218,0.3382183908045977,0.16695402298850576,0.03088618361596938,0.04260780287474333,0.03132183908045977,0.21522988505747126,0.4158446682587478,1.5771664374140302,13530000000.0,1234000000.0,2142000000.0,4562000000.0,1116000000.0,2785000000.0,125000000.0,3.0,3.0,1.4380610412926391,17.136,1.3102758,250.67,116.3018,2.00754,57495.516,27.8564,5.0799,3.1774
2018-03-30,19247000000.0,5960000000.0,4164000000.0,9767000000.0,9480000000.0,3335000000.0,675000000.0,559000000.0,7225000000.0,2420000000.0,1205000000.0,450000000.0,55000000.0,708000000.0,1.0,355000000.0,727000000.0,447000000.0,341000000.0,280000000.0,4010000000.0,,25.7947,2.6595,1.0,1546000000.0,0.04746835443037975,0.023380267054605913,0.06228373702422145,0.3349480968858132,0.16678200692041523,0.0626071595573336,0.08932542624166048,0.03875432525951557,0.21397923875432526,0.4229957805907173,1.431316042267051,14465000000.0,870000000.0,2388000000.0,4809000000.0,760000000.0,3060000000.0,117000000.0,2.0,2.0,1.3104575163398693,20.41025641025641,1.3102758,250.67,116.3018,2.00754,57495.516,27.8564,5.0799,3.1774
2018-06-29,19013000000.0,5941000000.0,4046000000.0,9521000000.0,9492000000.0,3294000000.0,714000000.0,770000000.0,10989000000.0,3637000000.0,1763000000.0,904000000.0,80000000.0,789000000.0,2.0,354000000.0,1527000000.0,686000000.0,514000000.0,841000000.0,4008000000.0,,23.5676,2.3907,2.0,2277000000.0,0.09523809523809523,0.04754641561037185,0.08226408226408226,0.33096733096733094,0.16043316043316044,0.09272602955872297,0.1305925925925926,0.07653107653107653,0.2072072072072072,0.4222503160556258,1.4683638161146813,15797000000.0,525000000.0,2656000000.0,5135000000.0,605000000.0,3373000000.0,102000000.0,1.0,1.0,1.1882597094574563,26.03921568627451,1.3102758,250.67,116.3018,2.00754,57495.516,27.8564,5.0799,3.1774
2018-09-28,20386000000.0,6199000000.0,4410000000.0,9555000000.0,10831000000.0,3037000000.0,963000000.0,848000000.0,-7706000000.0,-2489000000.0,-1218000000.0,1251000000.0,-54000000.0,-2441000000.0,4.27,-708000000.0,-153000000.0,-439000000.0,-356000000.0,-592000000.0,4000000000.0,1.4057,11.9454,2.2429,4.27,-1574000000.0,0.11550180038777583,0.061365643088394,-0.16234103296132885,0.3229950687775759,0.15805865559304438,-0.05974688511723732,-0.082125278133639,0.0768232546067999,0.20425642356605242,0.3693103129904903,1.4056689342403628,13988000000.0,2565000000.0,2331000000.0,4745000000.0,638000000.0,2998000000.0,107000000.0,7.27,7.27,1.33422281521014,21.785046728971963,1.3102758,250.67,116.3018,2.00754,57495.516,27.8564,5.0799,3.1774
2018-12-28,19188000000.0,5378000000.0,3471000000.0,8952000000.0,10236000000.0,3382000000.0,585000000.0,505000000.0,3347000000.0,1114000000.0,484000000.0,276000000.0,27000000.0,78000000.0,0.0,344000000.0,297000000.0,210000000.0,168000000.0,87000000.0,3967000000.0,,8.9003,1.8755,0.0,652000000.0,0.026963657678780773,0.014383989993746092,0.08246190618464297,0.33283537496265314,0.14460711084553332,0.025224098394830103,0.034077307611068086,0.02599342694950702,0.19480131461009859,0.3875537319265338,1.5494093921060212,13855000000.0,2881000000.0,2234000000.0,4682000000.0,616000000.0,2901000000.0,108000000.0,7.27,7.27,1.3674594967252671,20.685185185185187,1.3102758,250.67,116.3018,2.00754,57495.516,27.8564,5.0799,3.1774
2019-03-29,19262000000.0,5446000000.0,3867000000.0,9268000000.0,9994000000.0,3370000000.0,612000000.0,565000000.0,6759000000.0,2232000000.0,1014000000.0,715000000.0,42000000.0,169000000.0,2.09,342000000.0,853000000.0,401000000.0,341000000.0,452000000.0,3982000000.0,,9.6246,2.0143,2.09,1355000000.0,0.07154292575545328,0.03711971757865227,0.10578487942003255,0.33022636484687085,0.15002219263204616,0.052642508566088674,0.07255294791070406,0.0668737978990975,0.20047344281698476,0.39843906343806285,1.408326868373416,13389000000.0,3146000000.0,2043000000.0,4494000000.0,788000000.0,2710000000.0,95000000.0,8.36,8.36,1.4693726937269374,21.50526315789474,1.3102758,250.67,116.3018,2.00754,57495.516,27.8564,5.0799,3.1774
2019-06-28,19748000000.0,5422000000.0,3694000000.0,9126000000.0,10622000000.0,3434000000.0,602000000.0,546000000.0,10148000000.0,3342000000.0,1534000000.0,1472000000.0,55000000.0,-76000000.0,4.0,341000000.0,1544000000.0,570000000.0,515000000.0,974000000.0,4036000000.0,,10.2984,2.4542,4.0,2049000000.0,0.13858030502730181,0.07453919384241442,0.14505321245565628,0.329325975561687,0.1511627906976744,0.07767875227871177,0.10465274935188976,0.09597950335041387,0.2019117067402444,0.37996610807757486,1.4677855982674608,12548000000.0,3714000000.0,1814000000.0,4199000000.0,921000000.0,2482000000.0,70000000.0,10.36,10.36,1.6261079774375504,25.914285714285715,1.3102758,250.67,116.3018,2.00754,57495.516,27.8564,5.0799,3.1774
2019-09-27,19694000000.0,5554000000.0,3540000000.0,9124000000.0,10570000000.0,3395000000.0,570000000.0,927000000.0,-6806000000.0,-2294000000.0,-1054000000.0,-619000000.0,-56000000.0,-186000000.0,-1.0899999999999999,-687000000.0,-272000000.0,-432000000.0,-334000000.0,-704000000.0,3965000000.0,1.5689,16.8897,2.3159,-1.0899999999999999,-1388000000.0,-0.05856196783349101,-0.03143089265766223,0.09094916250367323,0.3370555392300911,0.1548633558624743,-0.053518838224840055,-0.07251461988304093,0.10343814281516309,0.20393770202762268,0.3751182592242195,1.5689265536723165,13448000000.0,1844000000.0,1978000000.0,4394000000.0,809000000.0,2668000000.0,68000000.0,5.0,5.0,1.4861319340329835,29.08823529411765,1.3102758,250.67,116.3018,2.00754,57495.516,27.8564,5.0799,3.1774
2019-12-27,19976000000.0,5566000000.0,3404000000.0,9419000000.0,10557000000.0,3412000000.0,561000000.0,742000000.0,3168000000.0,1030000000.0,471000000.0,26000000.0,12000000.0,447000000.0,0.0,337000000.0,411000000.0,176000000.0,174000000.0,235000000.0,3973000000.0,,20.0412,2.4075,0.0,645000000.0,0.0024628208771431278,0.001301561874249099,0.008207070707070708,0.32512626262626265,0.14867424242424243,0.02357829395274329,0.03241569167240193,0.07417929292929293,0.20359848484848486,0.37633797480344794,1.635135135135135,13269000000.0,1594000000.0,1965000000.0,4310000000.0,957000000.0,2661000000.0,53000000.0,5.0,5.0,1.4930477264186397,37.075471698113205,1.3102758,250.67,116.3018,2.00754,57495.516,27.8564,5.0799,3.1774
2020-03-27,19367000000.0,5715000000.0,3959000000.0,10196000000.0,9066000000.0,3752000000.0,603000000.0,796000000.0,6363000000.0,2059000000.0,56000000.0,-430000000.0,23000000.0,489000000.0,-1.0,334000000.0,892000000.0,309000000.0,354000000.0,583000000.0,4355000000.0,,29.7351,1.5925,-1.0,410000000.0,-0.04742995808515332,-0.02220271596013838,-0.06757818639006757,0.3235895018073236,0.0088008800880088,0.0028915164971343005,0.004172565382609344,0.09162344805909162,0.06443501493006444,0.4803662033973086,1.4435463500884063,12873000000.0,449000000.0,1007000000.0,4137000000.0,1088000000.0,1716000000.0,34000000.0,1.9100000000000001,1.9100000000000001,2.537878787878788,29.61764705882353,1.3102758,250.67,116.3018,2.00754,57495.516,27.8564,5.0799,3.1774
2020-06-26,18840000000.0,5319000000.0,3727000000.0,9696000000.0,9036000000.0,3395000000.0,691000000.0,474000000.0,8911000000.0,2766000000.0,190000000.0,-471000000.0,36000000.0,674000000.0,-1.0,333000000.0,1272000000.0,439000000.0,530000000.0,833000000.0,4086000000.0,,,2.1263,-1.0,720000000.0,-0.05212483399734396,-0.025,-0.052856020648636516,0.3104028728537762,0.021321961620469083,0.010084925690021231,0.014479500076207895,0.09347996857816182,0.08079901245651443,0.45219123505976094,1.4271532063321706,11636000000.0,-1494000000.0,-337000000.0,3561000000.0,947000000.0,387000000.0,15000000.0,-3.09,-3.09,10.55813953488372,-22.466666666666665,1.3102758,250.67,116.3018,2.00754,57495.516,27.8564,5.0799,3.1774
2020-09-25,19242000000.0,5784000000.0,3690000000.0,9747000000.0,9383000000.0,3452000000.0,694000000.0,945000000.0,-6270000000.0,-2120000000.0,-180000000.0,634000000.0,-23000000.0,-827000000.0,2.0,-672000000.0,-583000000.0,-364000000.0,-347000000.0,-947000000.0,4146000000.0,1.5675,,2.5908,2.0,-527000000.0,0.06756900778002771,0.03294875792537158,-0.10111642743221691,0.33811802232854865,0.028708133971291867,-0.009354536950420954,-0.013304752753344667,0.15103668261563,0.08405103668261563,0.441862943621443,1.5674796747967479,12172000000.0,-241000000.0,537000000.0,3735000000.0,704000000.0,1248000000.0,48000000.0,0.0,0.0,3.3221153846153846,11.1875,1.3102758,250.67,116.3018,2.00754,57495.516,27.8564,5.0799,3.1774
2020-12-25,20266000000.0,6481000000.0,4083000000.0,10287000000.0,9861000000.0,3516000000.0,685000000.0,1098000000.0,3522000000.0,1146000000.0,448000000.0,381000000.0,15000000.0,60000000.0,1.14,333000000.0,640000000.0,142000000.0,187000000.0,498000000.0,4201000000.0,,347.9175,3.1664,1.14,635000000.0,0.03863705506540919,0.01879996052501727,0.10817717206132879,0.32538330494037476,0.12720045428733673,0.02210599032862923,0.031858910539041385,0.141396933560477,0.18029528676888132,0.42602170165297637,1.5873132500612295,12526000000.0,114000000.0,514000000.0,3851000000.0,967000000.0,1238000000.0,51000000.0,1.14,1.14,3.3933764135702744,10.07843137254902,1.3102758,250.67,116.3018,2.00754,57495.516,27.8564,5.0799,3.1774
2021-03-26,20967000000.0,7422000000.0,5039000000.0,11184000000.0,9669000000.0,3602000000.0,919000000.0,1748000000.0,7260000000.0,2356000000.0,1060000000.0,887000000.0,28000000.0,166000000.0,2.66,333000000.0,1220000000.0,284000000.0,380000000.0,936000000.0,4521000000.0,,39.5909,3.2596,2.66,1440000000.0,0.09173647740200641,0.04230457385415176,0.1221763085399449,0.3245179063360882,0.14600550964187328,0.05055563504554777,0.07470049330514447,0.12892561983471074,0.19834710743801653,0.46757679180887374,1.4729112919230005,13423000000.0,1431000000.0,1518000000.0,4148000000.0,1320000000.0,2268000000.0,56000000.0,4.8,4.8,1.9933862433862435,27.107142857142858,1.3102758,250.67,116.3018,2.00754,57495.516,27.8564,5.0799,3.1774
2021-06-25,21058000000.0,7394000000.0,4662000000.0,10896000000.0,10046000000.0,3629000000.0,505000000.0,1416000000.0,11105000000.0,3624000000.0,1774000000.0,1467000000.0,42000000.0,290000000.0,4.41,333000000.0,1902000000.0,454000000.0,590000000.0,1448000000.0,4134000000.0,,26.0366,3.0756,4.41,2364000000.0,0.14602826995819232,0.06966473549244942,0.13210265646105357,0.32633948671769475,0.15974786132372806,0.08424351790293474,0.12510578279266574,0.13039171544349393,0.2128770823953174,0.4115070674895481,1.586014586014586,15617000000.0,3369000000.0,3102000000.0,5006000000.0,1935000000.0,3912000000.0,62000000.0,10.21,10.21,1.0567484662576687,50.03225806451613,1.3102758,250.67,116.3018,2.00754,57495.516,27.8564,5.0799,3.1774
2021-09-24,21462000000.0,7263000000.0,4656000000.0,10714000000.0,10634000000.0,3589000000.0,503000000.0,1203000000.0,-6964000000.0,-2239000000.0,-848000000.0,-474000000.0,-29000000.0,-393000000.0,-1.4200000000000008,-666000000.0,-1086000000.0,-190000000.0,-388000000.0,-1276000000.0,4092000000.0,1.5599,20.8969,3.1661,-1.4200000000000008,-1236000000.0,-0.044574007899191276,-0.02208554654738608,0.06806433084434234,0.3215106260769673,0.12176909821941413,-0.0395116950889945,-0.05758522341436914,0.18322802986789202,0.17748420448018382,0.3848034605980816,1.5599226804123711,14923000000.0,2261000000.0,2434000000.0,4887000000.0,1606000000.0,3203000000.0,56000000.0,6.789999999999999,6.789999999999999,1.2775522947236966,43.464285714285715,1.3102758,250.67,116.3018,2.00754,57495.516,27.8564,5.0799,3.1774
2021-12-24,21409000000.0,7244000000.0,4274000000.0,10281000000.0,11020000000.0,3519000000.0,484000000.0,982000000.0,3818000000.0,1230000000.0,672000000.0,566000000.0,12000000.0,110000000.0,1.72,330000000.0,532000000.0,172000000.0,198000000.0,360000000.0,4003000000.0,,21.7173,3.4904,1.72,870000000.0,0.05136116152450091,0.026437479564669065,0.14824515453116816,0.322158198009429,0.17600838135149294,0.03138866831706292,0.04473141183518605,0.09429020429544265,0.2278679937139864,0.3632486388384755,1.6948993916705661,15219000000.0,2446000000.0,2658000000.0,4971000000.0,1468000000.0,3438000000.0,53000000.0,7.369999999999999,7.369999999999999,1.1643397324025597,50.15094339622642,1.3102758,250.67,116.3018,2.00754,57495.516,27.8564,5.0799,3.1774
2022-03-25,21451000000.0,7417000000.0,5046000000.0,10902000000.0,10442000000.0,3441000000.0,610000000.0,749000000.0,7825000000.0,2567000000.0,1377000000.0,1126000000.0,30000000.0,246000000.0,3.43,328000000.0,945000000.0,351000000.0,392000000.0,594000000.0,4051000000.0,,17.2216,2.7798,3.43,1769000000.0,0.10783374832407584,0.05249172532749056,0.14389776357827477,0.32805111821086264,0.17597444089456868,0.06419281152393828,0.0950113848064583,0.07591054313099041,0.2260702875399361,0.3879524995211645,1.469877130400317,15784000000.0,2685000000.0,2975000000.0,5182000000.0,1126000000.0,3767000000.0,55000000.0,8.14,8.14,1.0753915582691798,54.09090909090909,1.3102758,250.67,116.3018,2.00754,57495.516,27.8564,5.0799,3.1774
2022-06-24,21348000000.0,7583000000.0,5058000000.0,10811000000.0,10434000000.0,3380000000.0,822000000.0,820000000.0,11922000000.0,3895000000.0,2096000000.0,1720000000.0,48000000.0,362000000.0,5.26,327000000.0,1524000000.0,556000000.0,597000000.0,968000000.0,4202000000.0,,15.0886,2.41,5.26,2693000000.0,0.16484569676059038,0.08056960839422897,0.14427109545378292,0.3267069283677235,0.17580942794833082,0.09818249953157204,0.14320852691992347,0.08119443046468713,0.22588491863781246,0.4027218708069772,1.4992091735863977,16601000000.0,2938000000.0,3297000000.0,5453000000.0,646000000.0,4096000000.0,61000000.0,8.989999999999998,8.989999999999998,1.02587890625,54.049180327868854,1.3102758,250.67,116.3018,2.00754,57495.516,27.8564,5.0799,3.1774
2022-09-30,20782000000.0,7268000000.0,4632000000.0,9885000000.0,10802000000.0,3292000000.0,914000000.0,1088000000.0,-7284000000.0,-2448000000.0,-1389000000.0,-984000000.0,-24000000.0,-412000000.0,-3.41,-660000000.0,-533000000.0,-311000000.0,-402000000.0,-844000000.0,4206000000.0,1.5691,14.4578,2.1561,-3.41,-1791000000.0,-0.09109424180707276,-0.04734866711577326,0.13509060955518945,0.33607907742998355,0.19069192751235584,-0.0668366855933019,-0.09255063965884862,0.1158704008786381,0.2458813838550247,0.3893723384558415,1.569084628670121,16281000000.0,2428000000.0,2756000000.0,5244000000.0,1078000000.0,3541000000.0,66000000.0,7.000000000000001,7.000000000000001,1.18780005648122,41.75757575757576,1.3102758,250.67,116.3018,2.00754,57495.516,27.8564,5.0799,3.1774
2022-12-30,21353000000.0,7318000000.0,4420000000.0,9885000000.0,11364000000.0,3398000000.0,820000000.0,793000000.0,3841000000.0,1187000000.0,502000000.0,397000000.0,21000000.0,87000000.0,1.0,319000000.0,581000000.0,183000000.0,187000000.0,398000000.0,4218000000.0,,16.1213,2.2337,1.0,689000000.0,0.03493488208377332,0.018592235283098394,0.1033585003905233,0.3090341057016402,0.1306951314761781,0.023509577108603005,0.03221666024900526,0.10361884925800573,0.1793803696953918,0.37117212249208026,1.655656108597285,16304000000.0,2259000000.0,2586000000.0,5201000000.0,1116000000.0,3360000000.0,75000000.0,6.28,6.28,1.2553571428571428,34.48,1.3102758,250.67,116.3018,2.00754,57495.516,27.8564,5.0799,3.1774
2023-03-31,21490000000.0,7439000000.0,4393000000.0,10364000000.0,11020000000.0,3916000000.0,286000000.0,905000000.0,8001000000.0,2471000000.0,1039000000.0,830000000.0,41000000.0,187000000.0,2.0,319000000.0,1215000000.0,372000000.0,394000000.0,843000000.0,4202000000.0,,19.4029,2.5136,2.0,1433000000.0,0.07531760435571688,0.03862261516984644,0.10373703287089114,0.3088363954505687,0.12985876765404325,0.048348068869241506,0.06825647089738536,0.10536182977127859,0.1791026121734783,0.3813067150635209,1.693375825176417,16480000000.0,1963000000.0,2248000000.0,5105000000.0,1365000000.0,3024000000.0,86000000.0,4.85,4.85,1.3895502645502646,26.13953488372093,1.3102758,250.67,116.3018,2.00754,57495.516,27.8564,5.0799,3.1774
2023-06-30,21701000000.0,7649000000.0,4258000000.0,10245000000.0,11349000000.0,3915000000.0,291000000.0,1131000000.0,11999000000.0,3770000000.0,1669000000.0,1358000000.0,61000000.0,283000000.0,4.0,318000000.0,1994000000.0,538000000.0,594000000.0,1456000000.0,4206000000.0,,21.3156,2.6921,4.0,2263000000.0,0.11965811965811966,0.06257776139348417,0.11317609800816734,0.314192849404117,0.13909492457704808,0.07690889820745588,0.10729668916747026,0.12134344528710726,0.18859904992082674,0.37060533967750464,1.7963832785345233,16557000000.0,1601000000.0,1821000000.0,4980000000.0,1853000000.0,2594000000.0,99000000.0,3.59,3.59,1.6214340786430224,18.393939393939394,1.3102758,250.67,116.3018,2.00754,57495.516,27.8564,5.0799,3.1774
2023-09-29,21712000000.0,7892000000.0,4463000000.0,10057000000.0,11551000000.0,3529000000.0,682000000.0,1661000000.0,-7807000000.0,-2373000000.0,-906000000.0,-675000000.0,-43000000.0,-193000000.0,-1.0,-639000000.0,-658000000.0,-361000000.0,-381000000.0,-1019000000.0,4211000000.0,1.7683,20.3041,2.4187,-1.0,-1287000000.0,-0.0584364990044152,-0.03108879882092852,0.08646086845138978,0.3039579864224414,0.11604969898808762,-0.041728076639646276,-0.0574800152264941,0.13052388881772767,0.16485205584731652,0.3645571811964332,1.768317275375308,16034000000.0,1910000000.0,2304000000.0,5055000000.0,1678000000.0,3098000000.0,80000000.0,6.0,6.0,1.3592640413169788,28.8,1.3102758,250.67,116.3018,2.00754,57495.516,27.8564,5.0799,3.1774
2023-12-29,23071000000.0,7441000000.0,4011000000.0,9822000000.0,13136000000.0,3585000000.0,613000000.0,1170000000.0,3831000000.0,1324000000.0,698000000.0,1803000000.0,18000000.0,-1105000000.0,5.0,313000000.0,719000000.0,151000000.0,194000000.0,568000000.0,4198000000.0,,13.1102,2.713,5.0,892000000.0,0.1372563946406821,0.07815005851501886,0.4706342991386061,0.34560167058209346,0.18219785956669277,0.030254431970872523,0.0402676820122303,0.1482641607935265,0.2328373792743409,0.3195797807551766,1.8551483420593369,16024000000.0,3316000000.0,2500000000.0,5192000000.0,1848000000.0,3301000000.0,77000000.0,10.0,10.0,1.2717358376249621,32.467532467532465,1.3102758,250.67,116.3018,2.00754,57495.516,27.8564,5.0799,3.1774
2024-03-29,22824000000.0,7504000000.0,5163000000.0,10264000000.0,12449000000.0,2961000000.0,1235000000.0,1176000000.0,7798000000.0,2687000000.0,1390000000.0,,37000000.0,-959000000.0,7.0,311000000.0,1429000000.0,318000000.0,386000000.0,1111000000.0,4196000000.0,,13.0987,2.833,7.0,1776000000.0,,,,0.34457553218774045,0.17825083354706334,0.06090080616894497,0.0835085611294683,0.1424724288279046,0.2277507053090536,0.33705518515543414,1.4534185551036218,15821000000.0,,2851000000.0,5408000000.0,2116000000.0,3644000000.0,73000000.0,15.0,15.0,1.1514818880351263,39.054794520547944,1.3102758,250.67,116.3018,2.00754,57495.516,27.8564,5.0799,3.1774
2024-06-28,22898000000.0,7713000000.0,5117000000.0,10143000000.0,12632000000.0,2953000000.0,1249000000.0,1469000000.0,11777000000.0,4073000000.0,2145000000.0,,,-778000000.0,9.0,310000000.0,2435000000.0,467000000.0,594000000.0,1968000000.0,4202000000.0,,13.202,2.8964,9.0,2739000000.0,,,,0.3458435934448501,0.1821346692706122,0.09367630360730195,0.1274206962100511,0.167105374883247,0.23257196229939714,0.33264724509183025,1.507328512800469,15599000000.0,,3327000000.0,5711000000.0,2628000000.0,4120000000.0,,20.0,20.0,1.0199029126213592,,1.3102758,250.67,116.3018,2.00754,57495.516,27.8564,5.0799,3.1774
2024-09-27,22854000000.0,7631000000.0,4746000000.0,10368000000.0,12355000000.0,3332000000.0,871000000.0,1319000000.0,-7561000000.0,-2628000000.0,-1437000000.0,,,2445000000.0,-11.0,-625000000.0,-1106000000.0,-256000000.0,-348000000.0,-1362000000.0,4203000000.0,1.6079,14.2041,2.8623,-11.0,-1785000000.0,,,,0.3475730723449279,0.1900542256315302,-0.06287739564190076,-0.08678584370093007,0.18013490279063615,0.23607988361327867,0.34018615944961555,1.6078803202697007,15845000000.0,,2796000000.0,5456000000.0,2285000000.0,3622000000.0,,10.0,10.0,1.1604086140254004,,1.3102758,250.67,116.3018,2.00754,57495.516,27.8564,5.0799,3.1774
2024-12-27,22441000000.0,7519000000.0,4473000000.0,9908000000.0,12409000000.0,3285000000.0,920000000.0,1254000000.0,3836000000.0,1360000000.0,690000000.0,,,178000000.0,1.0,301000000.0,878000000.0,205000000.0,186000000.0,673000000.0,4205000000.0,,22.6134,2.7364,1.0,876000000.0,,,,0.3545359749739312,0.17987486965589156,0.030747292901385857,0.0415312387143373,0.17544316996871742,0.2283628779979145,0.3388669514062374,1.6809747373127655,15850000000.0,,2788000000.0,5492000000.0,2390000000.0,3606000000.0,,6.0,6.0,1.166112035496395,,1.3102758,250.67,116.3018,2.00754,57495.516,27.8564,5.0799,3.1774
2025-03-28,23656000000.0,9074000000.0,5999000000.0,11439000000.0,12085000000.0,3263000000.0,2351000000.0,2554000000.0,7979000000.0,2819000000.0,1438000000.0,,,920000000.0,1.0,301000000.0,1531000000.0,435000000.0,378000000.0,1096000000.0,5614000000.0,,30.3828,2.6352,1.0,1816000000.0,,,,0.3533024188494799,0.1802230855996992,0.06078796077105174,0.08124752810893271,0.137360571500188,0.22759744328863266,0.4645428216797683,1.512585430905151,16031000000.0,,2836000000.0,5624000000.0,2375000000.0,3646000000.0,,0.0,0.0,1.53976961053209,,1.3102758,250.67,116.3018,2.00754,57495.516,27.8564,5.0799,3.1774
2025-06-27,24866000000.0,7605000000.0,4988000000.0,12342000000.0,12381000000.0,4846000000.0,851000000.0,672000000.0,12513000000.0,4419000000.0,2295000000.0,,,1128000000.0,3.0,300000000.0,2718000000.0,665000000.0,594000000.0,2053000000.0,5697000000.0,,33.9291,2.9773,3.0,2889000000.0,,,,0.3531527211699832,0.18340925437544953,0.09229469958980134,0.1269498838367076,0.16406936785742826,0.23087988491968353,0.460140537921008,1.5246591820368884,16767000000.0,,2986000000.0,5970000000.0,2460000000.0,3796000000.0,,-6.0,-6.0,1.5007903055848262,,1.3102758,250.67,116.3018,2.00754,57495.516,27.8564,5.0799,3.1774
2025-09-26,25081000000.0,7966000000.0,5120000000.0,12351000000.0,12585000000.0,4842000000.0,852000000.0,1255000000.0,-7066000000.0,-2519000000.0,-1212000000.0,,,-865000000.0,1.0,-603000000.0,-988000000.0,-369000000.0,-320000000.0,-1357000000.0,5694000000.0,1.5559,34.7073,3.7036,1.0,-1532000000.0,,,,0.35649589583923014,0.17152561562411547,-0.048323432080060603,-0.06630559658624652,0.19204641947353523,0.21681290687800736,0.45244338498212155,1.555859375,17262000000.0,,3211000000.0,6079000000.0,2465000000.0,4049000000.0,,6.0,6.0,1.4062731538651518,,1.3102758,250.67,116.3018,2.00754,57495.516,27.8564,5.0799,3.1774
2025-12-26,25552000000.0,8368000000.0,5069000000.0,12416000000.0,12987000000.0,4856000000.0,852000000.0,1251000000.0,4669000000.0,1739000000.0,963000000.0,,,210000000.0,2.0,297000000.0,865000000.0,258000000.0,259000000.0,607000000.0,5708000000.0,,33.1376,3.7798,2.0,1222000000.0,,,,0.37245662882844294,0.20625401584921824,0.03768785222291797,0.05151109922439155,0.1300064253587492,0.26172627971728424,0.43951643951643954,1.6508187019135925,18095000000.0,,3484000000.0,6458000000.0,2399000000.0,4395000000.0,,7.0,7.0,1.2987485779294654,,1.3102758,250.67,116.3018,2.00754,57495.516,27.8564,5.0799,3.1774
