run_id,entry_date,candidate_train_years,ticker,eligible,reason,in_fold_base_universe,has_snapshot_in_analysis_quarter,passes_sp500_entry_filter,passes_history_filter
2025Q4,2026-02-14,5,A,True,eligible,True,True,True,True
2025Q4,2026-02-14,5,AAL,False,not_member_sp500_on_entry,False,True,False,False
2025Q4,2026-02-14,5,AAP,False,not_member_sp500_on_entry,False,True,False,False
2025Q4,2026-02-14,5,AAPL,True,eligible,True,True,True,True
2025Q4,2026-02-14,5,ABBV,True,eligible,True,True,True,True
2025Q4,2026-02-14,5,ABNB,False,insufficient_train_history,True,True,True,False
2025Q4,2026-02-14,5,ABT,True,eligible,True,True,True,True
2025Q4,2026-02-14,5,ACGL,True,eligible,True,True,True,True
2025Q4,2026-02-14,5,ACN,True,eligible,True,True,True,True
2025Q4,2026-02-14,5,ADBE,True,eligible,True,True,True,True
2025Q4,2026-02-14,5,ADI,True,eligible,True,True,True,True
2025Q4,2026-02-14,5,ADM,True,eligible,True,True,True,True
2025Q4,2026-02-14,5,ADP,True,eligible,True,True,True,True
2025Q4,2026-02-14,5,ADSK,True,eligible,True,True,True,True
2025Q4,2026-02-14,5,AEE,True,eligible,True,True,True,True
2025Q4,2026-02-14,5,AEP,False,insufficient_train_history,True,True,True,False
2025Q4,2026-02-14,5,AES,True,eligible,True,True,True,True
2025Q4,2026-02-14,5,AET,False,not_member_sp500_on_entry,False,True,False,False
2025Q4,2026-02-14,5,AFL,True,eligible,True,True,True,True
2025Q4,2026-02-14,5,AIG,True,eligible,True,True,True,True
2025Q4,2026-02-14,5,AIV,False,not_member_sp500_on_entry,False,True,False,False
2025Q4,2026-02-14,5,AIZ,True,eligible,True,True,True,True
2025Q4,2026-02-14,5,AJG,True,eligible,True,True,True,True
2025Q4,2026-02-14,5,AKAM,True,eligible,True,True,True,True
2025Q4,2026-02-14,5,ALB,True,eligible,True,True,True,True
2025Q4,2026-02-14,5,ALGN,True,eligible,True,True,True,True
2025Q4,2026-02-14,5,ALK,False,not_member_sp500_on_entry,False,True,False,False
2025Q4,2026-02-14,5,ALL,True,eligible,True,True,True,True
2025Q4,2026-02-14,5,ALLE,True,eligible,True,True,True,True
2025Q4,2026-02-14,5,AMAT,True,eligible,True,True,True,True
2025Q4,2026-02-14,5,AMCR,True,eligible,True,True,True,True
2025Q4,2026-02-14,5,AMD,True,eligible,True,True,True,True
2025Q4,2026-02-14,5,AME,True,eligible,True,True,True,True
2025Q4,2026-02-14,5,AMG,False,not_member_sp500_on_entry,False,True,False,False
2025Q4,2026-02-14,5,AMGN,True,eligible,True,True,True,True
2025Q4,2026-02-14,5,AMP,True,eligible,True,True,True,True
2025Q4,2026-02-14,5,AMT,True,eligible,True,True,True,True
2025Q4,2026-02-14,5,AMTM,False,not_member_sp500_on_entry,False,True,False,False
2025Q4,2026-02-14,5,AMZN,True,eligible,True,True,True,True
2025Q4,2026-02-14,5,ANET,True,eligible,True,True,True,True
2025Q4,2026-02-14,5,AON,True,eligible,True,True,True,True
2025Q4,2026-02-14,5,AOS,True,eligible,True,True,True,True
2025Q4,2026-02-14,5,APA,True,eligible,True,True,True,True
2025Q4,2026-02-14,5,APD,True,eligible,True,True,True,True
2025Q4,2026-02-14,5,APH,True,eligible,True,True,True,True
2025Q4,2026-02-14,5,APO,False,insufficient_train_history,True,True,True,False
2025Q4,2026-02-14,5,APP,False,insufficient_train_history,True,True,True,False
2025Q4,2026-02-14,5,APTV,True,eligible,True,True,True,True
2025Q4,2026-02-14,5,ARE,True,eligible,True,True,True,True
2025Q4,2026-02-14,5,ARES,True,eligible,True,True,True,True
2025Q4,2026-02-14,5,ATO,True,eligible,True,True,True,True
2025Q4,2026-02-14,5,AVB,True,eligible,True,True,True,True
2025Q4,2026-02-14,5,AVGO,True,eligible,True,True,True,True
2025Q4,2026-02-14,5,AVY,True,eligible,True,True,True,True
2025Q4,2026-02-14,5,AWK,True,eligible,True,True,True,True
2025Q4,2026-02-14,5,AXON,True,eligible,True,True,True,True
2025Q4,2026-02-14,5,AXP,True,eligible,True,True,True,True
2025Q4,2026-02-14,5,AZO,True,eligible,True,True,True,True
2025Q4,2026-02-14,5,BA,True,eligible,True,True,True,True
2025Q4,2026-02-14,5,BAC,True,eligible,True,True,True,True
2025Q4,2026-02-14,5,BALL,True,eligible,True,True,True,True
2025Q4,2026-02-14,5,BAX,True,eligible,True,True,True,True
2025Q4,2026-02-14,5,BBWI,False,not_member_sp500_on_entry,False,True,False,False
2025Q4,2026-02-14,5,BBY,True,eligible,True,True,True,True
2025Q4,2026-02-14,5,BDX,True,eligible,True,True,True,True
2025Q4,2026-02-14,5,BEN,True,eligible,True,True,True,True
2025Q4,2026-02-14,5,BF-B,False,insufficient_train_history,True,True,True,False
2025Q4,2026-02-14,5,BG,True,eligible,True,True,True,True
2025Q4,2026-02-14,5,BHF,False,not_member_sp500_on_entry,False,True,False,False
2025Q4,2026-02-14,5,BIIB,True,eligible,True,True,True,True
2025Q4,2026-02-14,5,BIO,False,not_member_sp500_on_entry,False,True,False,False
2025Q4,2026-02-14,5,BK,True,eligible,True,True,True,True
2025Q4,2026-02-14,5,BKNG,True,eligible,True,True,True,True
2025Q4,2026-02-14,5,BKR,True,eligible,True,True,True,True
2025Q4,2026-02-14,5,BLDR,True,eligible,True,True,True,True
2025Q4,2026-02-14,5,BLK,True,eligible,True,True,True,True
2025Q4,2026-02-14,5,BMY,True,eligible,True,True,True,True
2025Q4,2026-02-14,5,BR,True,eligible,True,True,True,True
2025Q4,2026-02-14,5,BRK-B,True,eligible,True,True,True,True
2025Q4,2026-02-14,5,BRO,True,eligible,True,True,True,True
2025Q4,2026-02-14,5,BSX,True,eligible,True,True,True,True
2025Q4,2026-02-14,5,BWA,False,not_member_sp500_on_entry,False,True,False,False
2025Q4,2026-02-14,5,BX,True,eligible,True,True,True,True
2025Q4,2026-02-14,5,BXP,True,eligible,True,True,True,True
2025Q4,2026-02-14,5,C,True,eligible,True,True,True,True
2025Q4,2026-02-14,5,CAG,True,eligible,True,True,True,True
2025Q4,2026-02-14,5,CAH,True,eligible,True,True,True,True
2025Q4,2026-02-14,5,CARR,True,eligible,True,True,True,True
2025Q4,2026-02-14,5,CAT,True,eligible,True,True,True,True
2025Q4,2026-02-14,5,CB,True,eligible,True,True,True,True
2025Q4,2026-02-14,5,CBOE,True,eligible,True,True,True,True
2025Q4,2026-02-14,5,CBRE,True,eligible,True,True,True,True
2025Q4,2026-02-14,5,CCI,True,eligible,True,True,True,True
2025Q4,2026-02-14,5,CCL,False,insufficient_train_history,True,True,True,False
2025Q4,2026-02-14,5,CDNS,True,eligible,True,True,True,True
2025Q4,2026-02-14,5,CDW,True,eligible,True,True,True,True
2025Q4,2026-02-14,5,CE,False,not_member_sp500_on_entry,False,True,False,False
2025Q4,2026-02-14,5,CEG,False,insufficient_train_history,True,True,True,False
2025Q4,2026-02-14,5,CF,True,eligible,True,True,True,True
2025Q4,2026-02-14,5,CFG,True,eligible,True,True,True,True
2025Q4,2026-02-14,5,CHD,True,eligible,True,True,True,True
2025Q4,2026-02-14,5,CHRW,True,eligible,True,True,True,True
2025Q4,2026-02-14,5,CHTR,True,eligible,True,True,True,True
2025Q4,2026-02-14,5,CI,True,eligible,True,True,True,True
2025Q4,2026-02-14,5,CINF,True,eligible,True,True,True,True
2025Q4,2026-02-14,5,CL,True,eligible,True,True,True,True
2025Q4,2026-02-14,5,CLX,True,eligible,True,True,True,True
2025Q4,2026-02-14,5,CMCSA,True,eligible,True,True,True,True
2025Q4,2026-02-14,5,CME,True,eligible,True,True,True,True
2025Q4,2026-02-14,5,CMG,True,eligible,True,True,True,True
2025Q4,2026-02-14,5,CMI,True,eligible,True,True,True,True
2025Q4,2026-02-14,5,CMS,False,insufficient_train_history,True,True,True,False
2025Q4,2026-02-14,5,CNC,True,eligible,True,True,True,True
2025Q4,2026-02-14,5,CNP,True,eligible,True,True,True,True
2025Q4,2026-02-14,5,COF,True,eligible,True,True,True,True
2025Q4,2026-02-14,5,COIN,False,insufficient_train_history,True,True,True,False
2025Q4,2026-02-14,5,COL,False,out_of_fold_base_universe,False,False,False,False
2025Q4,2026-02-14,5,COO,True,eligible,True,True,True,True
2025Q4,2026-02-14,5,COP,True,eligible,True,True,True,True
2025Q4,2026-02-14,5,COR,True,eligible,True,True,True,True
2025Q4,2026-02-14,5,COST,True,eligible,True,True,True,True
2025Q4,2026-02-14,5,COTY,False,not_member_sp500_on_entry,False,True,False,False
2025Q4,2026-02-14,5,CPAY,False,insufficient_train_history,True,True,True,False
2025Q4,2026-02-14,5,CPB,True,eligible,True,True,True,True
2025Q4,2026-02-14,5,CPRI,False,not_member_sp500_on_entry,False,True,False,False
2025Q4,2026-02-14,5,CPRT,True,eligible,True,True,True,True
2025Q4,2026-02-14,5,CPT,True,eligible,True,True,True,True
2025Q4,2026-02-14,5,CRH,False,insufficient_train_history,True,True,True,False
2025Q4,2026-02-14,5,CRL,True,eligible,True,True,True,True
2025Q4,2026-02-14,5,CRM,True,eligible,True,True,True,True
2025Q4,2026-02-14,5,CRWD,True,eligible,True,True,True,True
2025Q4,2026-02-14,5,CSCO,True,eligible,True,True,True,True
2025Q4,2026-02-14,5,CSGP,True,eligible,True,True,True,True
2025Q4,2026-02-14,5,CSX,True,eligible,True,True,True,True
2025Q4,2026-02-14,5,CTAS,True,eligible,True,True,True,True
2025Q4,2026-02-14,5,CTRA,True,eligible,True,True,True,True
2025Q4,2026-02-14,5,CTSH,True,eligible,True,True,True,True
2025Q4,2026-02-14,5,CTVA,True,eligible,True,True,True,True
2025Q4,2026-02-14,5,CVNA,True,eligible,True,True,True,True
2025Q4,2026-02-14,5,CVS,True,eligible,True,True,True,True
2025Q4,2026-02-14,5,CVX,True,eligible,True,True,True,True
2025Q4,2026-02-14,5,CZR,False,not_member_sp500_on_entry,False,True,False,False
2025Q4,2026-02-14,5,D,False,insufficient_train_history,True,True,True,False
2025Q4,2026-02-14,5,DAL,True,eligible,True,True,True,True
2025Q4,2026-02-14,5,DASH,False,insufficient_train_history,True,True,True,False
2025Q4,2026-02-14,5,DAY,False,insufficient_train_history,True,True,True,False
2025Q4,2026-02-14,5,DD,True,eligible,True,True,True,True
2025Q4,2026-02-14,5,DDOG,True,eligible,True,True,True,True
2025Q4,2026-02-14,5,DE,True,eligible,True,True,True,True
2025Q4,2026-02-14,5,DECK,True,eligible,True,True,True,True
2025Q4,2026-02-14,5,DELL,True,eligible,True,True,True,True
2025Q4,2026-02-14,5,DG,True,eligible,True,True,True,True
2025Q4,2026-02-14,5,DGX,True,eligible,True,True,True,True
2025Q4,2026-02-14,5,DHI,True,eligible,True,True,True,True
2025Q4,2026-02-14,5,DHR,True,eligible,True,True,True,True
2025Q4,2026-02-14,5,DIS,True,eligible,True,True,True,True
2025Q4,2026-02-14,5,DLR,True,eligible,True,True,True,True
2025Q4,2026-02-14,5,DLTR,True,eligible,True,True,True,True
2025Q4,2026-02-14,5,DOC,True,eligible,True,True,True,True
2025Q4,2026-02-14,5,DOV,True,eligible,True,True,True,True
2025Q4,2026-02-14,5,DOW,True,eligible,True,True,True,True
2025Q4,2026-02-14,5,DPZ,True,eligible,True,True,True,True
2025Q4,2026-02-14,5,DRI,True,eligible,True,True,True,True
2025Q4,2026-02-14,5,DTE,False,insufficient_train_history,True,True,True,False
2025Q4,2026-02-14,5,DUK,False,insufficient_train_history,True,True,True,False
2025Q4,2026-02-14,5,DVA,True,eligible,True,True,True,True
2025Q4,2026-02-14,5,DVN,True,eligible,True,True,True,True
2025Q4,2026-02-14,5,DXC,False,not_member_sp500_on_entry,False,True,False,False
2025Q4,2026-02-14,5,DXCM,True,eligible,True,True,True,True
2025Q4,2026-02-14,5,EA,True,eligible,True,True,True,True
2025Q4,2026-02-14,5,EBAY,True,eligible,True,True,True,True
2025Q4,2026-02-14,5,ECL,True,eligible,True,True,True,True
2025Q4,2026-02-14,5,ED,True,eligible,True,True,True,True
2025Q4,2026-02-14,5,EFX,True,eligible,True,True,True,True
2025Q4,2026-02-14,5,EG,False,insufficient_train_history,True,True,True,False
2025Q4,2026-02-14,5,EIX,True,eligible,True,True,True,True
2025Q4,2026-02-14,5,EL,True,eligible,True,True,True,True
2025Q4,2026-02-14,5,ELV,True,eligible,True,True,True,True
2025Q4,2026-02-14,5,EME,True,eligible,True,True,True,True
2025Q4,2026-02-14,5,EMN,False,not_member_sp500_on_entry,False,True,False,False
2025Q4,2026-02-14,5,EMR,True,eligible,True,True,True,True
2025Q4,2026-02-14,5,ENPH,False,not_member_sp500_on_entry,False,True,False,False
2025Q4,2026-02-14,5,EOG,True,eligible,True,True,True,True
2025Q4,2026-02-14,5,EPAM,True,eligible,True,True,True,True
2025Q4,2026-02-14,5,EQIX,True,eligible,True,True,True,True
2025Q4,2026-02-14,5,EQR,True,eligible,True,True,True,True
2025Q4,2026-02-14,5,EQT,True,eligible,True,True,True,True
2025Q4,2026-02-14,5,ERIE,True,eligible,True,True,True,True
2025Q4,2026-02-14,5,ES,False,insufficient_train_history,True,True,True,False
2025Q4,2026-02-14,5,ESRX,False,not_member_sp500_on_entry,False,True,False,False
2025Q4,2026-02-14,5,ESS,False,insufficient_train_history,True,True,True,False
2025Q4,2026-02-14,5,ETN,True,eligible,True,True,True,True
2025Q4,2026-02-14,5,ETR,False,insufficient_train_history,True,True,True,False
2025Q4,2026-02-14,5,ETSY,False,not_member_sp500_on_entry,False,True,False,False
2025Q4,2026-02-14,5,EVRG,True,eligible,True,True,True,True
2025Q4,2026-02-14,5,EW,True,eligible,True,True,True,True
2025Q4,2026-02-14,5,EXC,True,eligible,True,True,True,True
2025Q4,2026-02-14,5,EXE,False,insufficient_train_history,True,True,True,False
2025Q4,2026-02-14,5,EXPD,True,eligible,True,True,True,True
2025Q4,2026-02-14,5,EXPE,True,eligible,True,True,True,True
2025Q4,2026-02-14,5,EXR,True,eligible,True,True,True,True
2025Q4,2026-02-14,5,F,True,eligible,True,True,True,True
2025Q4,2026-02-14,5,FANG,True,eligible,True,True,True,True
2025Q4,2026-02-14,5,FAST,True,eligible,True,True,True,True
2025Q4,2026-02-14,5,FCX,True,eligible,True,True,True,True
2025Q4,2026-02-14,5,FDS,True,eligible,True,True,True,True
2025Q4,2026-02-14,5,FDX,True,eligible,True,True,True,True
2025Q4,2026-02-14,5,FE,True,eligible,True,True,True,True
2025Q4,2026-02-14,5,FFIV,True,eligible,True,True,True,True
2025Q4,2026-02-14,5,FICO,True,eligible,True,True,True,True
2025Q4,2026-02-14,5,FIS,True,eligible,True,True,True,True
2025Q4,2026-02-14,5,FISV,True,eligible,True,True,True,True
2025Q4,2026-02-14,5,FITB,True,eligible,True,True,True,True
2025Q4,2026-02-14,5,FIX,True,eligible,True,True,True,True
2025Q4,2026-02-14,5,FLR,False,not_member_sp500_on_entry,False,True,False,False
2025Q4,2026-02-14,5,FLS,False,not_member_sp500_on_entry,False,True,False,False
2025Q4,2026-02-14,5,FMC,False,not_member_sp500_on_entry,False,True,False,False
2025Q4,2026-02-14,5,FOX,False,no_snapshot_in_analysis_quarter,True,False,False,False
2025Q4,2026-02-14,5,FOXA,True,eligible,True,True,True,True
2025Q4,2026-02-14,5,FRT,False,insufficient_train_history,True,True,True,False
2025Q4,2026-02-14,5,FSLR,True,eligible,True,True,True,True
2025Q4,2026-02-14,5,FTI,False,not_member_sp500_on_entry,False,True,False,False
2025Q4,2026-02-14,5,FTNT,True,eligible,True,True,True,True
2025Q4,2026-02-14,5,FTV,True,eligible,True,True,True,True
2025Q4,2026-02-14,5,GD,True,eligible,True,True,True,True
2025Q4,2026-02-14,5,GDDY,True,eligible,True,True,True,True
2025Q4,2026-02-14,5,GE,True,eligible,True,True,True,True
2025Q4,2026-02-14,5,GEHC,False,insufficient_train_history,True,True,True,False
2025Q4,2026-02-14,5,GEN,True,eligible,True,True,True,True
2025Q4,2026-02-14,5,GEV,False,insufficient_train_history,True,True,True,False
2025Q4,2026-02-14,5,GILD,True,eligible,True,True,True,True
2025Q4,2026-02-14,5,GIS,True,eligible,True,True,True,True
2025Q4,2026-02-14,5,GL,True,eligible,True,True,True,True
2025Q4,2026-02-14,5,GLW,True,eligible,True,True,True,True
2025Q4,2026-02-14,5,GM,True,eligible,True,True,True,True
2025Q4,2026-02-14,5,GNRC,True,eligible,True,True,True,True
2025Q4,2026-02-14,5,GOOG,False,insufficient_train_history,True,True,True,False
2025Q4,2026-02-14,5,GOOGL,True,eligible,True,True,True,True
2025Q4,2026-02-14,5,GPC,True,eligible,True,True,True,True
2025Q4,2026-02-14,5,GPN,True,eligible,True,True,True,True
2025Q4,2026-02-14,5,GRMN,True,eligible,True,True,True,True
2025Q4,2026-02-14,5,GS,True,eligible,True,True,True,True
2025Q4,2026-02-14,5,GT,False,not_member_sp500_on_entry,False,True,False,False
2025Q4,2026-02-14,5,GWW,True,eligible,True,True,True,True
2025Q4,2026-02-14,5,HAL,True,eligible,True,True,True,True
2025Q4,2026-02-14,5,HAS,True,eligible,True,True,True,True
2025Q4,2026-02-14,5,HBAN,True,eligible,True,True,True,True
2025Q4,2026-02-14,5,HCA,True,eligible,True,True,True,True
2025Q4,2026-02-14,5,HD,True,eligible,True,True,True,True
2025Q4,2026-02-14,5,HIG,True,eligible,True,True,True,True
2025Q4,2026-02-14,5,HII,True,eligible,True,True,True,True
2025Q4,2026-02-14,5,HLT,True,eligible,True,True,True,True
2025Q4,2026-02-14,5,HOG,False,not_member_sp500_on_entry,False,True,False,False
2025Q4,2026-02-14,5,HOLX,True,eligible,True,True,True,True
2025Q4,2026-02-14,5,HON,True,eligible,True,True,True,True
2025Q4,2026-02-14,5,HOOD,False,insufficient_train_history,True,True,True,False
2025Q4,2026-02-14,5,HP,False,not_member_sp500_on_entry,False,True,False,False
2025Q4,2026-02-14,5,HPE,True,eligible,True,True,True,True
2025Q4,2026-02-14,5,HPQ,True,eligible,True,True,True,True
2025Q4,2026-02-14,5,HRB,False,not_member_sp500_on_entry,False,True,False,False
2025Q4,2026-02-14,5,HRL,True,eligible,True,True,True,True
2025Q4,2026-02-14,5,HSIC,True,eligible,True,True,True,True
2025Q4,2026-02-14,5,HST,False,insufficient_train_history,True,True,True,False
2025Q4,2026-02-14,5,HSY,True,eligible,True,True,True,True
2025Q4,2026-02-14,5,HUBB,True,eligible,True,True,True,True
2025Q4,2026-02-14,5,HUM,True,eligible,True,True,True,True
2025Q4,2026-02-14,5,HWM,True,eligible,True,True,True,True
2025Q4,2026-02-14,5,IBKR,True,eligible,True,True,True,True
2025Q4,2026-02-14,5,IBM,True,eligible,True,True,True,True
2025Q4,2026-02-14,5,ICE,True,eligible,True,True,True,True
2025Q4,2026-02-14,5,IDXX,True,eligible,True,True,True,True
2025Q4,2026-02-14,5,IEX,True,eligible,True,True,True,True
2025Q4,2026-02-14,5,IFF,True,eligible,True,True,True,True
2025Q4,2026-02-14,5,ILMN,False,not_member_sp500_on_entry,False,True,False,False
2025Q4,2026-02-14,5,INCY,True,eligible,True,True,True,True
2025Q4,2026-02-14,5,INTC,True,eligible,True,True,True,True
2025Q4,2026-02-14,5,INTU,True,eligible,True,True,True,True
2025Q4,2026-02-14,5,INVH,True,eligible,True,True,True,True
2025Q4,2026-02-14,5,IP,True,eligible,True,True,True,True
2025Q4,2026-02-14,5,IPGP,False,not_member_sp500_on_entry,False,True,False,False
2025Q4,2026-02-14,5,IQV,True,eligible,True,True,True,True
2025Q4,2026-02-14,5,IR,True,eligible,True,True,True,True
2025Q4,2026-02-14,5,IRM,True,eligible,True,True,True,True
2025Q4,2026-02-14,5,ISRG,True,eligible,True,True,True,True
2025Q4,2026-02-14,5,IT,True,eligible,True,True,True,True
2025Q4,2026-02-14,5,ITW,True,eligible,True,True,True,True
2025Q4,2026-02-14,5,IVZ,True,eligible,True,True,True,True
2025Q4,2026-02-14,5,J,True,eligible,True,True,True,True
2025Q4,2026-02-14,5,JBHT,True,eligible,True,True,True,True
2025Q4,2026-02-14,5,JBL,True,eligible,True,True,True,True
2025Q4,2026-02-14,5,JCI,True,eligible,True,True,True,True
2025Q4,2026-02-14,5,JEF,False,not_member_sp500_on_entry,False,True,False,False
2025Q4,2026-02-14,5,JKHY,True,eligible,True,True,True,True
2025Q4,2026-02-14,5,JNJ,True,eligible,True,True,True,True
2025Q4,2026-02-14,5,JPM,True,eligible,True,True,True,True
2025Q4,2026-02-14,5,KDP,True,eligible,True,True,True,True
2025Q4,2026-02-14,5,KEY,True,eligible,True,True,True,True
2025Q4,2026-02-14,5,KEYS,True,eligible,True,True,True,True
2025Q4,2026-02-14,5,KHC,True,eligible,True,True,True,True
2025Q4,2026-02-14,5,KIM,False,insufficient_train_history,True,True,True,False
2025Q4,2026-02-14,5,KKR,True,eligible,True,True,True,True
2025Q4,2026-02-14,5,KLAC,True,eligible,True,True,True,True
2025Q4,2026-02-14,5,KMB,True,eligible,True,True,True,True
2025Q4,2026-02-14,5,KMI,True,eligible,True,True,True,True
2025Q4,2026-02-14,5,KMX,False,not_member_sp500_on_entry,False,True,False,False
2025Q4,2026-02-14,5,KO,True,eligible,True,True,True,True
2025Q4,2026-02-14,5,KR,True,eligible,True,True,True,True
2025Q4,2026-02-14,5,KSS,False,not_member_sp500_on_entry,False,True,False,False
2025Q4,2026-02-14,5,KVUE,False,insufficient_train_history,True,True,True,False
2025Q4,2026-02-14,5,L,True,eligible,True,True,True,True
2025Q4,2026-02-14,5,LB,False,not_member_sp500_on_entry,False,True,False,False
2025Q4,2026-02-14,5,LDOS,True,eligible,True,True,True,True
2025Q4,2026-02-14,5,LEG,False,not_member_sp500_on_entry,False,True,False,False
2025Q4,2026-02-14,5,LEN,True,eligible,True,True,True,True
2025Q4,2026-02-14,5,LH,True,eligible,True,True,True,True
2025Q4,2026-02-14,5,LHX,True,eligible,True,True,True,True
2025Q4,2026-02-14,5,LII,True,eligible,True,True,True,True
2025Q4,2026-02-14,5,LIN,True,eligible,True,True,True,True
2025Q4,2026-02-14,5,LKQ,False,not_member_sp500_on_entry,False,True,False,False
2025Q4,2026-02-14,5,LLY,True,eligible,True,True,True,True
2025Q4,2026-02-14,5,LMT,True,eligible,True,True,True,True
2025Q4,2026-02-14,5,LNC,False,not_member_sp500_on_entry,False,True,False,False
2025Q4,2026-02-14,5,LNT,False,insufficient_train_history,True,True,True,False
2025Q4,2026-02-14,5,LOW,True,eligible,True,True,True,True
2025Q4,2026-02-14,5,LRCX,True,eligible,True,True,True,True
2025Q4,2026-02-14,5,LULU,True,eligible,True,True,True,True
2025Q4,2026-02-14,5,LUMN,False,not_member_sp500_on_entry,False,True,False,False
2025Q4,2026-02-14,5,LUV,True,eligible,True,True,True,True
2025Q4,2026-02-14,5,LVS,True,eligible,True,True,True,True
2025Q4,2026-02-14,5,LW,True,eligible,True,True,True,True
2025Q4,2026-02-14,5,LYB,True,eligible,True,True,True,True
2025Q4,2026-02-14,5,LYV,True,eligible,True,True,True,True
2025Q4,2026-02-14,5,M,False,not_member_sp500_on_entry,False,True,False,False
2025Q4,2026-02-14,5,MA,True,eligible,True,True,True,True
2025Q4,2026-02-14,5,MAA,True,eligible,True,True,True,True
2025Q4,2026-02-14,5,MAC,False,not_member_sp500_on_entry,False,True,False,False
2025Q4,2026-02-14,5,MAR,True,eligible,True,True,True,True
2025Q4,2026-02-14,5,MAS,True,eligible,True,True,True,True
2025Q4,2026-02-14,5,MAT,False,not_member_sp500_on_entry,False,True,False,False
2025Q4,2026-02-14,5,MCD,True,eligible,True,True,True,True
2025Q4,2026-02-14,5,MCHP,True,eligible,True,True,True,True
2025Q4,2026-02-14,5,MCK,True,eligible,True,True,True,True
2025Q4,2026-02-14,5,MCO,True,eligible,True,True,True,True
2025Q4,2026-02-14,5,MDLZ,True,eligible,True,True,True,True
2025Q4,2026-02-14,5,MDT,True,eligible,True,True,True,True
2025Q4,2026-02-14,5,MET,True,eligible,True,True,True,True
2025Q4,2026-02-14,5,META,True,eligible,True,True,True,True
2025Q4,2026-02-14,5,MGM,True,eligible,True,True,True,True
2025Q4,2026-02-14,5,MHK,False,not_member_sp500_on_entry,False,True,False,False
2025Q4,2026-02-14,5,MKC,True,eligible,True,True,True,True
2025Q4,2026-02-14,5,MKTX,False,not_member_sp500_on_entry,False,True,False,False
2025Q4,2026-02-14,5,MLM,True,eligible,True,True,True,True
2025Q4,2026-02-14,5,MMM,True,eligible,True,True,True,True
2025Q4,2026-02-14,5,MNST,True,eligible,True,True,True,True
2025Q4,2026-02-14,5,MO,True,eligible,True,True,True,True
2025Q4,2026-02-14,5,MOH,True,eligible,True,True,True,True
2025Q4,2026-02-14,5,MOS,True,eligible,True,True,True,True
2025Q4,2026-02-14,5,MPC,True,eligible,True,True,True,True
2025Q4,2026-02-14,5,MPWR,True,eligible,True,True,True,True
2025Q4,2026-02-14,5,MRK,True,eligible,True,True,True,True
2025Q4,2026-02-14,5,MRNA,True,eligible,True,True,True,True
2025Q4,2026-02-14,5,MRSH,False,no_snapshot_in_analysis_quarter,True,False,False,False
2025Q4,2026-02-14,5,MS,True,eligible,True,True,True,True
2025Q4,2026-02-14,5,MSCI,True,eligible,True,True,True,True
2025Q4,2026-02-14,5,MSFT,True,eligible,True,True,True,True
2025Q4,2026-02-14,5,MSI,True,eligible,True,True,True,True
2025Q4,2026-02-14,5,MTB,True,eligible,True,True,True,True
2025Q4,2026-02-14,5,MTCH,True,eligible,True,True,True,True
2025Q4,2026-02-14,5,MTD,True,eligible,True,True,True,True
2025Q4,2026-02-14,5,MU,True,eligible,True,True,True,True
2025Q4,2026-02-14,5,NCLH,True,eligible,True,True,True,True
2025Q4,2026-02-14,5,NDAQ,True,eligible,True,True,True,True
2025Q4,2026-02-14,5,NDSN,True,eligible,True,True,True,True
2025Q4,2026-02-14,5,NEE,False,insufficient_train_history,True,True,True,False
2025Q4,2026-02-14,5,NEM,True,eligible,True,True,True,True
2025Q4,2026-02-14,5,NFLX,True,eligible,True,True,True,True
2025Q4,2026-02-14,5,NFX,False,not_member_sp500_on_entry,False,True,False,False
2025Q4,2026-02-14,5,NI,True,eligible,True,True,True,True
2025Q4,2026-02-14,5,NKE,True,eligible,True,True,True,True
2025Q4,2026-02-14,5,NKTR,False,not_member_sp500_on_entry,False,True,False,False
2025Q4,2026-02-14,5,NOC,True,eligible,True,True,True,True
2025Q4,2026-02-14,5,NOV,False,not_member_sp500_on_entry,False,True,False,False
2025Q4,2026-02-14,5,NOW,True,eligible,True,True,True,True
2025Q4,2026-02-14,5,NRG,True,eligible,True,True,True,True
2025Q4,2026-02-14,5,NSC,True,eligible,True,True,True,True
2025Q4,2026-02-14,5,NTAP,True,eligible,True,True,True,True
2025Q4,2026-02-14,5,NTRS,True,eligible,True,True,True,True
2025Q4,2026-02-14,5,NUE,True,eligible,True,True,True,True
2025Q4,2026-02-14,5,NVDA,True,eligible,True,True,True,True
2025Q4,2026-02-14,5,NVR,True,eligible,True,True,True,True
2025Q4,2026-02-14,5,NWL,False,not_member_sp500_on_entry,False,True,False,False
2025Q4,2026-02-14,5,NWS,False,no_snapshot_in_analysis_quarter,True,False,False,False
2025Q4,2026-02-14,5,NWSA,True,eligible,True,True,True,True
2025Q4,2026-02-14,5,NXPI,True,eligible,True,True,True,True
2025Q4,2026-02-14,5,O,True,eligible,True,True,True,True
2025Q4,2026-02-14,5,ODFL,True,eligible,True,True,True,True
2025Q4,2026-02-14,5,OGN,False,not_member_sp500_on_entry,False,True,False,False
2025Q4,2026-02-14,5,OKE,True,eligible,True,True,True,True
2025Q4,2026-02-14,5,OMC,True,eligible,True,True,True,True
2025Q4,2026-02-14,5,ON,True,eligible,True,True,True,True
2025Q4,2026-02-14,5,ORCL,True,eligible,True,True,True,True
2025Q4,2026-02-14,5,ORLY,True,eligible,True,True,True,True
2025Q4,2026-02-14,5,OTIS,True,eligible,True,True,True,True
2025Q4,2026-02-14,5,OXY,True,eligible,True,True,True,True
2025Q4,2026-02-14,5,PANW,True,eligible,True,True,True,True
2025Q4,2026-02-14,5,PAYC,True,eligible,True,True,True,True
2025Q4,2026-02-14,5,PAYX,True,eligible,True,True,True,True
2025Q4,2026-02-14,5,PCAR,True,eligible,True,True,True,True
2025Q4,2026-02-14,5,PCG,True,eligible,True,True,True,True
2025Q4,2026-02-14,5,PEG,True,eligible,True,True,True,True
2025Q4,2026-02-14,5,PENN,False,not_member_sp500_on_entry,False,True,False,False
2025Q4,2026-02-14,5,PEP,True,eligible,True,True,True,True
2025Q4,2026-02-14,5,PFE,True,eligible,True,True,True,True
2025Q4,2026-02-14,5,PFG,True,eligible,True,True,True,True
2025Q4,2026-02-14,5,PG,True,eligible,True,True,True,True
2025Q4,2026-02-14,5,PGR,True,eligible,True,True,True,True
2025Q4,2026-02-14,5,PH,True,eligible,True,True,True,True
2025Q4,2026-02-14,5,PHM,True,eligible,True,True,True,True
2025Q4,2026-02-14,5,PKG,True,eligible,True,True,True,True
2025Q4,2026-02-14,5,PLD,True,eligible,True,True,True,True
2025Q4,2026-02-14,5,PLTR,True,eligible,True,True,True,True
2025Q4,2026-02-14,5,PM,True,eligible,True,True,True,True
2025Q4,2026-02-14,5,PNC,True,eligible,True,True,True,True
2025Q4,2026-02-14,5,PNR,True,eligible,True,True,True,True
2025Q4,2026-02-14,5,PNW,False,insufficient_train_history,True,True,True,False
2025Q4,2026-02-14,5,PODD,True,eligible,True,True,True,True
2025Q4,2026-02-14,5,POOL,True,eligible,True,True,True,True
2025Q4,2026-02-14,5,PPG,True,eligible,True,True,True,True
2025Q4,2026-02-14,5,PPL,False,insufficient_train_history,True,True,True,False
2025Q4,2026-02-14,5,PRGO,False,not_member_sp500_on_entry,False,True,False,False
2025Q4,2026-02-14,5,PRU,True,eligible,True,True,True,True
2025Q4,2026-02-14,5,PSA,True,eligible,True,True,True,True
2025Q4,2026-02-14,5,PSKY,False,no_snapshot_in_analysis_quarter,True,False,False,False
2025Q4,2026-02-14,5,PSX,True,eligible,True,True,True,True
2025Q4,2026-02-14,5,PTC,True,eligible,True,True,True,True
2025Q4,2026-02-14,5,PVH,False,not_member_sp500_on_entry,False,True,False,False
2025Q4,2026-02-14,5,PWR,True,eligible,True,True,True,True
2025Q4,2026-02-14,5,PX,False,not_member_sp500_on_entry,False,True,False,False
2025Q4,2026-02-14,5,PYPL,True,eligible,True,True,True,True
2025Q4,2026-02-14,5,Q,False,no_snapshot_in_analysis_quarter,True,False,False,False
2025Q4,2026-02-14,5,QCOM,True,eligible,True,True,True,True
2025Q4,2026-02-14,5,QRVO,False,not_member_sp500_on_entry,False,True,False,False
2025Q4,2026-02-14,5,RCL,True,eligible,True,True,True,True
2025Q4,2026-02-14,5,REG,True,eligible,True,True,True,True
2025Q4,2026-02-14,5,REGN,True,eligible,True,True,True,True
2025Q4,2026-02-14,5,RF,True,eligible,True,True,True,True
2025Q4,2026-02-14,5,RHI,False,not_member_sp500_on_entry,False,True,False,False
2025Q4,2026-02-14,5,RJF,True,eligible,True,True,True,True
2025Q4,2026-02-14,5,RL,True,eligible,True,True,True,True
2025Q4,2026-02-14,5,RMD,True,eligible,True,True,True,True
2025Q4,2026-02-14,5,ROK,True,eligible,True,True,True,True
2025Q4,2026-02-14,5,ROL,True,eligible,True,True,True,True
2025Q4,2026-02-14,5,ROP,True,eligible,True,True,True,True
2025Q4,2026-02-14,5,ROST,True,eligible,True,True,True,True
2025Q4,2026-02-14,5,RSG,True,eligible,True,True,True,True
2025Q4,2026-02-14,5,RTX,True,eligible,True,True,True,True
2025Q4,2026-02-14,5,RVTY,False,insufficient_train_history,True,True,True,False
2025Q4,2026-02-14,5,SBAC,True,eligible,True,True,True,True
2025Q4,2026-02-14,5,SBUX,True,eligible,True,True,True,True
2025Q4,2026-02-14,5,SCG,False,not_member_sp500_on_entry,False,True,False,False
2025Q4,2026-02-14,5,SCHW,True,eligible,True,True,True,True
2025Q4,2026-02-14,5,SEDG,False,not_member_sp500_on_entry,False,True,False,False
2025Q4,2026-02-14,5,SEE,False,not_member_sp500_on_entry,False,True,False,False
2025Q4,2026-02-14,5,SHW,True,eligible,True,True,True,True
2025Q4,2026-02-14,5,SJM,True,eligible,True,True,True,True
2025Q4,2026-02-14,5,SLB,True,eligible,True,True,True,True
2025Q4,2026-02-14,5,SLG,False,not_member_sp500_on_entry,False,True,False,False
2025Q4,2026-02-14,5,SMCI,True,eligible,True,True,True,True
2025Q4,2026-02-14,5,SNA,True,eligible,True,True,True,True
2025Q4,2026-02-14,5,SNDK,False,insufficient_train_history,True,True,True,False
2025Q4,2026-02-14,5,SNPS,True,eligible,True,True,True,True
2025Q4,2026-02-14,5,SO,False,insufficient_train_history,True,True,True,False
2025Q4,2026-02-14,5,SOLS,False,not_member_sp500_on_entry,False,True,False,False
2025Q4,2026-02-14,5,SOLV,False,insufficient_train_history,True,True,True,False
2025Q4,2026-02-14,5,SPG,False,insufficient_train_history,True,True,True,False
2025Q4,2026-02-14,5,SPGI,True,eligible,True,True,True,True
2025Q4,2026-02-14,5,SRE,True,eligible,True,True,True,True
2025Q4,2026-02-14,5,STE,True,eligible,True,True,True,True
2025Q4,2026-02-14,5,STI,False,not_member_sp500_on_entry,False,True,False,False
2025Q4,2026-02-14,5,STLD,True,eligible,True,True,True,True
2025Q4,2026-02-14,5,STT,True,eligible,True,True,True,True
2025Q4,2026-02-14,5,STX,True,eligible,True,True,True,True
2025Q4,2026-02-14,5,STZ,True,eligible,True,True,True,True
2025Q4,2026-02-14,5,SW,False,insufficient_train_history,True,True,True,False
2025Q4,2026-02-14,5,SWK,True,eligible,True,True,True,True
2025Q4,2026-02-14,5,SWKS,True,eligible,True,True,True,True
2025Q4,2026-02-14,5,SYF,True,eligible,True,True,True,True
2025Q4,2026-02-14,5,SYK,True,eligible,True,True,True,True
2025Q4,2026-02-14,5,SYY,True,eligible,True,True,True,True
2025Q4,2026-02-14,5,T,True,eligible,True,True,True,True
2025Q4,2026-02-14,5,TAP,True,eligible,True,True,True,True
2025Q4,2026-02-14,5,TDG,True,eligible,True,True,True,True
2025Q4,2026-02-14,5,TDY,True,eligible,True,True,True,True
2025Q4,2026-02-14,5,TECH,True,eligible,True,True,True,True
2025Q4,2026-02-14,5,TEL,True,eligible,True,True,True,True
2025Q4,2026-02-14,5,TER,True,eligible,True,True,True,True
2025Q4,2026-02-14,5,TFC,True,eligible,True,True,True,True
2025Q4,2026-02-14,5,TFX,False,not_member_sp500_on_entry,False,True,False,False
2025Q4,2026-02-14,5,TGT,True,eligible,True,True,True,True
2025Q4,2026-02-14,5,TJX,True,eligible,True,True,True,True
2025Q4,2026-02-14,5,TKO,False,insufficient_train_history,True,True,True,False
2025Q4,2026-02-14,5,TMO,True,eligible,True,True,True,True
2025Q4,2026-02-14,5,TMUS,True,eligible,True,True,True,True
2025Q4,2026-02-14,5,TPL,True,eligible,True,True,True,True
2025Q4,2026-02-14,5,TPR,True,eligible,True,True,True,True
2025Q4,2026-02-14,5,TRGP,True,eligible,True,True,True,True
2025Q4,2026-02-14,5,TRIP,False,not_member_sp500_on_entry,False,True,False,False
2025Q4,2026-02-14,5,TRMB,True,eligible,True,True,True,True
2025Q4,2026-02-14,5,TROW,True,eligible,True,True,True,True
2025Q4,2026-02-14,5,TRV,True,eligible,True,True,True,True
2025Q4,2026-02-14,5,TSCO,True,eligible,True,True,True,True
2025Q4,2026-02-14,5,TSLA,True,eligible,True,True,True,True
2025Q4,2026-02-14,5,TSN,True,eligible,True,True,True,True
2025Q4,2026-02-14,5,TT,True,eligible,True,True,True,True
2025Q4,2026-02-14,5,TTD,True,eligible,True,True,True,True
2025Q4,2026-02-14,5,TTWO,True,eligible,True,True,True,True
2025Q4,2026-02-14,5,TXN,True,eligible,True,True,True,True
2025Q4,2026-02-14,5,TXT,True,eligible,True,True,True,True
2025Q4,2026-02-14,5,TYL,True,eligible,True,True,True,True
2025Q4,2026-02-14,5,UAA,False,not_member_sp500_on_entry,False,True,False,False
2025Q4,2026-02-14,5,UAL,True,eligible,True,True,True,True
2025Q4,2026-02-14,5,UBER,True,eligible,True,True,True,True
2025Q4,2026-02-14,5,UDR,True,eligible,True,True,True,True
2025Q4,2026-02-14,5,UHS,True,eligible,True,True,True,True
2025Q4,2026-02-14,5,ULTA,True,eligible,True,True,True,True
2025Q4,2026-02-14,5,UNH,True,eligible,True,True,True,True
2025Q4,2026-02-14,5,UNM,False,not_member_sp500_on_entry,False,True,False,False
2025Q4,2026-02-14,5,UNP,True,eligible,True,True,True,True
2025Q4,2026-02-14,5,UPS,True,eligible,True,True,True,True
2025Q4,2026-02-14,5,URI,False,insufficient_train_history,True,True,True,False
2025Q4,2026-02-14,5,USB,True,eligible,True,True,True,True
2025Q4,2026-02-14,5,V,True,eligible,True,True,True,True
2025Q4,2026-02-14,5,VFC,False,not_member_sp500_on_entry,False,True,False,False
2025Q4,2026-02-14,5,VICI,True,eligible,True,True,True,True
2025Q4,2026-02-14,5,VLO,True,eligible,True,True,True,True
2025Q4,2026-02-14,5,VLTO,False,insufficient_train_history,True,True,True,False
2025Q4,2026-02-14,5,VMC,True,eligible,True,True,True,True
2025Q4,2026-02-14,5,VNO,False,not_member_sp500_on_entry,False,True,False,False
2025Q4,2026-02-14,5,VNT,False,not_member_sp500_on_entry,False,True,False,False
2025Q4,2026-02-14,5,VRSK,True,eligible,True,True,True,True
2025Q4,2026-02-14,5,VRSN,True,eligible,True,True,True,True
2025Q4,2026-02-14,5,VRTX,True,eligible,True,True,True,True
2025Q4,2026-02-14,5,VST,True,eligible,True,True,True,True
2025Q4,2026-02-14,5,VTR,True,eligible,True,True,True,True
2025Q4,2026-02-14,5,VTRS,True,eligible,True,True,True,True
2025Q4,2026-02-14,5,VZ,True,eligible,True,True,True,True
2025Q4,2026-02-14,5,WAB,True,eligible,True,True,True,True
2025Q4,2026-02-14,5,WAT,True,eligible,True,True,True,True
2025Q4,2026-02-14,5,WBD,True,eligible,True,True,True,True
2025Q4,2026-02-14,5,WDAY,True,eligible,True,True,True,True
2025Q4,2026-02-14,5,WDC,True,eligible,True,True,True,True
2025Q4,2026-02-14,5,WEC,True,eligible,True,True,True,True
2025Q4,2026-02-14,5,WELL,True,eligible,True,True,True,True
2025Q4,2026-02-14,5,WFC,True,eligible,True,True,True,True
2025Q4,2026-02-14,5,WHR,False,not_member_sp500_on_entry,False,True,False,False
2025Q4,2026-02-14,5,WM,True,eligible,True,True,True,True
2025Q4,2026-02-14,5,WMB,True,eligible,True,True,True,True
2025Q4,2026-02-14,5,WMT,True,eligible,True,True,True,True
2025Q4,2026-02-14,5,WRB,True,eligible,True,True,True,True
2025Q4,2026-02-14,5,WSM,True,eligible,True,True,True,True
2025Q4,2026-02-14,5,WST,True,eligible,True,True,True,True
2025Q4,2026-02-14,5,WTW,True,eligible,True,True,True,True
2025Q4,2026-02-14,5,WU,False,not_member_sp500_on_entry,False,True,False,False
2025Q4,2026-02-14,5,WY,True,eligible,True,True,True,True
2025Q4,2026-02-14,5,WYNN,True,eligible,True,True,True,True
2025Q4,2026-02-14,5,XEL,True,eligible,True,True,True,True
2025Q4,2026-02-14,5,XOM,True,eligible,True,True,True,True
2025Q4,2026-02-14,5,XRAY,False,not_member_sp500_on_entry,False,True,False,False
2025Q4,2026-02-14,5,XRX,False,not_member_sp500_on_entry,False,True,False,False
2025Q4,2026-02-14,5,XYL,True,eligible,True,True,True,True
2025Q4,2026-02-14,5,XYZ,False,insufficient_train_history,True,True,True,False
2025Q4,2026-02-14,5,YUM,True,eligible,True,True,True,True
2025Q4,2026-02-14,5,ZBH,True,eligible,True,True,True,True
2025Q4,2026-02-14,5,ZBRA,True,eligible,True,True,True,True
2025Q4,2026-02-14,5,ZION,False,not_member_sp500_on_entry,False,True,False,False
2025Q4,2026-02-14,5,ZTS,True,eligible,True,True,True,True
